B,B_norm,F1,FPS,M1,Q1,Q_aux,Q_discriminator,Q_fb,actor_loss,auxQ1,aux_critic_loss,aux_rew/limits_dof_pos,aux_rew/limits_torque,aux_rew/penalty_action_rate,aux_rew/penalty_ankle_roll,aux_rew/penalty_feet_ori,aux_rew/penalty_slippage,aux_rew/penalty_torques,aux_rew/penalty_undesired_contact,critic_loss,disc_expert_loss,disc_loss,disc_train_loss,disc_wgan_gp_loss,duration [minutes],fb_diag,fb_loss,fb_offdiag,mean_aux_reward,mean_disc_reward,mean_next_Q,mean_next_auxQ,orth_loss,orth_loss_diag,orth_loss_offdiag,q_loss,target_M,target_Q,target_auxQ,timestep,unc_Q,unc_auxQ,z_norm
0.00403,11.313243,0.297963,1404.254111730941,5.078003,-34.698978,-28.764872,-34.4748,182.085602,372.644928,-28.09763,1.173846,0.356347,11.650256,196.54068,0.12572,0.296761,0.607667,46366.308594,0.701075,2.470534,0.049472,0.272,0.090547,0.013198,4.557579648494721,-124.374443,-4866.941406,321.870697,-1.502873,-3.163307,-31.865284,-26.863817,-50.644318,-128.0,77.355537,0.0,4.835269,-34.706245,-28.103426,384000,0.643022,0.55935,11.31326
0.011601,11.313223,0.71439,1824.012973297839,27.526611,-109.349052,-62.055729,-108.831085,399.87738,2300.125732,-61.347057,2.463093,0.400805,13.321753,115.032074,0.132824,0.406032,0.626695,47931.203125,0.843063,8.22368,0.016449,0.103113,0.018084,0.006858,8.072016020615896,-140.305954,-5986.936523,450.608704,-1.360474,-4.784985,-106.069679,-60.851566,-62.972332,-127.999985,65.027534,0.0,27.171125,-109.357697,-61.349613,768000,1.274163,0.723239,11.313253
0.012618,11.313223,0.940757,1845.982981448294,43.782448,-158.181641,-71.258568,-157.735367,467.424042,3892.824219,-70.836388,2.487061,0.384418,12.447091,85.365089,0.133413,0.525531,0.578409,45934.261719,0.878687,8.640501,0.014524,0.080069,0.015025,0.005052,11.544758466879527,-147.72496,-5946.730469,531.040222,-1.26021,-4.959235,-155.659866,-70.647385,-63.300556,-127.999985,64.699364,0.0,43.620613,-158.186234,-70.837242,1152000,1.388564,0.698893,11.313282
0.012763,11.313223,1.029188,1831.1130285689335,46.929878,-188.906845,-69.734703,-188.426575,509.763214,5009.458984,-69.457237,2.219518,0.36629,11.786113,66.79747,0.133741,0.59538,0.524028,44212.910156,0.904697,7.224081,0.012996,0.066166,0.013449,0.003972,15.045567035675049,-154.08963,-5996.961914,531.723267,-1.216707,-5.117198,-186.885849,-69.292717,-63.746025,-128.0,64.25386,0.0,46.804047,-188.909897,-69.457283,1536000,1.314318,0.681014,11.313281
0.013108,11.313223,1.04866,1862.560714838905,46.910069,-202.015594,-66.24971,-201.427338,548.340088,5705.467285,-66.033035,1.954039,0.351156,11.177304,55.376553,0.133695,0.606566,0.481757,43585.414062,0.914011,7.028399,0.01381,0.062682,0.014142,0.003473,18.487404827276865,-158.967896,-5992.814453,534.344299,-1.183484,-5.068131,-200.320663,-65.841293,-63.681915,-128.0,64.318024,0.0,46.768135,-202.017227,-66.032982,1920000,1.295231,0.663432,11.313268
0.013152,11.313223,0.669558,1831.3552843865323,47.164772,-206.817474,-62.932858,-206.165421,586.343811,6199.072754,-62.783039,1.733678,0.340388,10.903624,48.430592,0.133674,0.623972,0.44987,43623.726562,0.924837,6.46689,0.013199,0.05722,0.01348,0.003054,21.987753462791442,-163.062546,-6006.669922,542.344482,-1.166798,-5.108359,-205.211334,-62.554108,-63.859436,-128.0,64.140549,0.0,47.017223,-206.818192,-62.783062,2304000,1.230338,0.639185,11.313252
0.012969,11.313223,0.48455,1847.0739795055447,46.836948,-212.158997,-60.716576,-211.636139,634.236145,6851.041504,-60.573013,1.517089,0.332514,10.942935,41.63039,0.134004,0.629549,0.432772,44278.566406,0.928386,5.956912,0.013164,0.054428,0.013408,0.002786,25.458531697591145,-166.301666,-5983.833984,562.678467,-1.202076,-5.110226,-210.698242,-60.284275,-63.801971,-128.0,64.197983,0.0,46.67334,-212.158936,-60.573006,2688000,1.15279,0.59702,11.313256
0.013426,11.313223,0.502419,1829.1988879889764,46.307129,-219.560165,-63.205441,-219.164795,676.032471,7591.759766,-62.988735,1.759331,0.324527,10.836119,30.087599,0.134469,0.660501,0.404499,44002.542969,0.949083,6.746301,0.012139,0.049226,0.01234,0.002475,28.962618911266325,-167.397552,-5925.782715,620.70813,-1.415507,-5.167097,-218.20372,-62.523365,-63.790791,-127.999985,64.209145,0.0,46.129139,-219.561722,-62.989143,3072000,1.132111,0.613739,11.313256
0.013552,11.313223,0.774593,1836.4018343723722,44.903324,-225.52002,-74.159065,-225.297119,699.757812,8227.523438,-73.862831,1.873573,0.311711,10.187002,17.545719,0.134776,0.710759,0.35799,42796.117188,0.960266,6.435937,0.011689,0.04612,0.011872,0.002256,32.45361338853836,-167.187378,-5905.186035,633.852844,-1.960685,-5.146812,-224.343826,-73.059258,-63.718548,-127.999985,64.281387,0.0,44.690876,-225.520554,-73.863838,3456000,1.053947,0.622835,11.313233
0.013823,11.313223,0.88848,1768.4235890390526,45.212345,-231.240097,-91.985115,-231.020599,712.427979,8832.433594,-91.715393,2.419928,0.300791,9.839662,13.211526,0.135038,0.725717,0.327822,41531.894531,0.965427,5.957736,0.010965,0.042027,0.011168,0.001989,36.07844953536987,-168.504883,-5882.569336,665.47583,-2.353056,-5.190877,-230.137039,-90.838997,-63.795467,-128.0,64.20446,0.0,45.003868,-231.240936,-91.716591,3840000,1.051924,0.69635,11.313231
0.013611,11.313223,0.724372,1816.2845604130046,45.722099,-232.832809,-105.838242,-232.600769,711.36084,9075.068359,-105.64975,2.569889,0.28214,9.463179,11.120049,0.135272,0.704146,0.305996,38765.707031,0.967274,6.454839,0.011086,0.04045,0.011276,0.001809,39.6078359524409,-167.361786,-5834.107422,703.308167,-2.444523,-5.149216,-231.795609,-104.934258,-63.700542,-128.0,64.299355,0.0,45.521717,-232.83374,-105.650658,4224000,1.070321,0.756565,11.313235
0.013314,11.313223,0.495521,1738.8139083591018,46.862793,-232.529907,-114.241486,-232.219269,691.561707,8925.03418,-114.020981,2.534856,0.266456,9.203432,9.660512,0.135641,0.714441,0.290468,35913.988281,0.96678,6.217371,0.010939,0.038446,0.011125,0.001638,43.293132372697194,-169.468002,-5886.419434,665.757568,-2.494012,-5.176714,-231.45639,-113.411301,-63.827,-128.0,64.172859,0.0,46.678818,-232.529709,-114.021919,4608000,1.073931,0.78488,11.313238
0.013142,11.313223,0.237073,1739.5193889147167,47.142078,-231.708847,-119.965675,-231.415604,711.387329,9234.679688,-119.733498,2.350833,0.246437,8.800735,8.570923,0.136048,0.720099,0.277085,32018.097656,0.96396,6.054773,0.011272,0.037781,0.011513,0.0015,46.97766744295756,-173.002228,-5900.24707,646.008118,-2.496527,-5.174086,-230.621826,-119.242592,-63.732483,-127.999985,64.267418,0.0,46.956417,-231.709641,-119.733513,4992000,1.073393,0.774394,11.313233
0.012881,11.313223,0.02669,1738.7970848797536,48.153202,-233.577667,-125.203423,-233.26767,740.95697,9761.674805,-124.96756,2.463177,0.230481,8.225909,7.486252,0.136242,0.739651,0.267379,28074.451172,0.966885,5.321106,0.010949,0.035699,0.011188,0.001356,50.66321133772532,-175.383545,-5948.69873,610.496277,-2.579227,-5.235295,-232.475891,-124.48381,-63.83823,-127.999985,64.16172,0.0,47.983433,-233.577454,-124.96801,5376000,1.05216,0.805343,11.313245
0.012709,11.313223,-0.29515,1738.33036033991,49.690521,-235.681915,-129.771393,-235.38623,769.273499,10283.585938,-129.453857,2.952461,0.206516,7.523873,6.850807,0.136313,0.743245,0.256046,23763.869141,0.964668,5.849521,0.010962,0.034498,0.011229,0.001231,54.34937730630239,-177.559021,-5967.641113,586.25238,-2.650952,-5.282133,-234.576813,-128.975693,-63.763329,-128.0,64.23661,0.0,49.547375,-235.68248,-129.454483,5760000,1.050293,0.832158,11.31326
0.012454,11.313223,-0.245956,1734.9510308503934,49.18351,-238.301224,-135.785492,-237.986053,813.788879,11082.581055,-135.422546,3.146476,0.180069,6.97405,6.498581,0.136263,0.72599,0.243036,20248.392578,0.959753,5.868732,0.010608,0.032561,0.010859,0.001109,58.0437442501386,-180.306061,-5977.664062,581.280579,-2.781878,-5.335298,-237.18895,-134.912506,-63.786274,-127.999985,64.213638,0.0,49.02494,-238.30191,-135.423126,6144000,1.064144,0.87139,11.313249
0.011957,11.313223,-0.422237,1737.286198211216,47.916859,-238.899124,-144.116608,-238.559311,837.160828,11566.303711,-143.679398,3.649639,0.153463,6.431475,6.558785,0.136108,0.688203,0.230937,17039.076172,0.934906,6.115868,0.010917,0.032457,0.011207,0.001033,61.733327404658,-181.279099,-5906.228027,636.482483,-2.927619,-5.329142,-237.791565,-143.166245,-63.614197,-128.0,64.385704,0.0,47.729725,-238.898911,-143.68013,6528000,1.089947,0.917985,11.313271
0.012044,11.313223,-0.072831,1733.091859355291,46.886906,-239.369827,-152.454529,-238.986664,842.287231,11795.774414,-151.972122,3.841366,0.143401,6.080878,6.400362,0.135998,0.687468,0.230378,15688.651367,0.915488,5.680901,0.011067,0.031974,0.011403,0.00095,65.43066871563593,-183.817871,-5937.297852,622.932983,-3.024287,-5.33704,-238.269379,-151.516998,-63.76413,-128.0,64.235809,0.0,46.674274,-239.370102,-151.972244,6912000,1.080035,0.941693,11.313278
0.012269,11.313223,0.330242,1739.2443750043715,46.103447,-238.686371,-158.465546,-238.353088,870.28241,12260.989258,-157.97287,3.991777,0.134234,5.754849,6.522885,0.135752,0.668984,0.237443,14676.233398,0.890598,6.806938,0.011854,0.033157,0.012238,0.000907,69.11593166192372,-185.158249,-5899.043945,649.986877,-3.00258,-5.270321,-237.627686,-157.647644,-63.638702,-127.999985,64.361206,0.0,45.871239,-238.68721,-157.973068,7296000,1.105145,0.971823,11.313282
0.012264,11.313223,0.36636,1738.5201862552856,46.785984,-238.168808,-161.180817,-237.857788,921.286072,13005.055664,-160.764099,3.763892,0.128177,5.508492,6.464711,0.135589,0.655593,0.240548,13911.725586,0.865731,6.507014,0.012185,0.033418,0.012561,0.000867,72.80198871692022,-186.476807,-5895.613281,667.134827,-3.014878,-5.253387,-237.127075,-160.490051,-63.762676,-128.0,64.237251,0.0,46.566078,-238.169312,-160.764145,7680000,1.084442,0.95647,11.313277
0.012303,11.313223,0.431837,1746.8281789204277,49.171432,-234.026306,-159.165878,-233.666183,961.635803,13333.635742,-158.822678,3.497366,0.117151,5.166831,6.679595,0.135022,0.612464,0.245782,12962.813477,0.809955,5.647346,0.014444,0.038131,0.014914,0.000877,76.47022849321365,-187.922516,-5926.750488,630.171082,-2.910093,-5.155612,-233.009766,-158.622635,-63.689911,-127.999985,64.309998,0.0,48.995495,-234.026932,-158.822479,8064000,1.064698,0.943512,11.313288
0.012278,11.313223,0.142073,1750.3599688533154,49.660789,-230.181686,-153.811066,-229.809662,1018.370178,13814.477539,-153.612045,2.952232,0.107952,4.947453,6.602728,0.134811,0.575813,0.245591,12125.569336,0.748689,4.259022,0.015665,0.040509,0.016093,0.000875,80.13111418485641,-191.766266,-6015.287109,559.614929,-2.840565,-5.099852,-229.165146,-153.406433,-63.831291,-128.0,64.168633,0.0,49.488422,-230.181702,-153.61171,8448000,1.021246,0.883795,11.313281
0.012175,11.313223,-0.162418,1750.7053854271887,49.292442,-226.136017,-146.117188,-225.768951,1071.091553,14149.007812,-145.940506,2.751113,0.09829,4.698178,6.620146,0.134429,0.550808,0.249284,11317.007812,0.664189,4.297475,0.017088,0.043345,0.017471,0.000879,83.79257214069366,-193.470535,-5999.794434,568.146301,-2.705602,-5.016516,-225.128693,-145.733231,-63.744545,-128.0,64.255371,0.0,49.109234,-226.135712,-145.940552,8832000,1.007446,0.849451,11.31328
0.01196,11.313223,-0.101177,1754.4615202790596,48.629124,-221.102844,-139.002945,-220.667191,1086.774658,13926.814453,-138.817764,2.590668,0.088415,4.484451,6.533897,0.134018,0.535528,0.254653,10565.172852,0.59198,3.904481,0.017407,0.043649,0.017696,0.000855,87.44494555791219,-193.830734,-6009.192383,560.569763,-2.588803,-4.975291,-220.045288,-138.596817,-63.759365,-128.0,64.240555,0.0,48.431438,-221.102814,-138.818192,9216000,0.986449,0.825125,11.313271
0.01198,11.313223,0.632626,1311.03773780565,47.198719,-217.231979,-132.559296,-216.853394,1145.077026,14306.349609,-132.32901,2.224826,0.07825,4.226355,6.585389,0.133397,0.513169,0.262229,9813.209961,0.514251,3.641496,0.018716,0.046263,0.019029,0.000852,92.33164282242457,-195.10318,-6017.472656,535.26947,-2.41696,-4.920861,-216.15802,-132.178421,-63.57653,-128.0,64.423363,0.0,46.969765,-217.231247,-132.329147,9600000,0.970668,0.769838,11.313268
0.011774,11.313223,0.562651,1749.394954555231,47.302383,-214.188812,-125.716499,-213.847336,1217.461548,14861.12207,-125.389099,1.830503,0.068358,4.013654,6.813074,0.132864,0.493517,0.267234,9241.777344,0.445329,3.022404,0.020459,0.050537,0.020799,0.000928,95.99479937553406,-196.404648,-6041.746094,514.328857,-2.23389,-4.733213,-213.239212,-125.308594,-63.596645,-127.999985,64.40332,0.0,47.074806,-214.189087,-125.388893,9984000,0.98183,0.71931,11.313259
0.011691,11.313223,0.086681,1748.352984400616,47.580532,-210.97937,-123.888695,-210.644562,1250.282959,15018.021484,-123.575668,2.101221,0.060419,3.833927,6.504662,0.132579,0.474725,0.267224,8685.685547,0.383467,3.436554,0.019949,0.049227,0.020269,0.000901,99.6608480254809,-194.816315,-6022.615723,530.564331,-2.302727,-4.690037,-209.993546,-123.380188,-63.583614,-128.0,64.416328,0.0,47.359619,-210.979126,-123.576042,10368000,1.011216,0.735906,11.313268
0.011638,11.313223,0.326288,1750.8018529724582,48.293079,-210.873886,-123.864388,-210.542374,1257.344849,15095.457031,-123.493835,2.21924,0.056886,3.772449,6.3571,0.13256,0.464657,0.262664,8447.355469,0.345762,3.318552,0.020615,0.050408,0.020998,0.00088,103.32075299421946,-196.707642,-6045.029785,529.52832,-2.266402,-4.733966,-209.838669,-123.32296,-63.778381,-128.0,64.22155,0.0,48.083035,-210.874023,-123.493996,10752000,1.017348,0.757462,11.313249
0.011777,11.313223,0.732928,1746.2413227964205,46.680035,-213.108627,-124.09787,-212.787292,1268.639771,15380.540039,-123.730415,2.398528,0.055088,3.694089,6.184052,0.132467,0.457738,0.256646,8238.941406,0.336497,3.28265,0.021068,0.051191,0.021432,0.000869,106.99138040542603,-198.371109,-6035.899902,540.509216,-2.242657,-4.803533,-212.043137,-123.57399,-63.780426,-127.999985,64.219498,0.0,46.433704,-213.108566,-123.730621,11136000,1.025802,0.786271,11.313259
0.011951,11.313223,0.868304,1748.1906023009324,46.611652,-216.257309,-122.491272,-215.959991,1290.487549,15807.865234,-122.161209,2.139122,0.053323,3.586276,6.197248,0.132107,0.443137,0.249608,8069.857422,0.336934,2.908813,0.021815,0.052699,0.022185,0.00087,110.65669581492742,-200.522369,-6044.879883,539.557556,-2.198138,-4.874928,-215.174774,-122.016663,-63.839134,-128.0,64.160774,0.0,46.362087,-216.257889,-122.160896,11520000,1.042512,0.78894,11.31325
0.012274,11.313223,0.731374,1750.7385227048408,46.81628,-219.663208,-120.928864,-219.361603,1310.41394,16232.625,-120.617416,2.330511,0.052412,3.540141,6.077515,0.131953,0.438442,0.244363,7956.43457,0.345425,3.434442,0.022717,0.05459,0.02309,0.000878,114.31766625642777,-200.723755,-6031.185059,551.261963,-2.176607,-4.924414,-218.593079,-120.472977,-63.817493,-128.0,64.182503,0.0,46.568977,-219.663086,-120.61705,11904000,1.056514,0.770441,11.313246
0.012388,11.313223,0.617341,1752.8297790595668,46.991985,-222.421997,-120.364662,-222.120941,1355.632935,16964.662109,-120.041229,2.343282,0.051469,3.526156,5.974034,0.13178,0.427433,0.232614,7875.615723,0.360803,3.501757,0.024061,0.057509,0.024499,0.000895,117.97445019483567,-202.143295,-6024.283203,554.824402,-2.204025,-4.947858,-221.373474,-119.854881,-63.769588,-128.0,64.230301,0.0,46.745934,-222.422668,-120.041405,12288000,1.078552,0.774107,11.313252
0.01262,11.313223,0.921246,1745.8866886375147,49.742832,-223.612457,-122.319084,-223.247787,1372.320435,17303.492188,-121.930008,2.337831,0.050531,3.514952,5.721901,0.131692,0.423983,0.221573,7756.353027,0.364411,3.588944,0.023556,0.056395,0.023967,0.000887,121.64489806095759,-203.934937,-6047.023438,536.727844,-2.249218,-4.932265,-222.603867,-121.726959,-63.798149,-128.0,64.201782,0.0,49.550484,-223.611618,-121.930206,12672000,1.078105,0.792513,11.313259
0.012376,11.313223,1.108371,1746.9644124751978,51.939102,-221.40477,-123.814323,-221.034225,1363.663696,17085.119141,-123.472374,2.37485,0.047705,3.407455,5.60834,0.131184,0.413259,0.213168,7527.204102,0.369019,3.616864,0.022807,0.054659,0.023173,0.000868,125.31345440944035,-205.739731,-6030.991211,548.853699,-2.224846,-4.921348,-220.364044,-123.313835,-63.741089,-127.999985,64.258858,0.0,51.787228,-221.404709,-123.472351,13056000,1.0743,0.816161,11.31327
0.012427,11.313223,0.749393,1748.3049809231866,49.628681,-221.703308,-122.23423,-221.381546,1377.206177,17240.333984,-121.935059,2.205665,0.045463,3.295063,5.481138,0.13067,0.406323,0.207752,7376.193848,0.365921,2.883211,0.022025,0.052841,0.022376,0.000844,128.97983297109604,-206.986618,-6059.947754,525.418091,-2.211935,-4.969044,-220.62442,-121.768471,-63.783489,-128.0,64.216423,0.0,49.429321,-221.703598,-121.935127,13440000,1.067299,0.795903,11.313281
0.012489,11.313223,0.505585,1746.8188728723107,48.668728,-223.672974,-120.737717,-223.406647,1401.918335,17653.001953,-120.427574,2.475586,0.042697,3.199415,5.450953,0.12989,0.40046,0.206227,7240.283691,0.344647,3.521302,0.02297,0.054813,0.023415,0.000843,132.64817058245342,-206.763855,-6017.230469,558.243347,-2.167222,-5.007764,-222.589523,-120.281601,-63.687435,-128.0,64.312538,0.0,48.451199,-223.673584,-120.427971,13824000,1.077206,0.78481,11.313278
0.012558,11.313223,0.72815,1749.0873025990695,48.616844,-226.260162,-120.08297,-225.997162,1455.441162,18501.138672,-119.707939,2.615624,0.040344,3.169863,5.334358,0.129487,0.400943,0.204382,7173.059082,0.329291,3.600183,0.023992,0.057031,0.024474,0.000856,136.3117681423823,-207.119263,-6024.699707,564.787354,-2.150567,-5.042115,-225.188461,-119.553741,-63.823547,-127.999985,64.176346,0.0,48.398384,-226.259583,-119.707832,14208000,1.087743,0.805351,11.313285
0.01235,11.313223,0.297992,1749.7976042520377,48.599678,-228.004868,-122.824654,-227.609558,1539.130005,19777.363281,-122.233688,2.666469,0.038214,3.119005,5.478717,0.12886,0.399936,0.203403,7118.095215,0.314336,3.759578,0.025976,0.061415,0.026527,0.000891,139.97447267770767,-208.03656,-6005.821289,570.355591,-2.131927,-5.014282,-226.981079,-122.131538,-63.681576,-128.0,64.318382,0.0,48.377064,-228.004456,-122.233749,14592000,1.119158,0.842617,11.313272
0.012703,11.313223,-1.184213,1751.8767108229467,50.09446,-223.219971,-126.528084,-222.672287,1530.120605,19390.652344,-125.960007,2.337798,0.036591,3.032641,5.455051,0.128241,0.401692,0.203493,6988.885742,0.300819,3.174447,0.025,0.059353,0.025498,0.000885,143.63223423163097,-210.607742,-6067.173828,516.894531,-2.143872,-4.921012,-222.195999,-125.908104,-63.734509,-128.0,64.265404,0.0,49.900089,-223.219772,-125.96022,14976000,1.115956,0.870297,11.313281
0.012664,11.313223,-1.114984,1750.0469401884377,51.834896,-220.743973,-124.211151,-220.407959,1541.161865,19275.837891,-123.821022,2.626765,0.034887,2.956088,5.499535,0.12738,0.386544,0.202,6940.126465,0.293752,3.637376,0.025344,0.060006,0.025903,0.000876,147.2939595739047,-210.823517,-6036.76709,547.397156,-2.12283,-4.925264,-219.670807,-123.779305,-63.733326,-128.0,64.266609,0.0,51.675552,-220.744232,-123.82103,15360000,1.104926,0.805156,11.313282
0.012748,11.313223,-0.204436,1751.5582116437574,51.35062,-223.498398,-121.848946,-223.223419,1598.696777,20143.181641,-121.444176,2.557454,0.033672,2.929616,5.505242,0.126738,0.379305,0.202448,6927.726074,0.277742,3.639994,0.026035,0.061446,0.026708,0.00087,150.953373948733,-211.665558,-6046.808594,545.303223,-2.120516,-4.982236,-222.419708,-121.361511,-63.804466,-128.0,64.195473,0.0,51.181133,-223.498932,-121.444351,15744000,1.111724,0.794728,11.313255
0.0127,11.313223,0.389948,1755.6796736684498,51.162914,-225.800751,-121.217506,-225.502579,1635.36853,20770.595703,-120.801376,2.462898,0.031996,2.888151,5.569407,0.125548,0.368767,0.204805,6874.407227,0.266348,3.760434,0.026946,0.063376,0.027666,0.000876,154.60358282725016,-212.17366,-6036.048828,549.519409,-2.105445,-5.006218,-224.732956,-120.724686,-63.733921,-127.999985,64.266045,0.0,50.989536,-225.80127,-120.801292,16128000,1.135301,0.786936,11.313251
0.012767,11.313223,0.624769,1754.0857008893179,51.059639,-226.50293,-119.919708,-226.197388,1661.17749,21116.695312,-119.564835,2.334098,0.030314,2.760209,5.574264,0.123415,0.357721,0.203864,6754.868652,0.259656,3.291312,0.027188,0.063729,0.027808,0.000873,158.2572270711263,-213.736374,-6068.11084,525.637329,-2.106179,-5.022056,-225.426804,-119.460579,-63.800026,-128.0,64.19989,0.0,50.883442,-226.503098,-119.564919,16512000,1.148134,0.790909,11.31326
0.012604,11.313223,0.932104,1754.0416877785376,51.174072,-226.744095,-117.512466,-226.430374,1698.737427,21531.958984,-117.178162,2.571813,0.028565,2.535074,5.651704,0.119605,0.347715,0.204946,6512.400391,0.25825,3.875442,0.028305,0.066079,0.028923,0.000885,161.91083176533382,-213.476578,-6051.664062,536.648499,-2.049967,-5.034974,-225.645004,-117.079819,-63.748478,-128.0,64.25145,0.0,51.001446,-226.74379,-117.178322,16896000,1.177631,0.794978,11.313276
0.01263,11.313223,1.065938,1754.0986454432646,51.10952,-227.658646,-114.658623,-227.3461,1723.870483,21828.816406,-114.373917,2.656194,0.026768,2.241009,5.518641,0.114246,0.334719,0.2013,6142.693359,0.25989,3.845702,0.028708,0.06693,0.029274,0.000895,165.56506454547247,-214.05925,-6040.038086,552.397644,-2.026937,-5.062327,-226.538773,-114.235863,-63.783737,-128.0,64.216194,0.0,50.936573,-227.658707,-114.373894,17280000,1.20015,0.807717,11.31328
0.012882,11.313223,1.026568,1756.3650707729485,49.933807,-227.92392,-111.27858,-227.580521,1748.148438,22037.904297,-111.006821,2.652455,0.024567,1.990245,5.507725,0.10719,0.316641,0.199328,5891.691895,0.250731,3.830075,0.029743,0.069132,0.030311,0.000908,169.21351971228918,-214.421127,-6012.319824,564.453552,-1.944871,-5.068001,-226.795563,-110.879395,-63.623592,-127.999985,64.376289,0.0,49.736015,-227.924057,-111.006752,17664000,1.217778,0.816262,11.313294
0.012801,11.313223,0.797206,1753.161181175092,50.179592,-228.444122,-106.676468,-228.117722,1760.98584,22085.226562,-106.4422,2.320787,0.022358,1.73014,5.451028,0.099078,0.303945,0.200473,5576.709961,0.237884,3.233219,0.029232,0.06795,0.029727,0.000899,172.86860355933507,-216.131912,-6071.061035,521.916382,-1.868631,-5.06575,-227.322556,-106.305771,-63.768509,-128.0,64.231392,0.0,49.988644,-228.444229,-106.441635,18048000,1.229385,0.803062,11.313291
0.01262,11.313223,0.187841,1755.881267222812,49.783527,-229.05983,-102.476616,-228.720505,1790.444458,22359.304688,-102.198242,2.577023,0.019807,1.415984,5.51334,0.087547,0.286885,0.200643,5175.325684,0.237861,3.830074,0.029077,0.067616,0.029608,0.000893,176.51869869629542,-215.186295,-6044.086426,546.184265,-1.765642,-5.060334,-227.960892,-102.085884,-63.750744,-128.0,64.249168,0.0,49.585365,-229.059479,-102.198372,18432000,1.220291,0.793084,11.313285
0.01279,11.313223,-0.124149,1753.659506544369,48.92841,-228.501877,-100.127739,-228.094208,1809.890259,22462.9375,-99.783043,2.594909,0.017359,1.121419,5.481324,0.076909,0.27299,0.199375,4797.827148,0.243817,3.634818,0.029352,0.068278,0.029874,0.000905,180.1729195078214,-215.549896,-6056.750488,541.132996,-1.691113,-5.100453,-227.350754,-99.689415,-63.823391,-128.0,64.176514,0.0,48.714222,-228.502106,-99.782684,18816000,1.220907,0.80824,11.313294
0.012684,11.313223,-0.3038,1314.9062246152027,49.950214,-228.215179,-97.003532,-227.807159,1817.083862,22408.722656,-96.678802,2.576887,0.01492,0.89239,5.512918,0.065498,0.260433,0.199575,4484.634277,0.245873,3.747267,0.029904,0.069487,0.030449,0.000913,185.0447914282481,-216.401123,-6054.921387,540.31958,-1.603855,-5.110651,-227.037811,-96.609375,-63.788406,-127.999985,64.211533,0.0,49.756042,-228.21579,-96.678802,19200000,1.241274,0.812134,11.313298
0.012494,11.313223,-0.032433,1753.3429146281378,49.481506,-228.168976,-93.337425,-227.752518,1857.972656,22771.111328,-92.95945,2.371413,0.012928,0.735195,5.601707,0.055966,0.251362,0.201043,4300.556152,0.24217,3.06662,0.03046,0.070716,0.031031,0.000922,188.69990954399108,-217.104858,-6075.116699,521.900818,-1.50693,-5.111215,-226.987122,-92.916252,-63.799084,-128.0,64.200798,0.0,49.278339,-228.169083,-92.959221,19584000,1.244982,0.80543,11.313287
0.012243,11.313223,0.336449,1751.1902742692607,48.629139,-227.599365,-92.183113,-227.114395,1897.219116,23146.542969,-91.713631,2.634556,0.011303,0.633715,5.565271,0.049531,0.242441,0.202641,4188.919434,0.237993,3.686103,0.030782,0.071496,0.031369,0.000935,192.3591244538625,-216.48468,-6066.800781,532.381714,-1.486181,-5.14211,-226.369308,-91.663887,-63.827133,-128.0,64.172836,0.0,48.41048,-227.598618,-91.713898,19968000,1.255614,0.809703,11.313295
0.011859,11.313223,0.544924,1751.0018881023861,48.709381,-225.861877,-92.201157,-225.338211,1917.005493,23217.146484,-91.72094,2.625976,0.010418,0.552996,5.603778,0.045035,0.237839,0.205984,4102.391113,0.243911,3.706746,0.031737,0.073577,0.032351,0.000949,196.0188139518102,-216.739227,-6061.813965,531.145447,-1.452909,-5.131816,-224.59671,-91.696373,-63.762245,-128.0,64.237717,0.0,48.493286,-225.862183,-91.720985,20352000,1.276516,0.82768,11.313276
0.01154,11.313223,0.648377,1751.6162082585033,48.420818,-225.423096,-91.137741,-224.955292,1936.843628,23381.21875,-90.712029,2.647733,0.009814,0.481361,5.579722,0.041262,0.234378,0.205331,4013.151855,0.25315,3.655489,0.031509,0.072992,0.032073,0.000941,199.67711876233417,-216.44281,-6057.319824,538.40094,-1.437372,-5.139245,-224.144318,-90.684914,-63.792828,-128.0,64.207085,0.0,48.203125,-225.423859,-90.711761,20736000,1.273202,0.822768,11.313289
0.011336,11.313223,1.109557,1750.2733644891628,48.618176,-226.138641,-89.362663,-225.669312,1970.1521,23784.876953,-88.952133,2.317252,0.009558,0.436967,5.55956,0.039503,0.235028,0.205665,3986.459717,0.256283,3.097934,0.032484,0.07522,0.033135,0.00096,203.3383225997289,-218.224609,-6068.180176,532.93335,-1.420447,-5.155031,-224.852844,-88.910072,-63.828815,-128.0,64.171127,0.0,48.401691,-226.138596,-88.952042,21120000,1.280871,0.815624,11.313271
0.011234,11.313223,1.313382,1750.2228381396937,49.046589,-225.801392,-87.750023,-225.310913,1982.049194,23829.527344,-87.357826,2.501179,0.009224,0.404687,5.513694,0.038091,0.232192,0.20597,3975.031738,0.253941,3.620752,0.033096,0.07654,0.033717,0.000973,206.9995857278506,-217.690628,-6072.657715,528.073303,-1.408715,-5.163333,-224.496109,-87.294388,-63.830368,-128.0,64.169548,0.0,48.839291,-225.801834,-87.357895,21504000,1.290338,0.817602,11.313271
0.011331,11.313223,0.984707,1751.4998569743009,49.333157,-226.010147,-85.919846,-225.562546,2014.995972,24178.125,-85.560333,2.411556,0.009211,0.389942,5.522225,0.037314,0.228852,0.207066,3998.845215,0.251508,3.634753,0.033795,0.077976,0.034425,0.000976,210.65851367314656,-218.109314,-6056.978027,541.253662,-1.401338,-5.14534,-224.730515,-85.475876,-63.801308,-128.0,64.198677,0.0,49.131001,-226.010803,-85.56002,21888000,1.283472,0.801216,11.313262
0.011126,11.313223,0.646915,1749.5196199388665,49.100468,-226.891602,-84.66433,-226.442291,2034.875,24453.513672,-84.287422,2.363185,0.008957,0.362818,5.467246,0.03644,0.224959,0.205425,3977.52002,0.249816,3.579766,0.033395,0.077038,0.033995,0.000965,214.32125971714655,-218.325806,-6055.583984,547.877319,-1.399024,-5.151899,-225.639206,-84.183083,-63.851227,-128.0,64.148643,0.0,48.894459,-226.892227,-84.287247,22272000,1.251463,0.793218,11.313272
0.011309,11.313223,0.244389,1746.8483941507832,49.038811,-226.003433,-85.170685,-225.487701,2077.815674,24890.085938,-84.720909,2.451098,0.00861,0.345974,5.482282,0.034302,0.224315,0.205068,3965.029541,0.244289,3.651475,0.034535,0.079534,0.035168,0.000983,217.98955869674683,-218.477066,-6050.344727,548.110229,-1.377714,-5.165406,-224.716812,-84.638641,-63.799686,-128.0,64.200172,0.0,48.831009,-226.003387,-84.721039,22656000,1.256147,0.811021,11.313252
0.011428,11.313223,-0.153258,1749.358805221149,49.29594,-225.039703,-85.332703,-224.480255,2091.393066,24953.669922,-84.913971,2.151623,0.008206,0.329626,5.446784,0.032558,0.224241,0.203004,3952.638672,0.237272,2.931947,0.034367,0.079086,0.034917,0.00098,221.65264840920767,-220.250229,-6084.162598,521.650269,-1.3716,-5.175681,-223.720367,-84.846504,-63.855637,-127.999985,64.144302,0.0,49.092339,-225.039856,-84.914307,23040000,1.260607,0.802286,11.313251
0.011164,11.313223,-0.116644,1750.2008881885224,49.357861,-224.643265,-85.169098,-224.089645,2129.634521,25358.769531,-84.717773,2.40417,0.007826,0.329628,5.489458,0.031245,0.220152,0.201967,3994.405273,0.229516,3.662072,0.0347,0.079799,0.03528,0.000982,225.31394163370132,-220.0746,-6061.84668,537.65802,-1.357448,-5.177092,-223.333359,-84.665939,-63.794308,-128.0,64.205605,0.0,49.155193,-224.643097,-84.71772,23424000,1.221609,0.791416,11.313248
0.011158,11.313223,-0.049834,1752.2009339820752,49.653446,-223.43425,-85.704475,-222.841858,2173.608887,25769.089844,-85.237915,2.40693,0.007397,0.327404,5.48445,0.030844,0.21589,0.201561,4012.415283,0.22283,3.592442,0.035552,0.081624,0.036134,0.000994,228.9711163719495,-220.184418,-6082.572754,522.311157,-1.349888,-5.190955,-222.086578,-85.199135,-63.846886,-128.0,64.153084,0.0,49.457386,-223.434433,-85.237961,23808000,1.221519,0.801757,11.31326
0.010889,11.313223,0.216951,1749.9512250858463,50.600311,-222.377121,-85.0681,-221.799911,2189.691406,25818.042969,-84.652351,2.292953,0.007179,0.327134,5.544633,0.03048,0.212238,0.200977,4062.022217,0.21418,3.483012,0.036599,0.083865,0.037174,0.001009,232.63288023471833,-220.907639,-6080.048828,518.563721,-1.335047,-5.172219,-221.029312,-84.62458,-63.777077,-128.0,64.222839,0.0,50.422958,-222.376877,-84.652199,24192000,1.215999,0.78586,11.313249
0.010738,11.313223,0.51446,1751.3997053796224,49.887421,-222.177017,-84.11058,-221.561783,2216.995361,26071.416016,-83.681038,2.013523,0.006954,0.320927,5.516675,0.030758,0.209618,0.199139,4063.478516,0.20868,2.776935,0.036139,0.082874,0.036675,0.001006,236.2917385617892,-222.194748,-6112.070801,497.101624,-1.334833,-5.177828,-220.829514,-83.639893,-63.869823,-128.0,64.130096,0.0,49.694901,-222.176727,-83.680733,24576000,1.195346,0.773337,11.31326
0.010581,11.313223,0.79942,1749.1274202707687,49.447765,-221.198792,-84.085152,-220.56839,2233.009766,26147.337891,-83.652855,2.253225,0.006999,0.322666,5.555957,0.03111,0.209906,0.200263,4117.183105,0.207594,3.399859,0.036872,0.08452,0.037464,0.001018,239.95528684059778,-221.007172,-6100.201172,504.007355,-1.322415,-5.173838,-219.841324,-83.623093,-63.831947,-128.0,64.167908,0.0,49.247829,-221.198959,-83.652634,24960000,1.185774,0.775119,11.31327
0.010625,11.313223,1.016678,1750.348922658433,49.509621,-220.89473,-83.02993,-220.277725,2251.2229,26279.966797,-82.646965,2.104849,0.007007,0.319696,5.518142,0.031278,0.207696,0.199626,4110.603516,0.205092,3.385154,0.036846,0.084483,0.03737,0.001027,243.61634554862977,-221.321106,-6109.452637,498.488037,-1.326617,-5.186411,-219.528137,-82.60463,-63.866203,-128.0,64.133675,0.0,49.311874,-220.894745,-82.646866,25344000,1.164387,0.750848,11.313253
0.010446,11.313223,1.043593,1753.9277205154199,49.84034,-220.673431,-82.96534,-220.047043,2286.062988,26657.955078,-82.531746,2.179724,0.007175,0.326776,5.561767,0.03175,0.202979,0.200354,4144.12793,0.203755,3.391792,0.03761,0.086102,0.038154,0.001034,247.26987449328104,-221.478622,-6093.231445,508.960999,-1.321934,-5.177485,-219.312286,-82.488831,-63.807308,-127.999985,64.192627,0.0,49.649326,-220.673477,-82.531616,25728000,1.162816,0.756607,11.313262
0.010195,11.313223,0.774194,1753.224165828449,49.713543,-219.70488,-82.812843,-219.05014,2297.99585,26675.765625,-82.399124,1.955423,0.006993,0.321815,5.528923,0.031562,0.198991,0.200119,4129.099121,0.196613,2.667513,0.037131,0.085039,0.037624,0.001028,250.92494916121166,-222.376907,-6123.61377,484.09375,-1.320058,-5.182843,-218.322266,-82.357208,-63.8535,-128.0,64.146408,0.0,49.51965,-219.705307,-82.399101,26112000,1.156037,0.752772,11.313264
0.009934,11.313223,0.488099,1753.8570325354578,49.865887,-219.509796,-82.554398,-218.842804,2310.574707,26785.439453,-82.120758,2.139112,0.007135,0.32411,5.581326,0.031653,0.195281,0.200474,4177.695801,0.195992,3.236468,0.037744,0.086449,0.038306,0.00104,254.5786501924197,-221.584686,-6100.012695,502.426147,-1.311672,-5.176957,-218.130814,-82.083496,-63.808529,-128.0,64.19146,0.0,49.67622,-219.509598,-82.120888,26496000,1.151845,0.749828,11.313255
0.010034,11.313223,0.323101,1751.1455114870541,50.120159,-219.121201,-82.692032,-218.453247,2307.86792,26716.630859,-82.288689,2.180345,0.006994,0.324805,5.54077,0.031833,0.195793,0.199054,4164.098145,0.193035,3.287632,0.037193,0.085266,0.037702,0.001037,258.2380147337914,-221.560867,-6108.286621,499.274902,-1.318163,-5.183326,-217.7341,-82.246635,-63.860008,-128.0,64.139862,0.0,49.93576,-219.121231,-82.288887,26880000,1.139691,0.752955,11.31328
0.010032,11.313223,0.004231,1752.2307175208812,50.656963,-218.992142,-82.493149,-218.351562,2310.825195,26732.394531,-82.090683,2.173374,0.007027,0.329774,5.578387,0.031528,0.195289,0.19962,4187.041504,0.193513,3.232363,0.038135,0.087357,0.038686,0.001054,261.89512885014216,-221.855286,-6098.330078,504.28537,-1.310631,-5.181067,-217.612228,-82.052925,-63.807693,-128.0,64.192276,0.0,50.483265,-218.992416,-82.090561,27264000,1.124076,0.751281,11.313278
0.010219,11.313223,0.27876,1750.7576467181407,50.214691,-218.693665,-82.273277,-217.972198,2322.701416,26817.175781,-81.845863,2.021818,0.007006,0.332519,5.568144,0.031806,0.196452,0.199551,4188.657715,0.192866,2.626306,0.038289,0.087733,0.038845,0.00106,265.5553609530131,-223.274521,-6125.09375,484.362885,-1.319786,-5.19281,-217.279358,-81.790627,-63.861786,-128.0,64.138145,0.0,50.03051,-218.693481,-81.845978,27648000,1.15652,0.757792,11.313272
0.01018,11.313223,0.376953,1751.220693704026,50.542442,-218.026733,-82.842674,-217.326324,2336.592773,26926.333984,-82.417145,2.244143,0.006992,0.339473,5.599207,0.032226,0.195471,0.199906,4200.470215,0.192584,3.313969,0.038789,0.08878,0.039366,0.001063,269.2146630247434,-222.148285,-6110.248535,494.643707,-1.321293,-5.182437,-216.628723,-82.367676,-63.827526,-128.0,64.172371,0.0,50.36639,-218.026627,-82.41732,28032000,1.118386,0.766393,11.313266
0.010245,11.313223,0.686383,1751.666538854532,49.866295,-217.542984,-82.680145,-216.855255,2356.897705,27095.847656,-82.288063,2.162236,0.00676,0.341043,5.569102,0.031774,0.195082,0.199779,4202.692383,0.192363,3.210642,0.038392,0.087979,0.038976,0.001061,272.87288698355354,-222.328003,-6124.300781,484.294067,-1.321566,-5.191549,-216.134995,-82.240013,-63.862743,-128.0,64.137169,0.0,49.676067,-217.54335,-82.288414,28416000,1.101059,0.757884,11.313273
0.010413,11.313223,0.639615,1326.1705604755277,49.786915,-217.613998,-82.165756,-216.933624,2371.234375,27244.517578,-81.772308,2.216457,0.006785,0.345145,5.57977,0.031892,0.193629,0.199168,4225.401855,0.190946,3.123771,0.039027,0.089388,0.039671,0.001069,277.70338778893154,-222.640396,-6117.01416,488.464996,-1.319237,-5.18268,-216.216492,-81.715752,-63.828266,-128.0,64.171661,0.0,49.595493,-217.614349,-81.772194,28800000,1.101261,0.758038,11.313249
0.01061,11.313223,0.537773,1753.4327532148866,50.229511,-216.841919,-81.500793,-216.11145,2395.861816,27396.460938,-81.125481,1.931119,0.006862,0.349922,5.610001,0.03216,0.195456,0.199265,4221.927734,0.195034,2.521549,0.039665,0.090868,0.040391,0.001081,281.3578828056653,-222.953018,-6138.507812,469.523773,-1.300585,-5.172258,-215.427139,-81.074966,-63.850777,-128.0,64.149132,0.0,50.04726,-216.841583,-81.125374,29184000,1.124069,0.757696,11.313257
0.010886,11.313223,0.333602,1754.8503149087546,49.883572,-216.723083,-80.876846,-216.035431,2417.296143,27602.394531,-80.485924,2.035764,0.006736,0.343291,5.529176,0.0316,0.194475,0.19889,4202.179199,0.193676,2.944302,0.039445,0.090361,0.040108,0.001081,285.0095838268598,-223.110275,-6119.773438,490.257568,-1.319558,-5.183159,-215.308105,-80.411705,-63.869381,-127.999985,64.130524,0.0,49.693104,-216.722977,-80.486061,29568000,1.09761,0.740866,11.313249
0.010888,11.313223,0.238526,1751.0473917065933,50.076962,-216.54422,-81.718903,-215.820541,2433.771729,27806.255859,-81.304359,2.078164,0.0068,0.344299,5.54072,0.031835,0.193972,0.197899,4193.125488,0.198303,3.140752,0.039996,0.091603,0.040683,0.001092,288.669134747982,-222.94458,-6120.222168,490.452423,-1.326484,-5.185337,-215.118118,-81.234276,-63.877167,-128.0,64.122742,0.0,49.890411,-216.544495,-81.304596,29952000,1.109141,0.751999,11.313259
0.010925,11.313223,0.346835,1754.135799055311,50.22451,-216.110168,-81.866821,-215.413712,2440.517334,27841.640625,-81.486031,2.078114,0.006691,0.337917,5.494914,0.031706,0.191403,0.196053,4151.18457,0.197635,3.101785,0.039757,0.091102,0.040408,0.001094,292.32218625942863,-223.256577,-6120.45459,491.546814,-1.330292,-5.194215,-214.663971,-81.417534,-63.887505,-127.999985,64.112419,0.0,50.041359,-216.109772,-81.485985,30336000,1.111632,0.747919,11.313246
0.011138,11.313223,0.262792,1751.4729647729994,50.247391,-216.520996,-81.834991,-215.801315,2438.440918,27863.232422,-81.42009,1.928701,0.006638,0.336533,5.505465,0.03141,0.190877,0.194332,4166.01123,0.199194,2.434282,0.039879,0.091419,0.040526,0.001101,295.98083795309066,-224.322296,-6134.756836,476.768951,-1.325096,-5.196167,-215.07991,-81.351814,-63.872124,-128.0,64.127747,0.0,50.06266,-216.52124,-81.420128,30720000,1.115672,0.755887,11.313257
0.011385,11.313223,0.392811,1751.04971806409,50.587673,-216.530731,-82.44426,-215.799896,2444.455811,27961.072266,-82.028435,2.114178,0.006695,0.329586,5.470868,0.032112,0.193059,0.192931,4136.944336,0.199374,3.020428,0.039861,0.091404,0.040469,0.001107,299.64045698245366,-223.720596,-6122.936035,489.459259,-1.330744,-5.203816,-215.0867,-81.964973,-63.886822,-128.0,64.113113,0.0,50.410076,-216.530304,-82.028389,31104000,1.105778,0.759395,11.313248
0.011517,11.313223,0.59234,1750.9330308721362,51.375755,-217.110794,-82.50885,-216.401062,2436.516846,27946.619141,-82.115959,2.082463,0.006552,0.327715,5.479991,0.032191,0.193054,0.191156,4140.617676,0.200963,3.044211,0.039883,0.091496,0.040487,0.001113,303.3001711169879,-223.612564,-6105.999512,500.811188,-1.328762,-5.201504,-215.692184,-82.057251,-63.831966,-128.0,64.168015,0.0,51.214855,-217.110428,-82.116127,31488000,1.082792,0.757367,11.313253
0.011568,11.313223,0.730879,1753.4158098291823,51.026279,-217.962769,-82.537361,-217.263824,2433.756592,28020.265625,-82.130013,2.217158,0.006339,0.320273,5.425872,0.032001,0.192556,0.190174,4109.054199,0.198504,3.210276,0.039197,0.08997,0.039748,0.001103,306.9547571182251,-223.462814,-6113.359863,498.206207,-1.335915,-5.213003,-216.56308,-82.058502,-63.881092,-127.999985,64.11882,0.0,50.858051,-217.962646,-82.130173,31872000,1.057229,0.769432,11.313249
0.011672,11.313223,0.543315,1754.869484880441,50.841751,-217.612961,-82.611954,-216.934372,2425.154297,27884.453125,-82.250282,2.229824,0.006355,0.324562,5.432773,0.032231,0.191688,0.190172,4118.041504,0.195271,3.088752,0.039503,0.090773,0.040121,0.001115,310.6062540491422,-223.787521,-6107.27002,499.429993,-1.331912,-5.209287,-216.203934,-82.181664,-63.829037,-128.0,64.170883,0.0,50.669258,-217.613617,-82.250237,32256000,1.068525,0.77619,11.313271
0.011838,11.313223,0.467526,1760.2705971572743,50.791004,-217.896179,-82.137932,-217.131378,2442.884277,28090.226562,-81.724403,2.028484,0.006223,0.323507,5.378877,0.032102,0.192342,0.188788,4101.38916,0.1912,2.344812,0.039258,0.090254,0.039854,0.001114,314.24659668604534,-225.324554,-6131.905762,482.644165,-1.331723,-5.22108,-216.470016,-81.643677,-63.892284,-128.0,64.107605,0.0,50.616344,-217.895935,-81.724571,32640000,1.090998,0.779418,11.313282
0.011828,11.313223,0.490315,1746.6795346167191,50.822906,-217.991898,-82.540154,-217.260284,2454.299805,28257.658203,-82.123703,2.301356,0.006189,0.329454,5.395368,0.032232,0.191807,0.189595,4143.181152,0.18633,3.159172,0.039456,0.090728,0.040091,0.001118,317.9157421271006,-223.801392,-6107.297363,500.133698,-1.327574,-5.212687,-216.591309,-82.052361,-63.836349,-128.0,64.163559,0.0,50.649937,-217.992004,-82.123718,33024000,1.0608,0.78535,11.31327
0.011934,11.313223,0.543282,1739.5485080428084,50.646206,-217.695953,-82.400826,-216.984512,2456.17749,28239.392578,-81.997078,2.203153,0.006124,0.330723,5.35044,0.032458,0.190331,0.189206,4131.59375,0.181149,3.074262,0.038982,0.089706,0.039576,0.001115,321.5996520996094,-224.362701,-6103.410156,506.803253,-1.327494,-5.222003,-216.279037,-81.930443,-63.858593,-128.0,64.141373,0.0,50.468685,-217.696442,-81.997139,33408000,1.062303,0.771475,11.313276
0.011863,11.313223,0.678156,1731.9055235437058,50.850521,-217.590805,-82.432289,-216.895126,2460.41333,28279.816406,-82.033356,2.243994,0.006026,0.337536,5.370757,0.032053,0.189639,0.188311,4148.510742,0.180994,3.026952,0.03914,0.090068,0.03977,0.001116,325.30007249911625,-223.839981,-6093.802734,509.941254,-1.322439,-5.211963,-216.19223,-81.966103,-63.799149,-128.0,64.200783,0.0,50.678833,-217.591064,-82.033348,33792000,1.04224,0.783763,11.313257
0.012125,11.313223,0.704972,1765.0825613579234,50.361847,-217.466705,-82.186272,-216.699097,2471.267578,28369.345703,-81.793388,2.123851,0.005947,0.333651,5.325955,0.03193,0.187863,0.187143,4104.880371,0.176011,2.310481,0.038472,0.088646,0.039058,0.001112,328.9312302788099,-225.294434,-6119.065918,492.174744,-1.322506,-5.220505,-216.04248,-81.720482,-63.859489,-128.0,64.140366,0.0,50.177948,-217.466766,-81.793358,34176000,1.07064,0.785092,11.313277
0.012464,11.313223,0.578973,1784.2227815369426,50.75679,-217.916977,-81.333626,-217.203812,2493.697021,28646.306641,-80.945137,2.276271,0.005986,0.334066,5.334619,0.031768,0.186594,0.18504,4117.757324,0.174181,2.952957,0.038758,0.089332,0.039377,0.00112,332.52324165900546,-224.45047,-6097.299316,508.719452,-1.321231,-5.225038,-216.521667,-80.86306,-63.815853,-128.0,64.184044,0.0,50.582092,-217.917557,-80.944992,34560000,1.022554,0.771731,11.313252
0.012702,11.313223,0.69457,1788.2404201372915,50.977509,-218.15947,-81.820946,-217.423325,2503.044922,28805.492188,-81.406418,2.277247,0.005866,0.327355,5.311717,0.031905,0.183869,0.183214,4100.968262,0.171799,2.830724,0.038509,0.088816,0.039105,0.00112,336.1072269797325,-224.598251,-6106.245117,504.541992,-1.32603,-5.247703,-216.743835,-81.325043,-63.861958,-128.0,64.137947,0.0,50.807159,-218.158981,-81.406128,34944000,1.025813,0.779098,11.313246
0.012595,11.313223,0.58847,1789.6440087089215,51.212021,-218.317642,-82.172211,-217.593292,2477.279785,28546.917969,-81.77774,2.213938,0.005823,0.328647,5.361519,0.031872,0.181345,0.182522,4097.217773,0.173175,2.806618,0.038898,0.089663,0.039525,0.001124,339.68839852809907,-224.69458,-6104.803223,499.777527,-1.324841,-5.243377,-216.908691,-81.7043,-63.798874,-128.0,64.201065,0.0,51.045631,-218.317703,-81.777824,35328000,1.029236,0.78116,11.313252
0.012826,11.313223,0.433856,1791.2959048880423,50.559769,-218.60733,-81.510544,-217.875931,2480.594727,28587.123047,-81.119232,2.001255,0.005683,0.318116,5.321725,0.03132,0.178716,0.180273,4053.050049,0.17123,2.164767,0.038338,0.088445,0.038887,0.001122,343.2661687215169,-225.985123,-6131.447754,481.44278,-1.321642,-5.261291,-217.178284,-81.04335,-63.869228,-128.0,64.13076,0.0,50.378983,-218.607681,-81.119225,35712000,1.043286,0.765543,11.313246
0.012847,11.313223,0.315976,1789.5758290044193,50.347359,-218.7211,-81.984779,-217.976868,2491.983398,28754.757812,-81.563164,2.275756,0.005779,0.316292,5.363294,0.031577,0.177978,0.1794,4061.156738,0.171089,2.84011,0.039023,0.089965,0.039631,0.001131,346.84753152926766,-224.631088,-6102.45459,502.496948,-1.318265,-5.249642,-217.307755,-81.491867,-63.803089,-128.0,64.196831,0.0,50.163383,-218.721451,-81.563263,36096000,1.040299,0.781784,11.313245
0.013073,11.313223,0.438524,1789.0463966808322,50.334366,-218.301773,-82.216629,-217.562286,2510.014404,28923.101562,-81.806335,2.257134,0.005725,0.312334,5.348012,0.03148,0.17491,0.178216,4052.432861,0.165092,2.822346,0.038465,0.088787,0.039039,0.001128,350.4298586010933,-225.277191,-6116.35791,494.361359,-1.314646,-5.260521,-216.87323,-81.743439,-63.854462,-128.0,64.145439,0.0,50.14875,-218.30188,-81.806328,36480000,1.032459,0.782125,11.313257
0.013052,11.313223,0.482268,1780.1247917515827,50.480488,-218.298203,-82.251617,-217.589462,2517.393555,29011.759766,-81.832138,2.249679,0.005797,0.311195,5.391183,0.031423,0.174414,0.178979,4106.35498,0.165292,2.879725,0.038753,0.089401,0.039351,0.00113,354.0300699631373,-225.23938,-6108.383301,497.278442,-1.31025,-5.253281,-216.881226,-81.776009,-63.804203,-128.0,64.195702,0.0,50.29652,-218.298706,-81.832306,36864000,1.023201,0.778497,11.31326
0.012734,11.313223,0.343858,1735.6593163965324,50.525894,-217.869415,-83.289169,-217.064163,2554.846191,29427.900391,-82.812042,2.090456,0.005662,0.303979,5.361459,0.031256,0.173994,0.179236,4089.340576,0.161359,2.110179,0.0383,0.088377,0.038854,0.001122,357.7225841561953,-226.31842,-6135.897949,476.830566,-1.30851,-5.266941,-216.418961,-82.769135,-63.864239,-127.999985,64.135658,0.0,50.342102,-217.868958,-82.812027,37248000,1.044329,0.795453,11.313268
0.01245,11.313223,0.612835,1740.5826743874381,50.338902,-217.952744,-83.413025,-217.187943,2562.375977,29534.703125,-82.983574,2.301136,0.005927,0.30482,5.409724,0.031381,0.17332,0.179335,4122.342773,0.163105,2.855417,0.038763,0.089416,0.039353,0.00113,361.40455856720604,-225.214691,-6110.077148,496.01709,-1.304501,-5.254935,-216.51889,-82.94693,-63.808971,-128.0,64.190933,0.0,50.151974,-217.951935,-82.983566,37632000,1.038811,0.798388,11.31325
0.01252,11.313223,0.718887,1731.3261427381594,50.26889,-218.136475,-83.048637,-217.376205,2561.617188,29531.306641,-82.603401,2.275297,0.005957,0.300454,5.374533,0.031764,0.174851,0.179138,4121.553223,0.164559,2.903024,0.038426,0.088735,0.038992,0.001132,365.10615684191384,-225.308746,-6113.898438,497.56012,-1.303637,-5.260759,-216.714661,-82.562416,-63.861588,-128.0,64.138359,0.0,50.080147,-218.136414,-82.60334,38016000,1.010759,0.793174,11.31327
0.012327,11.313223,0.862094,1278.3040810210498,50.745213,-217.755768,-83.021278,-217.012848,2564.396729,29515.472656,-82.620613,2.338777,0.005997,0.306402,5.418021,0.031858,0.177302,0.18068,4159.112305,0.165668,3.034935,0.038694,0.089396,0.039307,0.001139,370.1178444941839,-225.0522,-6105.842773,500.84079,-1.300201,-5.265589,-216.319962,-82.582504,-63.816494,-127.999985,64.183464,0.0,50.56694,-217.755936,-82.62056,38400000,1.013537,0.794883,11.313271
0.012152,11.313223,0.702724,1790.2651252086366,50.979797,-217.573639,-81.90052,-216.758621,2578.422363,29586.349609,-81.485527,1.997291,0.006116,0.311247,5.492072,0.032043,0.177756,0.18182,4208.835938,0.167601,2.169766,0.038809,0.089756,0.03947,0.001148,373.6981797575951,-226.171753,-6131.972168,477.629486,-1.274946,-5.271595,-216.119934,-81.457695,-63.83424,-128.0,64.165695,0.0,50.804016,-217.5737,-81.485474,38784000,1.030842,0.779263,11.313271
0.012159,11.313223,0.341871,1763.0482308975493,50.789333,-217.973434,-81.305832,-217.19194,2573.73877,29557.753906,-80.895485,2.206314,0.006052,0.307048,5.409032,0.03237,0.179821,0.18125,4198.936523,0.169657,2.75707,0.038317,0.088698,0.038934,0.001145,377.333252676328,-225.604858,-6117.543945,495.150909,-1.297169,-5.288996,-216.521149,-80.831017,-63.870956,-128.0,64.128975,0.0,50.610901,-217.973328,-80.895615,39168000,1.007411,0.783944,11.313271
0.01191,11.313223,0.495609,1757.779021140068,50.740402,-217.19165,-81.345146,-216.38179,2583.41333,29566.353516,-80.949013,2.222453,0.006016,0.308269,5.432569,0.032304,0.17904,0.181202,4197.566895,0.172049,2.795877,0.038406,0.088982,0.039054,0.001152,380.9792531410853,-225.47998,-6115.68457,494.406158,-1.293858,-5.290244,-215.717087,-80.880638,-63.846222,-128.0,64.153694,0.0,50.559555,-217.191879,-80.949081,39552000,1.01764,0.800776,11.313264
0.012034,11.313223,0.703724,1744.980703348597,50.649712,-217.526703,-80.404648,-216.764389,2587.41748,29613.542969,-80.027504,2.200724,0.005929,0.310649,5.422132,0.032408,0.17871,0.180777,4198.384277,0.170196,2.789478,0.03804,0.08825,0.038662,0.001155,384.6521172483762,-225.859329,-6114.669434,499.027161,-1.2911,-5.299777,-216.059982,-79.952522,-63.878399,-128.0,64.121521,0.0,50.466984,-217.526855,-80.027527,39936000,0.996622,0.781228,11.313259
0.012022,11.313223,0.516615,1776.0470736925924,50.966225,-217.383179,-80.578217,-216.562805,2592.042725,29648.607422,-80.169144,1.997316,0.005848,0.313479,5.436958,0.032131,0.179825,0.180705,4198.34375,0.168663,2.06813,0.038251,0.08872,0.038896,0.001157,388.261609339714,-226.80188,-6134.724609,475.4953,-1.290331,-5.293227,-215.914795,-80.094963,-63.83427,-128.0,64.16568,0.0,50.790138,-217.38356,-80.16906,40320000,1.007024,0.787398,11.313264
0.011926,11.313223,0.399664,1866.8855239775294,50.718693,-217.063034,-80.739288,-216.227081,2609.508545,29813.539062,-80.324921,2.105623,0.005698,0.309781,5.426814,0.03171,0.178577,0.180069,4190.988281,0.163536,2.760343,0.037793,0.087749,0.038418,0.001154,391.69580194950106,-225.709015,-6126.567871,485.064148,-1.291916,-5.309987,-215.569931,-80.25312,-63.859173,-128.0,64.140755,0.0,50.537369,-217.0634,-80.325043,40704000,1.009351,0.785772,11.313263
0.011682,11.313223,0.094599,1886.3409486471817,50.629662,-216.663422,-80.768501,-215.852158,2604.454834,29707.6875,-80.359795,2.110557,0.005695,0.308958,5.456037,0.032092,0.178503,0.180431,4195.389648,0.162188,2.725178,0.038324,0.08888,0.038974,0.001158,395.0932570139567,-226.028915,-6122.55127,485.411316,-1.293664,-5.301545,-215.171814,-80.291748,-63.819332,-128.0,64.180588,0.0,50.445866,-216.664291,-80.359886,41088000,1.008097,0.776158,11.313255
0.011776,11.313223,0.364686,1891.3171074451664,50.203568,-217.360413,-81.971062,-216.547638,2607.605225,29897.300781,-81.507027,2.192622,0.005592,0.303668,5.406069,0.032062,0.178919,0.179399,4154.481934,0.161742,2.843445,0.03817,0.088534,0.038788,0.001158,398.48198347886404,-226.069931,-6118.79248,492.81958,-1.304882,-5.308483,-215.878784,-81.448235,-63.855511,-128.0,64.144447,0.0,50.010639,-217.360809,-81.507278,41472000,1.001523,0.781751,11.31326
0.011566,11.313223,0.596007,1887.1570112809807,50.695499,-217.181442,-82.399246,-216.409622,2615.533447,29991.824219,-81.994965,2.169973,0.0055,0.304639,5.435006,0.031714,0.178261,0.180057,4176.75293,0.161325,2.842804,0.038586,0.089513,0.039226,0.00117,401.8780973712603,-226.189606,-6116.025391,490.932922,-1.303624,-5.305495,-215.701782,-81.943756,-63.807602,-127.999985,64.192322,0.0,50.513432,-217.181351,-81.994919,41856000,0.996526,0.788334,11.313271
0.011508,11.313223,0.429306,1887.831325037266,50.258915,-217.324814,-82.52256,-216.468719,2637.546387,30259.232422,-82.0952,1.978475,0.005365,0.30139,5.400371,0.031607,0.177853,0.180812,4156.402832,0.15768,2.098653,0.038502,0.089315,0.039093,0.001172,405.2729781627655,-227.553482,-6144.86377,469.537445,-1.306261,-5.315616,-215.821304,-82.037834,-63.868378,-127.999985,64.131523,0.0,50.06604,-217.324814,-82.095284,42240000,1.029226,0.800156,11.313281
0.011359,11.313223,0.303157,1885.236235175459,50.418678,-218.293503,-82.551003,-217.490555,2648.026123,30516.195312,-82.123253,2.140664,0.005502,0.302335,5.431473,0.031616,0.178019,0.180875,4193.254395,0.161018,2.883677,0.038954,0.090349,0.039591,0.00118,408.67240372101463,-226.405746,-6111.167969,496.808441,-1.305959,-5.307074,-216.829651,-82.073036,-63.81562,-127.999985,64.184303,0.0,50.230446,-218.293533,-82.123413,42624000,1.006526,0.787081,11.313264
0.011405,11.313223,0.573433,1888.2230125447838,49.993042,-217.668106,-82.345795,-216.845703,2646.90332,30407.072266,-81.93187,2.214074,0.005439,0.299227,5.382017,0.031665,0.178102,0.181772,4190.79541,0.160444,2.847896,0.038494,0.089407,0.039095,0.001182,412.06646150747935,-226.49646,-6118.407715,494.399872,-1.304406,-5.324418,-216.171997,-81.872643,-63.863079,-128.0,64.136818,0.0,49.796246,-217.667999,-81.931778,43008000,1.010144,0.800391,11.313271
0.01134,11.313223,0.620591,1888.0167707267183,50.047657,-217.460068,-82.103294,-216.682541,2635.976562,30246.898438,-81.715408,2.209684,0.005518,0.300328,5.377708,0.031821,0.176562,0.181412,4195.216797,0.160019,2.786923,0.038852,0.090232,0.03948,0.00119,415.4611730734507,-226.445084,-6115.524414,493.115692,-1.303036,-5.316114,-215.974808,-81.653954,-63.821987,-127.999985,64.17794,0.0,49.852039,-217.460083,-81.715462,43392000,0.996736,0.799411,11.313278
0.011424,11.313223,0.803733,1888.3854023761628,50.455509,-217.583389,-82.072021,-216.710648,2661.462891,30541.53125,-81.649956,1.999295,0.005451,0.294842,5.326812,0.031822,0.174733,0.18109,4172.491211,0.158113,2.098726,0.038234,0.088897,0.038805,0.001186,418.85502796173097,-227.828461,-6141.051758,474.010834,-1.30677,-5.327313,-216.072525,-81.585304,-63.872223,-127.999985,64.127693,0.0,50.267036,-217.583206,-81.64994,43776000,1.03011,0.794888,11.313277
0.011194,11.313223,0.77115,1890.091335083974,50.448349,-217.09877,-81.738014,-216.268387,2665.379395,30509.392578,-81.336197,2.090454,0.005432,0.296537,5.360641,0.031854,0.171757,0.180672,4198.119141,0.155861,2.700871,0.038322,0.08919,0.03892,0.001195,422.24578105608623,-226.672928,-6120.041992,487.046661,-1.296635,-5.328446,-215.589157,-81.280571,-63.804245,-127.999985,64.195686,0.0,50.25988,-217.098785,-81.336105,44160000,1.004702,0.78491,11.313266
0.011287,11.313223,0.656038,1888.0893863824017,50.604855,-217.627365,-81.264862,-216.797409,2665.481934,30556.181641,-80.865654,2.05389,0.005477,0.29059,5.323122,0.031747,0.170497,0.179466,4171.850586,0.154651,2.565727,0.037963,0.088429,0.038528,0.001194,425.6401771227519,-227.16391,-6127.358398,482.943817,-1.296248,-5.336345,-216.124603,-80.805374,-63.83136,-127.999985,64.168579,0.0,50.418987,-217.627274,-80.86573,44544000,0.997647,0.775823,11.313276
0.011007,11.313223,0.532236,1891.9332046669956,50.687668,-217.868637,-81.110283,-217.065704,2673.862061,30680.074219,-80.72522,2.062357,0.005536,0.290812,5.323981,0.03168,0.16855,0.176935,4180.861328,0.155858,2.782381,0.038105,0.088801,0.038698,0.0012,429.02756443421043,-226.961578,-6122.171387,486.118652,-1.297204,-5.334713,-216.372772,-80.660034,-63.813313,-127.999985,64.186638,0.0,50.503551,-217.868896,-80.725319,44928000,0.99795,0.777928,11.313259
0.011097,11.313223,0.617753,1889.1386637727753,50.543701,-218.18483,-80.872292,-217.355621,2689.943115,30890.554688,-80.46183,1.901687,0.005484,0.287982,5.292865,0.031945,0.166514,0.17599,4154.200195,0.154061,1.983577,0.037763,0.088064,0.03832,0.001198,432.4200490474701,-228.370056,-6143.441895,470.087524,-1.296188,-5.346601,-216.684769,-80.395393,-63.85162,-128.0,64.148293,0.0,50.355053,-218.184891,-80.461807,45312000,0.99471,0.771828,11.313256
0.010883,11.313223,0.531743,1891.4051541987037,50.891441,-218.333099,-81.183311,-217.50087,2695.221191,30987.447266,-80.770882,2.068344,0.005451,0.288169,5.329466,0.031766,0.163605,0.173549,4169.619629,0.155313,2.688329,0.038088,0.088759,0.038663,0.001201,435.808485408624,-227.234039,-6122.533691,485.281128,-1.294582,-5.342162,-216.838928,-80.705376,-63.805782,-128.0,64.194084,0.0,50.711208,-218.332825,-80.77095,45696000,0.997811,0.785747,11.313253
0.010881,11.313223,0.227641,1888.298763390869,50.984451,-218.104202,-81.402267,-217.260254,2696.647461,30983.082031,-80.993034,2.051309,0.005409,0.286572,5.319563,0.031745,0.162545,0.17278,4150.724121,0.155025,2.65498,0.037814,0.088184,0.038369,0.0012,439.202490123113,-227.1297,-6134.021973,478.067963,-1.299209,-5.347056,-216.606567,-80.929832,-63.849667,-128.0,64.150299,0.0,50.805157,-218.104126,-80.99321,46080000,0.985931,0.781115,11.313259
0.010725,11.313223,0.179885,1887.7193281678556,51.086525,-218.678543,-81.438385,-217.897949,2691.848877,31015.841797,-81.040382,2.042198,0.00543,0.292175,5.360062,0.031493,0.16152,0.171756,4174.046387,0.157326,2.73018,0.038218,0.089088,0.038805,0.001206,442.59755918582283,-227.442871,-6113.378418,495.032898,-1.297777,-5.340685,-217.209442,-80.988739,-63.809708,-128.0,64.190231,0.0,50.909828,-218.678101,-81.040268,46464000,0.964639,0.762611,11.313252
0.010769,11.313223,0.074643,1890.4592995588646,51.23848,-218.19194,-81.666298,-217.284317,2709.974854,31154.125,-81.265816,1.899115,0.005289,0.288612,5.325279,0.03093,0.162683,0.171261,4159.291504,0.159099,2.014127,0.037628,0.087821,0.038176,0.001202,445.98764704068503,-228.257935,-6142.463379,471.66629,-1.296257,-5.353007,-216.674835,-81.205605,-63.858776,-128.0,64.141121,0.0,51.06406,-218.191574,-81.266136,46848000,1.014426,0.792353,11.313268
0.010501,11.313223,0.467401,1891.3033754492358,51.310135,-218.750229,-81.387215,-217.903625,2692.480225,31020.947266,-80.987648,2.033824,0.00536,0.293423,5.358325,0.031462,0.163707,0.171547,4182.23877,0.160108,2.660581,0.037925,0.088536,0.038502,0.001211,449.37627064387004,-227.430832,-6118.450684,490.012421,-1.297179,-5.353827,-217.255692,-80.931084,-63.810295,-128.0,64.189705,0.0,51.137436,-218.750595,-80.987663,47232000,0.991484,0.771648,11.313277
0.010796,11.313223,0.492246,1886.3809837210006,51.436905,-218.476395,-81.338867,-217.619492,2699.850586,31064.78125,-80.936584,2.09173,0.005373,0.288692,5.334652,0.031453,0.165175,0.171434,4163.653809,0.159347,2.682717,0.037597,0.087889,0.038162,0.001213,452.7736635446548,-227.813034,-6131.999512,483.75,-1.301097,-5.36787,-216.969666,-80.874779,-63.879379,-127.999985,64.120522,0.0,51.266827,-218.476669,-80.936508,47616000,0.976664,0.771519,11.313284
0.010699,11.313223,0.445918,1406.7149653327115,51.015865,-218.369583,-81.018158,-217.560913,2703.701416,31083.324219,-80.653709,2.091898,0.00535,0.286957,5.35416,0.031134,0.164634,0.170963,4170.785156,0.158083,2.679779,0.037795,0.088339,0.038384,0.001216,457.3279367129008,-227.910919,-6121.949219,488.15036,-1.296577,-5.360072,-216.876816,-80.589096,-63.822037,-128.0,64.177895,0.0,50.836212,-218.369263,-80.653564,48000000,0.959272,0.774614,11.313287
0.010818,11.313223,0.44757,1890.092273326333,50.921974,-218.54425,-80.512344,-217.669327,2713.681396,31186.439453,-80.104691,1.955427,0.005312,0.29286,5.393867,0.031209,0.165206,0.172514,4213.469727,0.154858,1.98761,0.037841,0.088437,0.0384,0.00122,460.7187599937121,-228.510269,-6140.868164,472.620209,-1.273425,-5.355035,-217.043045,-80.046631,-63.849739,-128.0,64.150185,0.0,50.739868,-218.543579,-80.104568,48384000,0.99351,0.786677,11.313256
0.011076,11.313223,0.558674,1888.359062026009,50.924072,-218.802856,-80.597511,-217.945282,2711.113525,31198.986328,-80.195007,2.098153,0.005275,0.289495,5.33826,0.030989,0.166409,0.17255,4208.28125,0.155619,2.592413,0.037506,0.087779,0.038063,0.001221,464.11259122689563,-227.928085,-6129.939941,485.811127,-1.286086,-5.362468,-217.315475,-80.128288,-63.878166,-128.0,64.12178,0.0,50.742619,-218.803116,-80.195015,48768000,0.962114,0.782408,11.31326
0.011115,11.313223,0.683009,1889.4506576983079,50.930962,-218.064407,-80.117538,-217.208679,2717.844971,31150.732422,-79.745522,2.059802,0.005234,0.28784,5.351842,0.030953,0.165859,0.171952,4224.227539,0.155359,2.577441,0.037606,0.088047,0.038189,0.001225,467.5045321067174,-228.033783,-6127.69043,485.42038,-1.283441,-5.361494,-216.562317,-79.667709,-63.850639,-128.0,64.1493,0.0,50.749599,-218.06514,-79.745605,49152000,0.962792,0.79134,11.313264
0.011231,11.313223,0.65188,1893.0440519421275,51.107399,-218.222076,-79.41819,-217.398605,2715.350586,31109.769531,-79.050766,2.048661,0.005161,0.283725,5.315964,0.030955,0.163806,0.171301,4221.620605,0.15357,2.559087,0.037412,0.087646,0.037983,0.001225,470.8900173107783,-228.339035,-6129.627441,485.689697,-1.279345,-5.366628,-216.722824,-78.964188,-63.869759,-128.0,64.130119,0.0,50.92905,-218.22229,-79.050781,49536000,0.954398,0.788907,11.313264
0.01111,11.313223,0.223628,1892.3669570217185,51.266258,-218.205627,-79.240448,-217.347046,2724.212891,31194.126953,-78.850388,1.884493,0.00514,0.284708,5.334631,0.03061,0.161709,0.170712,4228.618164,0.154135,1.978727,0.037638,0.08817,0.038224,0.001231,474.2768808205922,-228.853928,-6139.939453,472.523285,-1.273649,-5.354107,-216.705597,-78.761841,-63.836071,-128.0,64.163841,0.0,51.089745,-218.204971,-78.850288,49920000,0.97873,0.795944,11.313259
0.011179,11.313223,0.270563,1892.8843392339609,50.716198,-217.919388,-79.443825,-217.053452,2726.775391,31195.210938,-79.038895,2.078666,0.005022,0.286043,5.319184,0.030383,0.160918,0.170606,4239.326172,0.151151,2.623158,0.037257,0.087363,0.037812,0.001229,477.66261454423267,-228.139938,-6134.239258,481.22345,-1.272394,-5.370264,-216.403229,-78.950752,-63.872993,-128.0,64.126945,0.0,50.529488,-217.919724,-79.03894,50304000,0.966891,0.806251,11.313259
0.0109,11.313223,0.616161,1894.0905009488836,51.181984,-218.091309,-79.899345,-217.242538,2739.988037,31397.09375,-79.491615,2.08964,0.00504,0.286665,5.340953,0.03082,0.15968,0.170078,4247.866211,0.15401,2.658072,0.037454,0.087833,0.038029,0.001235,481.04621754089993,-228.312637,-6123.175293,486.570251,-1.281649,-5.369192,-216.579391,-79.402687,-63.81435,-128.0,64.1856,0.0,51.005478,-218.09166,-79.49157,50688000,0.96862,0.806916,11.313264
0.011137,11.313223,0.520845,1893.4206594074617,50.936459,-219.173096,-80.381752,-218.349625,2732.155762,31484.380859,-79.96637,2.13554,0.005032,0.279205,5.27846,0.030997,0.158618,0.168479,4192.352539,0.152966,2.729685,0.036815,0.086509,0.037344,0.001235,484.4310208002726,-228.192505,-6125.613281,490.009064,-1.29252,-5.385369,-217.664764,-79.880898,-63.874348,-127.999985,64.12558,0.0,50.754311,-219.173019,-79.966301,51072000,0.971955,0.796957,11.313262
0.011064,11.313223,0.27434,1896.458382909012,51.006359,-219.098648,-81.282562,-218.278336,2742.821045,31647.193359,-80.878281,2.170416,0.005151,0.281722,5.31444,0.030938,0.156188,0.167459,4198.027344,0.152578,2.784316,0.037081,0.087106,0.037645,0.001238,487.81047925154365,-228.356995,-6115.09375,495.788757,-1.29534,-5.38093,-217.595932,-80.80114,-63.825359,-128.0,64.174637,0.0,50.825977,-219.098679,-80.87854,51456000,0.96588,0.812396,11.313272
0.010793,11.313223,0.286756,1892.249201431273,51.19931,-219.287582,-81.28904,-218.402039,2755.248047,31808.863281,-80.89003,1.933886,0.005087,0.279272,5.267555,0.030943,0.154766,0.167148,4172.82373,0.148652,1.939847,0.036656,0.086201,0.037186,0.001236,491.1972838441531,-229.471954,-6145.96582,470.751587,-1.293783,-5.390331,-217.765366,-80.815933,-63.872406,-128.0,64.127548,0.0,51.020775,-219.287643,-80.890053,51840000,0.994358,0.809102,11.313276
0.010795,11.313223,0.433083,1895.690135007651,51.369324,-220.121979,-81.579651,-219.272064,2740.98584,31779.371094,-81.142471,2.181142,0.005125,0.286792,5.301873,0.030954,0.155449,0.167712,4203.258789,0.149771,2.693972,0.037025,0.087039,0.037592,0.001242,494.5780215620995,-228.248367,-6115.313965,491.915283,-1.297003,-5.38347,-218.633972,-81.072723,-63.789909,-128.0,64.209976,0.0,51.195457,-220.122498,-81.142609,52224000,0.973749,0.804383,11.313276
0.010862,11.313223,0.610528,1892.605103097273,51.53616,-220.022263,-81.535851,-219.203262,2732.528809,31669.205078,-81.143089,2.198678,0.005038,0.284566,5.259493,0.0309,0.155574,0.167922,4165.925293,0.146474,2.887104,0.03654,0.085991,0.037079,0.001237,497.96425853570304,-228.06517,-6116.879395,495.736237,-1.299838,-5.385187,-218.530579,-81.075043,-63.845718,-128.0,64.154205,0.0,51.365635,-220.022461,-81.143082,52608000,0.972816,0.795259,11.31328
0.010859,11.313223,0.677563,1893.0422296676384,51.53429,-219.910126,-80.954552,-219.117157,2729.324707,31588.462891,-80.590614,2.175957,0.005063,0.284512,5.272701,0.030901,0.154056,0.167513,4184.700195,0.147963,2.795589,0.036743,0.086525,0.037313,0.001247,501.3496987223625,-227.940109,-6105.556641,502.849915,-1.298132,-5.382575,-218.422394,-80.50872,-63.804836,-128.0,64.195122,0.0,51.363777,-219.910294,-80.590569,52992000,0.967366,0.803793,11.313281
0.011092,11.313223,0.221184,1895.387414906666,51.321697,-219.987305,-81.245934,-219.073608,2744.781982,31779.060547,-80.830002,1.976701,0.005051,0.282377,5.227156,0.030866,0.15357,0.167818,4169.718262,0.144029,1.955109,0.036277,0.085534,0.036825,0.001243,504.73098231156666,-229.282379,-6133.711914,480.457458,-1.294838,-5.395668,-218.461273,-80.754257,-63.848873,-128.0,64.151016,0.0,51.146343,-219.987442,-80.830132,53376000,1.020474,0.808307,11.313282
0.010829,11.313223,0.540241,1890.893393008452,51.509056,-219.43985,-80.996887,-218.594162,2746.305176,31717.568359,-80.606705,2.107965,0.005085,0.2854,5.251028,0.030918,0.154965,0.16816,4195.724121,0.144867,2.554014,0.036734,0.08657,0.03731,0.001253,508.12031172911327,-228.255722,-6110.458496,497.231903,-1.290737,-5.387171,-217.937866,-80.536491,-63.794399,-128.0,64.205528,0.0,51.338139,-219.440018,-80.60672,53760000,0.966316,0.796652,11.313284
0.010933,11.313223,0.589817,1896.29938852599,51.041733,-219.830658,-80.796814,-218.985764,2756.78833,31882.046875,-80.399704,2.096237,0.005053,0.280731,5.212923,0.031094,0.154762,0.1672,4155.687012,0.146959,2.574454,0.036359,0.085734,0.036878,0.00125,511.49996065298717,-228.223053,-6118.55127,494.834625,-1.291562,-5.397759,-218.329559,-80.322685,-63.851509,-128.0,64.148438,0.0,50.86153,-219.8311,-80.399612,54144000,0.959434,0.799404,11.313266
0.010812,11.313223,0.312092,1890.2402233974467,51.22662,-220.115463,-80.68148,-219.293045,2754.802734,31894.496094,-80.288147,2.09879,0.0051,0.284335,5.227481,0.031467,0.156158,0.167028,4184.325195,0.148524,2.690552,0.036814,0.086756,0.037362,0.001258,514.8903524875641,-228.444855,-6107.15332,499.840149,-1.294026,-5.386175,-218.635056,-80.209991,-63.785519,-128.0,64.214386,0.0,51.05003,-220.115982,-80.287926,54528000,0.953934,0.792283,11.313287
0.010857,11.313223,0.342037,1894.137735460592,51.15947,-219.723663,-80.862564,-218.857941,2768.779785,32006.117188,-80.463425,1.893554,0.0051,0.278649,5.199473,0.031541,0.155655,0.166251,4151.974121,0.148055,1.826716,0.036347,0.08575,0.036851,0.001255,518.2739243427912,-229.693909,-6138.084473,478.15274,-1.291348,-5.396249,-218.219727,-80.386856,-63.86536,-128.0,64.134583,0.0,50.98037,-219.723892,-80.463379,54912000,0.963635,0.801908,11.313287
0.010706,11.313223,0.298004,1892.6561000987695,51.131802,-219.771408,-80.779205,-218.916245,2773.917236,32067.773438,-80.393471,2.08333,0.00517,0.277852,5.223082,0.031493,0.153566,0.165199,4170.681152,0.148706,2.539805,0.036412,0.085904,0.036929,0.001256,521.6601333975792,-228.415771,-6113.6875,493.68158,-1.288583,-5.393684,-218.275574,-80.310913,-63.789577,-127.999985,64.210358,0.0,50.953438,-219.771317,-80.393608,55296000,0.954425,0.816837,11.313274
0.010698,11.313223,0.483902,1892.370485580201,51.063469,-219.906265,-80.37326,-219.050125,2765.796875,31969.748047,-79.986923,2.074547,0.005108,0.275724,5.208155,0.031591,0.153618,0.164927,4145.811523,0.145231,2.449678,0.036275,0.085573,0.036763,0.001253,525.0470728039742,-228.607941,-6125.71875,487.989044,-1.287554,-5.401795,-218.399857,-79.896439,-63.850891,-128.0,64.149033,0.0,50.883358,-219.906784,-79.987022,55680000,0.964852,0.817889,11.31325
0.010546,11.313223,0.642532,1895.9541525889858,51.196678,-220.323959,-80.017784,-219.531494,2750.280029,31836.548828,-79.651154,2.042475,0.005019,0.278995,5.238687,0.031219,0.155031,0.1643,4138.152344,0.149207,2.554018,0.036676,0.086487,0.037192,0.001262,528.427344095707,-228.680099,-6117.505859,492.430939,-1.288183,-5.392019,-218.849411,-79.568199,-63.812656,-128.0,64.187302,0.0,51.018745,-220.323868,-79.651192,56064000,0.937505,0.787967,11.313264
0.010707,11.313223,0.155969,1896.1619358181126,50.705238,-220.274857,-80.201607,-219.352646,2774.581055,32103.759766,-79.7976,1.8639,0.004823,0.277401,5.202763,0.030658,0.153017,0.163639,4098.627441,0.145571,1.835294,0.036363,0.085758,0.036846,0.001255,531.8072487751643,-229.676544,-6137.611816,477.883698,-1.289806,-5.403465,-218.754517,-79.701874,-63.858109,-128.0,64.141838,0.0,50.516228,-220.274246,-79.797668,56448000,1.002441,0.816522,11.313252
0.010344,11.313223,-0.018724,1892.6589491618975,50.887714,-220.308975,-80.04483,-219.468719,2776.868896,32138.34375,-79.676247,2.051898,0.004858,0.279904,5.224125,0.030296,0.153247,0.163506,4127.66748,0.144583,2.558959,0.036664,0.086475,0.037185,0.001263,535.1934598207474,-228.590088,-6120.111328,489.080872,-1.287298,-5.390543,-218.821808,-79.591339,-63.805996,-128.0,64.193924,0.0,50.70335,-220.309082,-79.676224,56832000,0.965542,0.79465,11.313248
0.010628,11.313223,0.402231,1893.365002741537,50.819454,-220.45079,-80.102852,-219.62204,2783.373291,32238.388672,-79.707382,2.02698,0.004665,0.280088,5.195504,0.029685,0.154578,0.162971,4094.688965,0.143544,2.424239,0.036237,0.08555,0.036731,0.001258,538.5783357302348,-228.935852,-6123.958008,489.664551,-1.28756,-5.397462,-218.962936,-79.626968,-63.846661,-128.0,64.153244,0.0,50.634113,-220.45108,-79.707268,57216000,0.958257,0.786522,11.31327
0.010465,11.313223,0.570118,1412.9651155357244,50.715683,-220.569061,-80.591789,-219.755081,2785.246826,32306.949219,-80.18869,2.08878,0.004658,0.281214,5.20538,0.029657,0.153915,0.162951,4099.557129,0.143762,2.389894,0.036389,0.085936,0.036906,0.001264,543.1126373847326,-228.751709,-6115.40332,493.766815,-1.286295,-5.391337,-219.096558,-80.120056,-63.804134,-128.0,64.195801,0.0,50.528442,-220.569458,-80.188835,57600000,0.945408,0.785256,11.313272
0.010409,11.313223,0.647238,1894.2212954172865,51.015511,-220.089813,-80.304939,-219.200104,2782.484863,32182.992188,-79.900543,1.975504,0.004767,0.289619,5.263914,0.030297,0.155304,0.16355,4123.987305,0.14514,1.859376,0.036782,0.086873,0.03735,0.001274,546.4958601355553,-229.543335,-6132.936523,481.014923,-1.277055,-5.387908,-218.588043,-79.826729,-63.844147,-128.0,64.155746,0.0,50.833099,-220.089783,-79.900467,57984000,0.990619,0.802649,11.31325
0.010487,11.313223,0.268017,1889.0781668888862,51.136093,-220.148773,-80.804199,-219.283295,2793.193359,32344.970703,-80.403297,2.156301,0.004707,0.28797,5.216526,0.030022,0.155844,0.163374,4123.191406,0.146809,2.488859,0.036573,0.086446,0.037112,0.001276,549.8884318470955,-228.910583,-6127.219238,489.350342,-1.285756,-5.397381,-218.652267,-80.335297,-63.876614,-128.0,64.123314,0.0,50.956821,-220.149536,-80.403267,58368000,0.964328,0.794116,11.313281
0.010196,11.313223,0.246838,1892.6889126622023,51.161285,-219.613998,-80.192787,-218.760956,2794.004395,32246.765625,-79.828209,2.023945,0.004743,0.285962,5.227215,0.03,0.155972,0.162839,4115.901855,0.146087,2.397343,0.03655,0.086415,0.037099,0.001277,553.2745086789131,-229.075577,-6124.359375,488.352905,-1.286209,-5.39261,-218.121643,-79.744904,-63.836422,-128.0,64.163506,0.0,50.9823,-219.614273,-79.828323,58752000,0.943747,0.800157,11.31328
0.010398,11.313223,0.618435,1888.85485852287,51.381798,-219.538742,-79.782516,-218.68602,2786.716797,32129.664062,-79.405739,2.001715,0.004709,0.284548,5.210377,0.030147,0.157081,0.162067,4113.913086,0.14526,2.451645,0.036159,0.085644,0.036699,0.001279,556.6676765402158,-229.230484,-6129.677734,485.62323,-1.289998,-5.403427,-218.037704,-79.307762,-63.860687,-128.0,64.139252,0.0,51.207386,-219.538879,-79.40567,59136000,0.93566,0.804363,11.313284
0.010284,11.313223,0.817612,1888.3746841539223,51.218994,-219.560669,-79.946907,-218.704086,2796.737305,32257.607422,-79.564445,1.876695,0.004702,0.286394,5.222134,0.030196,0.158887,0.16336,4114.085449,0.147486,1.790853,0.036493,0.086362,0.037064,0.00128,560.0613348881403,-229.994888,-6134.402832,478.871155,-1.281421,-5.391241,-218.067413,-79.472069,-63.833057,-128.0,64.166862,0.0,51.040287,-219.560455,-79.5644,59520000,0.945239,0.816942,11.313278
0.01035,11.313223,0.483758,1889.7771960448301,51.325317,-219.897415,-79.705475,-219.036804,2795.507568,32278.703125,-79.330658,2.012878,0.004708,0.282046,5.209524,0.030396,0.158204,0.162753,4101.730957,0.146087,2.429631,0.036088,0.085504,0.036623,0.001279,563.4526681542396,-228.942932,-6123.944824,490.680206,-1.288048,-5.408066,-218.395706,-79.233406,-63.856884,-128.0,64.143105,0.0,51.150436,-219.897766,-79.330872,59904000,0.94345,0.803844,11.313264
0.010197,11.313223,0.339381,1891.9043584716228,51.246037,-219.936462,-79.633606,-219.076981,2795.289062,32279.119141,-79.263313,2.051992,0.004717,0.281775,5.231683,0.03046,0.157617,0.161957,4122.522949,0.145536,2.483773,0.036171,0.085731,0.036717,0.001284,566.8400531013807,-228.931671,-6109.95459,498.053009,-1.289531,-5.403524,-218.437378,-79.157204,-63.790688,-128.0,64.209229,0.0,51.068703,-219.936661,-79.263428,60288000,0.948165,0.81556,11.313272
0.010296,11.313223,0.23867,1890.2715035722556,51.394417,-221.018875,-79.833153,-220.191483,2778.080566,32245.623047,-79.438828,2.1465,0.00468,0.278078,5.170471,0.030532,0.157196,0.161464,4096.438477,0.142051,2.667264,0.035478,0.084183,0.035977,0.001273,570.2304163257281,-228.67868,-6115.055176,498.153046,-1.292296,-5.414287,-219.528183,-79.341324,-63.845196,-128.0,64.154663,0.0,51.220303,-221.018539,-79.438934,60672000,0.953122,0.800139,11.313273
0.010166,11.313223,0.622491,1886.752488875526,51.843006,-220.862869,-80.487503,-220.035858,2784.549316,32336.699219,-80.099258,2.136868,0.004583,0.280777,5.196093,0.030268,0.157887,0.161359,4105.845215,0.146173,2.544183,0.035933,0.085193,0.036469,0.001279,573.627086730798,-228.901306,-6108.283691,498.540375,-1.293276,-5.405227,-219.381775,-80.004547,-63.779381,-128.0,64.220497,0.0,51.677303,-220.863037,-80.099304,61056000,0.945355,0.819586,11.313282
0.010406,11.313223,0.441694,1891.2451715900927,51.462276,-220.658997,-80.562897,-219.75766,2800.358887,32486.576172,-80.180885,1.954375,0.00445,0.280407,5.173604,0.030232,0.156058,0.161123,4119.656738,0.143316,1.831208,0.035388,0.083994,0.035895,0.001271,577.015771027406,-230.158035,-6137.559082,476.323822,-1.292539,-5.416648,-219.140121,-80.078201,-63.837296,-128.0,64.162643,0.0,51.287727,-220.659058,-80.180923,61440000,0.990094,0.840523,11.313305
0.010235,11.313223,0.040079,1888.8048347805136,51.296539,-221.844391,-80.754601,-221.005386,2781.561035,32450.666016,-80.3592,2.1501,0.004595,0.284039,5.196999,0.0307,0.156772,0.161811,4141.69043,0.146993,2.662039,0.035958,0.08525,0.036499,0.001279,580.4087912837664,-228.816544,-6105.627441,502.98465,-1.295056,-5.405725,-220.375183,-80.279808,-63.797985,-128.0,64.201965,0.0,51.119354,-221.844269,-80.359261,61824000,0.960695,0.795762,11.313295
0.010277,11.313223,0.39636,1892.680894574979,51.10778,-221.637497,-80.627289,-220.8134,2782.895996,32433.425781,-80.245148,2.153894,0.00453,0.281898,5.169634,0.030628,0.155339,0.160376,4122.572266,0.14539,2.782319,0.035604,0.084479,0.036116,0.001276,583.794869351387,-229.001282,-6108.550781,505.746002,-1.299407,-5.416101,-220.158997,-80.15728,-63.852848,-127.999985,64.147079,0.0,50.927219,-221.637848,-80.245132,62208000,0.95009,0.798998,11.313282
0.010174,11.313223,0.526265,1888.9343397659165,50.791977,-221.297333,-80.587669,-220.486267,2789.293945,32461.585938,-80.222664,2.118479,0.004558,0.282681,5.189252,0.030599,0.155033,0.160766,4121.655273,0.147215,2.656935,0.035944,0.085261,0.036512,0.00128,587.1876303195953,-229.34314,-6104.525391,503.912567,-1.298766,-5.407906,-219.820602,-80.128944,-63.790787,-128.0,64.209099,0.0,50.604511,-221.297516,-80.222794,62592000,0.950113,0.811642,11.31328
0.010313,11.313223,0.540026,1888.1863768008138,50.984921,-221.380768,-81.084862,-220.483795,2806.114258,32686.957031,-80.68763,1.946519,0.004513,0.277958,5.140017,0.030752,0.156909,0.160636,4095.678955,0.149836,1.840474,0.035698,0.084706,0.036235,0.001277,590.5816838383674,-230.299042,-6124.365234,489.795715,-1.30227,-5.410723,-219.883087,-80.58094,-63.838818,-128.0,64.16114,0.0,50.800323,-221.38089,-80.687607,62976000,0.988455,0.849177,11.313278
0.010208,11.313223,0.372263,1891.4298070706238,51.136959,-221.163025,-80.805786,-220.331833,2805.963623,32650.775391,-80.431366,2.096775,0.004485,0.277172,5.162649,0.030451,0.157314,0.159886,4105.175781,0.151054,2.502318,0.035881,0.085108,0.036431,0.00128,593.9700465718905,-229.142273,-6103.686035,506.21936,-1.303247,-5.404792,-219.685181,-80.321648,-63.807682,-127.999985,64.192322,0.0,50.955795,-221.163391,-80.431267,63360000,0.953305,0.842535,11.313281
0.010165,11.313223,0.333605,1886.8150583234628,51.545155,-221.154709,-80.944946,-220.324707,2803.274414,32627.748047,-80.560555,2.116306,0.004542,0.273255,5.1323,0.031001,0.156514,0.158939,4080.480225,0.149894,2.468681,0.035638,0.08463,0.036168,0.001282,597.3666030128796,-228.885422,-6106.936035,506.142029,-1.3056,-5.407473,-219.681793,-80.454918,-63.841885,-128.0,64.158073,0.0,51.373371,-221.155518,-80.56057,63744000,0.938574,0.83502,11.313268
0.009753,11.313223,0.35013,1891.8470909354523,51.499901,-221.505356,-80.888603,-220.688705,2798.486328,32617.898438,-80.500359,2.029775,0.004583,0.271936,5.147473,0.030744,0.156932,0.159125,4075.126221,0.152667,2.414966,0.03598,0.085392,0.036525,0.001289,600.7540803194046,-229.243408,-6108.519043,502.005341,-1.304026,-5.404262,-220.043396,-80.392433,-63.81263,-127.999985,64.187309,0.0,51.32637,-221.504471,-80.500557,64128000,0.93364,0.840508,11.313274
0.010107,11.313223,0.485541,1890.9346960581968,51.295708,-221.323212,-80.984138,-220.481262,2811.536377,32745.828125,-80.61068,1.871186,0.004549,0.267845,5.11746,0.030667,0.156318,0.15868,4050.82666,0.152067,1.741221,0.035516,0.084404,0.03603,0.001286,604.1432417829832,-230.48381,-6135.044434,481.704926,-1.30262,-5.418602,-219.838394,-80.495262,-63.862614,-127.999985,64.137337,0.0,51.116989,-221.323456,-80.610901,64512000,0.945074,0.862812,11.313278
0.009921,11.313223,0.265585,1893.6246304914273,51.6306,-221.753845,-80.448883,-220.915054,2815.94873,32822.5,-80.080513,2.006362,0.004656,0.269522,5.146816,0.031128,0.155158,0.157708,4070.522217,0.150234,2.559463,0.035732,0.084885,0.036259,0.001289,607.5276499708493,-229.273788,-6107.599121,499.475128,-1.302958,-5.416564,-220.278931,-79.96489,-63.777946,-128.0,64.221939,0.0,51.459789,-221.753708,-80.080338,64896000,0.947426,0.84012,11.313267
0.009897,11.313223,0.376168,1890.40527682237,51.503098,-221.60083,-80.329506,-220.753128,2816.523926,32800.332031,-79.958107,2.006383,0.004576,0.270516,5.125435,0.031023,0.152329,0.156895,4079.425293,0.150593,2.462644,0.035312,0.083986,0.035827,0.001285,610.9177533348401,-229.505081,-6117.553711,496.453705,-1.305221,-5.424446,-220.117767,-79.832756,-63.845093,-128.0,64.154808,0.0,51.329453,-221.601181,-79.958321,65280000,0.940718,0.850496,11.313252
0.009671,11.313223,0.361069,1890.435674910059,51.315765,-221.592712,-79.858017,-220.785431,2812.22998,32728.541016,-79.496109,2.030731,0.004558,0.274211,5.158331,0.03107,0.148677,0.156795,4085.243652,0.146108,2.437137,0.03548,0.084405,0.036015,0.001291,614.3079095482826,-229.380875,-6111.431152,496.508759,-1.298126,-5.419423,-220.127014,-79.383545,-63.785728,-128.0,64.214188,0.0,51.138817,-221.593124,-79.496101,65664000,0.916642,0.820778,11.313273
0.00955,11.313223,0.257779,1893.0931122720187,51.025593,-221.308228,-80.356606,-220.414185,2817.921875,32771.125,-79.974747,1.934786,0.004476,0.271059,5.118456,0.031078,0.148484,0.155777,4052.999268,0.14592,1.704008,0.035088,0.083496,0.035573,0.001283,617.6932687044143,-230.553345,-6138.92334,476.244568,-1.301834,-5.425335,-219.804932,-79.837715,-63.846176,-128.0,64.153793,0.0,50.840885,-221.30867,-79.974815,66048000,0.969212,0.88202,11.313266
0.009421,11.313223,0.609902,1890.8976242403485,51.074005,-221.86438,-79.946518,-221.012085,2807.025391,32703.503906,-79.590553,2.044435,0.004417,0.273106,5.14591,0.030243,0.145915,0.155509,4068.285889,0.14639,2.451708,0.035278,0.083985,0.035797,0.001291,621.0824859698613,-229.513931,-6111.271484,495.876495,-1.297323,-5.424009,-220.390472,-79.466606,-63.776478,-128.0,64.223412,0.0,50.8918,-221.864227,-79.590645,66432000,0.934633,0.849275,11.313287
0.00937,11.313223,0.482786,1894.997255746586,51.220249,-222.072922,-80.062859,-221.243164,2809.738525,32773.1875,-79.670532,2.020524,0.004405,0.274492,5.117712,0.030393,0.146263,0.155144,4048.585205,0.14674,2.553151,0.034897,0.083135,0.035383,0.001285,624.4643797318141,-229.335709,-6118.069336,493.966614,-1.297686,-5.431238,-220.606201,-79.56591,-63.827129,-128.0,64.172737,0.0,51.041115,-222.073227,-79.670624,66816000,0.914376,0.812844,11.313262
0.009145,11.313223,0.185795,1407.529982037006,51.484158,-221.754684,-80.486366,-220.925461,2817.065918,32835.390625,-80.123085,2.073932,0.004393,0.273886,5.135952,0.030207,0.147185,0.154963,4058.876221,0.14799,2.492677,0.035453,0.084311,0.035975,0.001288,629.0159674286842,-229.592636,-6112.049805,494.648193,-1.298379,-5.416978,-220.299744,-80.007011,-63.770931,-127.999985,64.229027,0.0,51.310467,-221.754562,-80.123077,67200000,0.905105,0.852891,11.313267
0.008978,11.313223,0.248824,1892.1369465214548,50.7775,-221.215347,-80.156799,-220.30719,2837.618652,32968.144531,-79.775856,1.880724,0.004302,0.276023,5.168725,0.029627,0.148952,0.155956,4078.629883,0.151363,1.708253,0.035634,0.084739,0.036152,0.001295,632.4028497179349,-230.238129,-6136.64209,477.178162,-1.280013,-5.415484,-219.737244,-79.663231,-63.835693,-127.999985,64.16423,0.0,50.588364,-221.21524,-79.775642,67584000,0.934025,0.869021,11.313274
0.009193,11.313223,0.257182,1893.254800845552,51.098396,-221.355545,-79.973717,-220.491623,2824.670898,32833.234375,-79.610199,2.014243,0.004303,0.274739,5.121576,0.029809,0.150251,0.155841,4063.983398,0.148818,2.479501,0.035456,0.084358,0.035952,0.001295,635.7878898501397,-229.566544,-6121.381836,492.377716,-1.293231,-5.4183,-219.883453,-79.518929,-63.841873,-128.0,64.158035,0.0,50.916435,-221.355972,-79.61026,67968000,0.922554,0.792789,11.313264
0.009138,11.313223,0.330924,1892.0249449710377,51.441845,-220.501373,-79.834152,-219.63298,2834.140869,32812.074219,-79.470985,1.978797,0.004299,0.27738,5.132878,0.029695,0.150436,0.155693,4097.566895,0.15088,2.406074,0.035629,0.084802,0.036161,0.001301,639.1751775662104,-229.722565,-6125.501465,486.331238,-1.295189,-5.412706,-219.021957,-79.3591,-63.82114,-128.0,64.178764,0.0,51.266605,-220.500732,-79.470909,68352000,0.911407,0.824384,11.313251
0.009215,11.313223,0.401783,1895.5079104447454,51.713848,-220.584473,-79.688713,-219.741547,2843.528076,32927.085938,-79.316742,1.974683,0.004257,0.277429,5.128522,0.029615,0.150657,0.156115,4116.355957,0.149131,2.384032,0.035404,0.084357,0.035943,0.001301,642.5562089284261,-229.998169,-6125.871094,489.328918,-1.291167,-5.421532,-219.104019,-79.204315,-63.852058,-127.999985,64.147873,0.0,51.543808,-220.584335,-79.316788,68736000,0.900361,0.827471,11.313263
0.009174,11.313223,0.182934,1890.6740653098316,51.75053,-220.080734,-80.225861,-219.177231,2844.485596,32888.957031,-79.840027,1.837932,0.004384,0.283726,5.152344,0.030106,0.153266,0.158117,4140.326172,0.150263,1.712312,0.035548,0.084715,0.036089,0.001308,645.946020869414,-230.681671,-6138.783203,476.5065,-1.295542,-5.413783,-218.574371,-79.723549,-63.846073,-127.999985,64.153809,0.0,51.580906,-220.081055,-79.840012,69120000,0.947441,0.847595,11.313242
0.009417,11.313223,0.873294,1892.3875771521055,51.709644,-220.089462,-80.057007,-219.204056,2835.170654,32775.199219,-79.703484,1.955149,0.004363,0.280659,5.134213,0.030111,0.154522,0.158718,4140.115723,0.146989,2.374398,0.035136,0.083843,0.035652,0.001306,649.3326647599538,-230.015305,-6128.493164,487.418091,-1.298247,-5.428951,-218.572479,-79.574257,-63.858791,-128.0,64.141045,0.0,51.539692,-220.089355,-79.703522,69504000,0.936581,0.862394,11.313253
0.009241,11.313223,0.6773,1892.543109745962,52.003071,-220.392609,-79.804001,-219.52916,2854.055908,33026.894531,-79.434669,2.004863,0.004312,0.280733,5.156255,0.03053,0.152779,0.158913,4153.660645,0.145002,2.400331,0.035226,0.08406,0.035754,0.001308,652.7190367062886,-229.917023,-6113.641113,496.076904,-1.29834,-5.432759,-218.87825,-79.298737,-63.797932,-127.999985,64.202034,0.0,51.839176,-220.393036,-79.434578,69888000,0.936987,0.86396,11.313257
0.009366,11.313223,0.267392,1890.3516476604125,52.079082,-221.436584,-79.764183,-220.584305,2833.872314,32940.554688,-79.407654,1.983115,0.004233,0.277763,5.116781,0.030913,0.151805,0.157852,4131.951172,0.140815,2.456198,0.034862,0.083295,0.035362,0.001307,656.1094487309456,-229.791473,-6121.924805,492.228912,-1.302137,-5.442425,-219.93779,-79.28154,-63.843597,-127.999985,64.156311,0.0,51.916855,-221.436554,-79.407654,70272000,0.929351,0.835729,11.313235
0.009155,11.313223,0.344073,1893.938326282857,51.420788,-221.589294,-79.958046,-220.768539,2830.845215,32944.347656,-79.59082,2.034896,0.004137,0.279463,5.142239,0.03013,0.150797,0.157409,4134.344238,0.14379,2.386891,0.034983,0.083577,0.035505,0.001309,659.4933165192604,-229.852417,-6103.353027,505.471008,-1.303464,-5.440902,-220.10289,-79.459282,-63.789505,-128.0,64.210403,0.0,51.24501,-221.589188,-79.590897,70656000,0.913176,0.85168,11.313243
0.00921,11.313223,0.229947,1892.4599045777702,51.465687,-221.825394,-80.330574,-220.911407,2833.952637,33024.203125,-79.972412,1.922331,0.004101,0.273534,5.104106,0.02983,0.150781,0.157201,4092.359375,0.141267,1.735359,0.034563,0.082636,0.035038,0.001303,662.87996737957,-230.687271,-6127.746094,486.991943,-1.300677,-5.455951,-220.316971,-79.822403,-63.840626,-128.0,64.159256,0.0,51.289822,-221.826065,-79.972496,71040000,0.937613,0.910234,11.313285
0.009186,11.313223,0.267638,1894.9266961416383,51.726322,-222.866013,-80.3088,-222.009598,2821.671387,33033.472656,-79.933212,2.091747,0.004158,0.277098,5.125338,0.029511,0.152092,0.158051,4097.824219,0.143356,2.633208,0.034922,0.083424,0.035431,0.001307,666.2621093471845,-229.521713,-6102.371094,505.611694,-1.300879,-5.445548,-221.393387,-79.826607,-63.784691,-127.999985,64.215195,0.0,51.558071,-222.866333,-79.933319,71424000,0.928768,0.821008,11.31328
0.00936,11.313223,0.252923,1892.2548237524607,51.248291,-222.850754,-79.96199,-222.02272,2827.897217,33088.621094,-79.592842,2.123469,0.004032,0.27344,5.085422,0.028955,0.149639,0.157051,4083.530518,0.140492,2.501311,0.034364,0.082196,0.034833,0.0013,669.648970957597,-229.526581,-6108.899414,503.658112,-1.297294,-5.455249,-221.37149,-79.477097,-63.830391,-127.999985,64.169586,0.0,51.069546,-222.851395,-79.592888,71808000,0.922429,0.832384,11.313282
0.009153,11.313223,0.146228,1894.1564138460346,51.224422,-222.47496,-80.52298,-221.633453,2847.523193,33295.867188,-80.1297,2.160749,0.004059,0.274463,5.120912,0.029193,0.148736,0.156804,4089.99292,0.140691,2.564962,0.03499,0.083523,0.035493,0.001304,673.0324239373207,-229.539429,-6096.547852,511.5979,-1.297167,-5.437984,-220.997498,-80.005478,-63.786045,-128.0,64.213913,0.0,51.044827,-222.474762,-80.129875,72192000,0.935717,0.872079,11.313298
0.00901,11.313223,0.357805,1892.96640257432,50.97723,-222.269333,-80.935471,-221.368042,2868.258545,33525.484375,-80.551605,2.019746,0.004011,0.271472,5.074939,0.029075,0.14939,0.15681,4064.339355,0.139264,1.727487,0.034677,0.082821,0.035155,0.001299,676.4180348475774,-230.822098,-6124.441406,492.101044,-1.298218,-5.44455,-220.760452,-80.401627,-63.857136,-128.0,64.142769,0.0,50.791534,-222.269669,-80.551559,72576000,0.979386,0.938308,11.313271
0.009098,11.313223,0.596179,1891.6061497050744,50.262043,-222.428284,-80.235374,-221.587875,2862.965576,33455.078125,-79.889809,2.209086,0.004051,0.274212,5.106336,0.028897,0.148299,0.156594,4091.640869,0.138729,2.486467,0.034854,0.083299,0.035359,0.001309,679.8062247713407,-229.432678,-6096.391113,511.210785,-1.294672,-5.434656,-220.96106,-79.741997,-63.781605,-128.0,64.218323,0.0,50.063095,-222.428772,-79.889771,72960000,0.922763,0.914581,11.313278
0.009084,11.313223,0.474384,1896.6542894289882,51.23175,-222.591766,-79.626091,-221.751389,2860.654053,33417.773438,-79.26049,2.103007,0.004002,0.270484,5.072061,0.029177,0.147036,0.156246,4065.758057,0.133991,2.298748,0.034491,0.082486,0.034966,0.001303,683.1851575732231,-229.769241,-6113.060547,500.255951,-1.29606,-5.443544,-221.123993,-79.10997,-63.835537,-128.0,64.164337,0.0,51.052219,-222.591034,-79.260521,73344000,0.910451,0.890929,11.313273
0.008892,11.313223,0.354406,1892.265217020162,51.855896,-222.586349,-79.659225,-221.747742,2852.525391,33324.398438,-79.298584,2.077214,0.003939,0.275843,5.100507,0.029182,0.146951,0.156323,4097.942383,0.132855,2.417455,0.03468,0.082954,0.035174,0.00131,686.5719702124595,-229.987274,-6105.721191,503.633606,-1.293602,-5.431409,-221.126953,-79.149529,-63.793922,-128.0,64.206055,0.0,51.689072,-222.586136,-79.298393,73728000,0.918403,0.89459,11.313272
0.008937,11.313223,0.129832,1895.0451308265228,51.646725,-222.577606,-79.644814,-221.727722,2862.204346,33433.765625,-79.267235,1.933224,0.00386,0.27023,5.063457,0.029401,0.145683,0.154846,4069.911865,0.129529,1.634599,0.034227,0.081895,0.034691,0.001298,689.9538671573004,-230.958603,-6130.835449,484.542633,-1.293692,-5.441809,-221.108246,-79.108498,-63.844223,-127.999985,64.155647,0.0,51.474297,-222.577179,-79.267113,74112000,0.91693,0.912708,11.31327
0.008773,11.313223,0.202488,1892.12215788503,51.366005,-222.726349,-79.756775,-221.879929,2867.604004,33521.980469,-79.399643,2.102268,0.003949,0.270777,5.093433,0.029557,0.144025,0.154241,4077.978271,0.131493,2.289627,0.034496,0.082477,0.034972,0.001301,693.3409283320109,-229.728088,-6113.15918,493.648071,-1.293327,-5.432086,-221.267441,-79.239532,-63.770855,-128.0,64.229042,0.0,51.189445,-222.726349,-79.39949,74496000,0.923968,0.921059,11.313271
0.008887,11.313223,0.610168,1894.24502814567,51.112114,-222.467957,-80.004654,-221.601059,2866.944336,33486.664062,-79.615746,2.126621,0.003936,0.266891,5.053717,0.029372,0.144695,0.153758,4050.180664,0.133697,2.527759,0.034265,0.082024,0.034717,0.001304,696.7241389711697,-229.949875,-6119.645508,493.941376,-1.298674,-5.446418,-220.995148,-79.458054,-63.8363,-128.0,64.163582,0.0,50.931225,-222.468292,-79.616028,74880000,0.911507,0.914962,11.313291
0.008837,11.313223,0.394293,1889.7940811537783,51.830036,-222.88472,-80.427498,-222.089371,2855.265869,33442.53125,-80.040329,2.055359,0.003932,0.2704,5.081002,0.029198,0.143529,0.153534,4073.113525,0.135843,2.407981,0.034439,0.08245,0.03492,0.001309,700.1154253403346,-229.726395,-6109.479492,497.13913,-1.295319,-5.436517,-221.443771,-79.921898,-63.769005,-128.0,64.230881,0.0,51.663708,-222.884567,-80.04026,75264000,0.88427,0.860164,11.313292
0.008613,11.313223,0.138887,1892.1115550217935,51.978245,-222.504166,-80.869019,-221.591919,2862.790039,33483.964844,-80.485199,1.872863,0.003886,0.268108,5.063107,0.029263,0.144273,0.15318,4051.039062,0.1385,1.653039,0.034315,0.082115,0.034774,0.001303,703.5025242328644,-231.078934,-6141.082031,475.929443,-1.302501,-5.439832,-221.021378,-80.327698,-63.859379,-128.0,64.140594,0.0,51.813099,-222.503616,-80.485237,75648000,0.944189,0.941946,11.31328
0.008679,11.313223,0.050748,1895.5833433892453,51.05035,-222.812347,-80.568985,-221.958023,2835.932861,33204.195312,-80.22126,2.03997,0.003991,0.269938,5.082642,0.029068,0.144869,0.153168,4078.43457,0.141512,2.491061,0.034594,0.082749,0.035083,0.001307,706.8834641814232,-229.649185,-6110.458496,496.209839,-1.303384,-5.432116,-221.351379,-80.084648,-63.770145,-128.0,64.22979,0.0,50.867245,-222.811951,-80.221275,76032000,0.929794,0.887803,11.31327
0.008865,11.313223,0.469138,1892.0430416065328,51.213333,-222.540649,-79.97332,-221.702042,2843.070068,33218.054688,-79.616783,2.01801,0.003889,0.265146,5.038512,0.028992,0.144368,0.152699,4038.585205,0.140665,2.377673,0.034208,0.081924,0.034671,0.001304,710.2707863926887,-229.930664,-6110.503418,502.291656,-1.305975,-5.442998,-221.08252,-79.473495,-63.828609,-128.0,64.171288,0.0,51.033905,-222.540222,-79.616829,76416000,0.891031,0.871001,11.313268
0.008722,11.313223,0.618722,1412.3551897087043,51.548977,-222.11618,-80.366951,-221.285126,2852.491211,33290.578125,-79.988762,2.123565,0.00389,0.26611,5.05668,0.028909,0.144755,0.153195,4066.159668,0.143854,2.387346,0.034427,0.082486,0.03491,0.001315,714.8068818489711,-229.788895,-6108.809082,498.933563,-1.30476,-5.439777,-220.65062,-79.845345,-63.779427,-128.0,64.220459,0.0,51.376328,-222.117233,-79.988831,76800000,0.896224,0.889048,11.313251
0.008743,11.313223,0.429354,1894.4097233295288,51.707912,-221.933289,-80.206909,-221.030396,2866.098389,33403.480469,-79.837624,1.901325,0.003883,0.270224,5.100713,0.029064,0.145472,0.153567,4081.11499,0.14466,1.649341,0.034836,0.083359,0.035351,0.001317,718.189754319191,-230.754837,-6129.522461,484.036407,-1.288475,-5.434631,-220.449661,-79.682793,-63.827972,-127.999985,64.171982,0.0,51.53825,-221.933121,-79.837608,77184000,0.933883,0.938749,11.313252
0.008663,11.313223,-0.020351,1892.3980786053576,51.746548,-222.274887,-79.843323,-221.411224,2864.764893,33422.28125,-79.484978,2.071685,0.003734,0.269465,5.055853,0.02902,0.144558,0.152834,4090.514648,0.139876,2.502568,0.034235,0.082074,0.034736,0.00131,721.5762876470884,-229.685272,-6116.303223,499.880951,-1.298238,-5.443606,-220.807053,-79.339104,-63.864964,-128.0,64.134949,0.0,51.578037,-222.27449,-79.484932,77568000,0.898415,0.886648,11.313266
0.008595,11.313223,0.371566,1893.990435273414,51.560448,-221.269608,-79.961075,-220.376984,2881.455566,33474.738281,-79.594513,2.107039,0.003678,0.270707,5.06193,0.02884,0.143251,0.15279,4092.004639,0.1402,2.395388,0.034321,0.082289,0.034835,0.001313,724.9599449833235,-229.998642,-6111.429199,501.213165,-1.296419,-5.441225,-219.777725,-79.432022,-63.826412,-128.0,64.173523,0.0,51.387249,-221.269684,-79.594627,77952000,0.910269,0.927989,11.31326
0.008664,11.313223,0.446314,1893.1634018726804,51.513916,-221.253708,-79.511826,-220.392273,2881.092285,33446.324219,-79.169228,2.069773,0.003629,0.266364,5.034069,0.028838,0.141297,0.151061,4073.060059,0.136735,2.281991,0.033808,0.081193,0.034291,0.001309,728.3451786756516,-230.401764,-6122.569336,491.988068,-1.296891,-5.458983,-219.75177,-78.986435,-63.84156,-128.0,64.158401,0.0,51.339962,-221.253601,-79.169121,78336000,0.894517,0.950045,11.313272
0.008752,11.313223,0.454515,1889.021606483144,51.49017,-221.493271,-79.305161,-220.626541,2879.096924,33445.933594,-78.943848,1.882126,0.003677,0.271399,5.068901,0.028849,0.140816,0.15195,4092.140869,0.137067,1.594521,0.034175,0.082011,0.034697,0.001314,731.7377995451292,-231.065582,-6131.777832,482.522522,-1.288789,-5.447564,-220.00383,-78.754875,-63.832348,-128.0,64.167564,0.0,51.314255,-221.493454,-78.943893,78720000,0.903124,0.970094,11.31326
0.008657,11.313223,0.180373,1892.3789990877033,51.211082,-221.776871,-79.243958,-220.898453,2874.953369,33433.421875,-78.882439,1.999176,0.00366,0.271603,5.066445,0.028987,0.139863,0.150837,4097.618652,0.13528,2.274472,0.03391,0.081436,0.034412,0.001311,735.1244113643965,-230.235291,-6121.307129,493.440277,-1.291038,-5.462812,-220.270126,-78.712975,-63.845139,-128.0,64.154778,0.0,51.030643,-221.776642,-78.882614,79104000,0.917432,0.923923,11.313255
0.008451,11.313223,0.149516,1890.5062577146227,51.220436,-222.044678,-79.129845,-221.180389,2882.406006,33554.28125,-78.771767,2.014119,0.003685,0.276557,5.09632,0.028978,0.139259,0.151237,4116.470215,0.133812,2.341317,0.034164,0.082006,0.034681,0.001316,738.5143794496854,-230.396225,-6119.087402,491.645508,-1.291356,-5.457517,-220.553421,-78.595329,-63.803406,-127.999985,64.196503,0.0,51.039845,-222.044434,-78.771698,79488000,0.907342,0.932224,11.313263
0.008605,11.313223,0.349306,1893.2734774002433,51.67778,-223.212936,-79.548386,-222.370392,2884.479736,33773.578125,-79.171013,2.076002,0.00358,0.272606,5.049863,0.028786,0.13771,0.150819,4084.282227,0.130672,2.493111,0.033564,0.08074,0.034045,0.001313,741.899358979861,-230.121628,-6120.100586,494.908997,-1.295284,-5.471081,-221.730255,-79.030258,-63.848789,-128.0,64.151108,0.0,51.506729,-223.212296,-79.171059,79872000,0.91013,0.869747,11.313259
0.008584,11.313223,0.312259,1890.2539665807901,51.872681,-223.595123,-79.739479,-222.787354,2889.135986,33898.730469,-79.370247,2.15869,0.003676,0.273682,5.078442,0.028665,0.138252,0.15141,4087.996582,0.134532,2.370311,0.034184,0.082104,0.034682,0.001324,745.289730878671,-230.098831,-6104.370605,502.299591,-1.288095,-5.457645,-222.144272,-79.221428,-63.765793,-128.0,64.234123,0.0,51.706367,-223.595703,-79.370224,80256000,0.891629,0.908592,11.313259
0.008731,11.313223,0.292527,1893.0042786506544,51.869843,-223.475525,-79.970772,-222.578766,2904.33667,34061.289062,-79.608223,1.938442,0.003674,0.267189,5.052994,0.028741,0.137483,0.150775,4073.921875,0.131745,1.640815,0.034003,0.081652,0.03445,0.00132,748.6752852757771,-231.304367,-6137.59082,478.364075,-1.28935,-5.469153,-221.989517,-79.411324,-63.84663,-127.999985,64.153313,0.0,51.701717,-223.475418,-79.60807,80640000,0.92997,1.011575,11.313271
0.008546,11.313223,0.387231,1892.7520722092672,51.909569,-224.244415,-80.201271,-223.394272,2887.882324,33998.738281,-79.816452,2.168424,0.003716,0.270126,5.063323,0.028497,0.139525,0.151798,4077.5,0.132468,2.470433,0.034181,0.082051,0.034663,0.001321,752.0612141966819,-229.863525,-6102.910156,505.91803,-1.287691,-5.459069,-222.799683,-79.654488,-63.789696,-127.999985,64.210236,0.0,51.743454,-224.244919,-79.816307,81024000,0.901726,0.953815,11.313243
0.008466,11.313223,0.358893,1891.8745486974883,52.062885,-224.453995,-79.704109,-223.625137,2891.915039,34051.074219,-79.33931,2.096805,0.003731,0.266998,5.029564,0.028459,0.14077,0.151252,4046.505859,0.132059,2.452843,0.033822,0.081244,0.034272,0.001315,755.4487450202306,-230.041168,-6106.642578,507.178955,-1.289127,-5.469739,-223.012512,-79.199181,-63.837807,-128.0,64.162117,0.0,51.900703,-224.454163,-79.339241,81408000,0.881416,0.887589,11.313248
0.008474,11.313223,0.380876,1894.1630499407133,51.735588,-224.233643,-79.78215,-223.423401,2886.428955,33962.113281,-79.417694,2.100115,0.003722,0.267632,5.044047,0.028149,0.140657,0.150947,4050.015869,0.131805,2.458593,0.033953,0.081556,0.034412,0.001319,758.8321713248889,-229.995834,-6106.175781,503.126801,-1.288289,-5.464571,-222.797104,-79.257401,-63.793076,-128.0,64.206841,0.0,51.566307,-224.233536,-79.417892,81792000,0.872281,0.93337,11.313252
0.008666,11.313223,0.538715,1893.740865088884,51.685165,-224.212555,-79.785263,-223.306595,2900.974365,34118.816406,-79.424957,1.910778,0.003742,0.263257,5.00473,0.028309,0.142151,0.151084,4026.021729,0.132215,1.646765,0.033726,0.081064,0.034164,0.001317,762.2162683645885,-231.186646,-6128.776367,487.187378,-1.288076,-5.47098,-222.748535,-79.24958,-63.847977,-128.0,64.151985,0.0,51.512913,-224.212372,-79.424919,82176000,0.913335,0.96386,11.31325
0.00846,11.313223,0.324475,1891.6003623956303,51.597073,-223.86615,-79.635841,-222.998001,2894.615723,33991.75,-79.263412,2.108441,0.003935,0.264607,5.037509,0.028955,0.14146,0.150244,4038.487305,0.131402,2.401685,0.03391,0.081514,0.034362,0.001324,765.604299334685,-230.135376,-6102.993164,504.421204,-1.290526,-5.470717,-222.402496,-79.085701,-63.772827,-128.0,64.227043,0.0,51.425556,-223.866516,-79.263397,82560000,0.901121,0.956956,11.313263
0.008595,11.313223,0.20439,1893.4917457744396,52.102959,-223.778534,-79.754761,-222.912415,2895.587646,33999.183594,-79.394829,2.125741,0.003931,0.26414,5.01238,0.02908,0.141866,0.150158,4026.4729,0.129435,2.343951,0.033387,0.080372,0.03382,0.001316,768.9888568401336,-230.082504,-6116.841797,496.237915,-1.296013,-5.478868,-222.304916,-79.19059,-63.829842,-128.0,64.170074,0.0,51.941326,-223.778564,-79.394814,82944000,0.900216,1.004133,11.313237
0.00849,11.313223,0.352602,1889.5945723295158,52.093185,-224.269638,-79.440201,-223.440292,2885.597412,33940.179688,-79.089027,2.108534,0.003954,0.265066,5.037199,0.029228,0.143136,0.149976,4025.512207,0.132444,2.320004,0.033835,0.081357,0.034306,0.001322,772.3804258743922,-230.098373,-6107.981445,500.632538,-1.293845,-5.465388,-222.822662,-78.892517,-63.785118,-127.999985,64.214821,0.0,51.931812,-224.269562,-79.089241,83328000,0.893637,0.980378,11.313241
0.00858,11.313223,0.313627,1892.0212710095695,51.356693,-223.88504,-79.597023,-223.013199,2883.459229,33861.847656,-79.220154,1.995047,0.00394,0.263961,5.017392,0.029248,0.145237,0.149567,4027.97168,0.134172,1.605184,0.033569,0.080745,0.034014,0.001316,775.7677934527397,-231.219742,-6132.02002,484.607819,-1.294344,-5.469943,-222.418533,-79.001129,-63.854134,-128.0,64.145782,0.0,51.178448,-223.885422,-79.219978,83712000,0.90791,1.02996,11.313264
0.008533,11.313223,0.293799,1895.9049282366402,51.845306,-223.889542,-79.767174,-223.044189,2886.416016,33908.992188,-79.404488,2.124751,0.003914,0.267736,5.056719,0.029318,0.143473,0.149625,4057.784668,0.132279,2.438255,0.033716,0.081131,0.034178,0.001324,779.1480549136797,-230.144699,-6110.598145,497.907898,-1.291495,-5.463023,-222.438629,-79.202538,-63.783737,-127.999985,64.216202,0.0,51.679417,-223.888931,-79.404694,84096000,0.890447,1.009881,11.313255
0.008497,11.313223,0.347719,1893.4988023920516,52.297516,-224.084473,-79.719261,-223.24437,2892.369629,34004.707031,-79.351822,2.043366,0.003916,0.265493,5.042816,0.029585,0.14382,0.149537,4062.138184,0.132005,2.438106,0.033328,0.080288,0.033783,0.001318,782.5330030401548,-230.363419,-6114.175781,499.431671,-1.295209,-5.472021,-222.627304,-79.151016,-63.832642,-127.999985,64.16729,0.0,52.140114,-224.084412,-79.351807,84480000,0.893053,0.996889,11.313257
0.008401,11.313223,0.342432,1893.5889714506957,51.937817,-224.435699,-79.719139,-223.637253,2885.382324,33978.929688,-79.34687,2.031667,0.003877,0.269519,5.067244,0.029473,0.142687,0.149621,4078.143555,0.132812,2.314332,0.033769,0.081284,0.034247,0.001327,785.9174868305524,-230.182831,-6098.318359,508.134583,-1.292716,-5.460382,-223.003769,-79.190437,-63.762829,-127.999985,64.237137,0.0,51.772251,-224.435547,-79.346756,84864000,0.880087,0.913037,11.313268
0.008414,11.313223,0.509579,1892.9789350626645,51.641796,-224.085678,-79.805809,-223.198898,2897.793945,34067.472656,-79.456772,1.914851,0.003734,0.267253,5.02884,0.029197,0.14321,0.149835,4065.267578,0.131685,1.599763,0.0334,0.080454,0.033839,0.001321,789.303050661087,-231.600815,-6127.057129,488.885162,-1.291397,-5.469062,-222.606827,-79.257286,-63.843468,-128.0,64.156471,0.0,51.469112,-224.085495,-79.456711,85248000,0.941971,1.00686,11.313253
0.008385,11.313223,0.515225,1893.9102273260955,51.784405,-224.549515,-80.062355,-223.694366,2900.443359,34183.980469,-79.662529,2.094329,0.00383,0.269129,5.056838,0.029374,0.144297,0.150225,4087.81958,0.135188,2.406358,0.033922,0.081628,0.034398,0.001331,792.6868448098501,-230.341705,-6098.336426,509.402863,-1.290412,-5.461647,-223.102463,-79.494392,-63.774014,-128.0,64.225883,0.0,51.61504,-224.549347,-79.662529,85632000,0.913077,0.954025,11.313256
0.008364,11.313223,0.280738,1890.9701774957814,51.676964,-224.008835,-80.350777,-223.161713,2923.157715,34389.847656,-79.9702,2.032813,0.003805,0.26998,5.040644,0.029174,0.14577,0.151356,4087.366943,0.133341,2.432598,0.033606,0.080955,0.034065,0.001328,796.0759202361107,-230.33667,-6104.250488,509.087921,-1.287448,-5.472111,-222.548523,-79.821945,-63.829998,-128.0,64.169945,0.0,51.506191,-224.008728,-79.970215,86016000,0.89615,0.933274,11.313278
0.008194,11.313223,0.248564,1414.7968995964616,51.557236,-223.766495,-79.896332,-222.949539,2908.432861,34158.09375,-79.545319,2.00453,0.003829,0.272229,5.050719,0.029221,0.142958,0.151061,4097.293945,0.132177,2.326657,0.033884,0.081574,0.034359,0.001333,800.6041700800259,-230.557678,-6104.681152,504.875458,-1.289441,-5.4689,-222.311249,-79.376755,-63.790104,-127.999985,64.209801,0.0,51.383514,-223.765915,-79.545258,86400000,0.882183,0.952317,11.31327
0.008165,11.313223,0.365845,1892.4326699670216,51.702839,-223.688782,-79.459976,-222.772324,2917.419678,34212.011719,-79.091629,1.847116,0.003915,0.277043,5.086938,0.029345,0.143302,0.152435,4131.229004,0.13353,1.576034,0.034104,0.082,0.034569,0.001333,803.9905034542084,-231.403,-6127.130371,485.786987,-1.274618,-5.467145,-222.216324,-78.890663,-63.81517,-128.0,64.184753,0.0,51.530491,-223.688141,-79.09169,86784000,0.916086,1.028846,11.313271
0.008217,11.313223,0.465527,1894.7414509094153,51.491581,-223.241699,-79.325882,-222.361053,2917.379395,34143.726562,-78.975471,1.986918,0.003826,0.271448,5.032224,0.029275,0.142391,0.151656,4097.355469,0.134742,2.304028,0.033892,0.081548,0.034338,0.001332,807.372845474879,-230.488617,-6118.390137,498.244171,-1.287956,-5.476417,-221.766754,-78.789688,-63.86132,-127.999985,64.138596,0.0,51.315926,-223.241516,-78.9758,87168000,0.884737,0.966839,11.313293
0.007999,11.313223,0.304123,1891.3078883523117,51.87487,-222.803787,-78.765381,-221.927734,2923.606934,34121.179688,-78.430336,1.904096,0.003872,0.270281,5.032877,0.029327,0.140891,0.150559,4099.399414,0.134493,2.393165,0.03407,0.08196,0.034525,0.001337,810.7615389029185,-230.704651,-6116.536621,495.59613,-1.290709,-5.474193,-221.317413,-78.221146,-63.814224,-127.999985,64.185669,0.0,51.70776,-222.804047,-78.430229,87552000,0.893654,0.98547,11.313287
0.008422,11.313223,0.228717,1894.386908931611,52.114067,-222.613297,-78.536697,-221.742722,2914.534668,33974.769531,-78.185577,1.95005,0.00381,0.267925,5.018897,0.029212,0.14011,0.151092,4083.105225,0.131956,2.211087,0.033695,0.081162,0.034139,0.001333,814.1445048530896,-230.610352,-6125.640137,490.97821,-1.284676,-5.480851,-221.12793,-77.967789,-63.860123,-128.0,64.139778,0.0,51.951817,-222.613388,-78.185699,87936000,0.872473,1.005309,11.313266
0.008045,11.313223,0.250532,1891.9014005640252,51.892418,-222.74765,-78.479256,-221.867249,2923.834717,34097.992188,-78.142944,1.821998,0.003716,0.269428,5.030239,0.028947,0.14042,0.150274,4102.820801,0.131379,1.523708,0.033782,0.081416,0.034246,0.001339,817.5318923751513,-231.861816,-6132.395508,482.293884,-1.285437,-5.474562,-221.25827,-77.895248,-63.828308,-128.0,64.171547,0.0,51.723522,-222.747574,-78.14315,88320000,0.896642,1.061694,11.313276
0.008329,11.313223,0.44101,1891.8312868614717,51.645149,-222.860855,-78.400635,-221.983017,2915.43335,34012.859375,-78.045555,2.002969,0.00372,0.268901,5.012886,0.029387,0.139199,0.149876,4089.469971,0.130358,2.310823,0.03338,0.080541,0.033819,0.001334,820.9194072922071,-230.536774,-6123.824707,491.388824,-1.289123,-5.480562,-221.37088,-77.824448,-63.846634,-128.0,64.15332,0.0,51.473499,-222.861038,-78.045692,88704000,0.891675,0.996861,11.313264
0.008186,11.313223,0.411824,1892.5327845869851,52.232224,-223.141251,-78.568985,-222.276077,2913.638672,34044.5,-78.231934,1.979383,0.003641,0.266587,5.028606,0.029394,0.137883,0.149134,4085.381348,0.127041,2.289389,0.033362,0.080549,0.033802,0.001339,824.3057196974754,-230.385803,-6119.669434,491.252289,-1.289035,-5.480286,-221.64212,-77.989746,-63.805485,-128.0,64.194435,0.0,52.072422,-223.14119,-78.231934,89088000,0.920464,1.046828,11.313266
0.008291,11.313223,0.35761,1890.915814757283,52.343899,-224.383835,-78.5952,-223.545898,2887.343994,33921.421875,-78.235641,1.980375,0.003585,0.260809,4.980933,0.029405,0.137014,0.147265,4048.525391,0.126437,2.243606,0.032722,0.079144,0.033136,0.001329,827.6948931376139,-230.553101,-6117.52002,498.190033,-1.297339,-5.491104,-222.915375,-78.025902,-63.851646,-128.0,64.148277,0.0,52.185917,-224.383972,-78.23587,89472000,0.889756,0.965174,11.313257
0.008214,11.313223,0.308979,1893.702696798263,51.900269,-224.563354,-79.127663,-223.748123,2903.317627,34168.742188,-78.770523,2.073852,0.003559,0.265505,5.00897,0.029259,0.135594,0.147343,4088.504395,0.127283,2.373672,0.033039,0.079824,0.033481,0.00133,831.0790352185567,-230.410324,-6110.32666,500.140869,-1.292203,-5.47895,-223.112793,-78.571892,-63.800423,-128.0,64.199509,0.0,51.732807,-224.562973,-78.770508,89856000,0.884566,0.975345,11.313255
0.008115,11.313223,0.336522,1890.337235244833,51.462296,-224.83493,-79.633095,-223.934586,2915.407227,34367.972656,-79.278763,1.906595,0.003539,0.267363,4.990813,0.02931,0.135765,0.146971,4080.443359,0.127406,1.610005,0.032942,0.07955,0.033378,0.001323,834.4692645549774,-231.593811,-6133.81543,481.964966,-1.296965,-5.48831,-223.356415,-79.038696,-63.84174,-128.0,64.158195,0.0,51.285172,-224.834991,-79.278702,90240000,0.933729,1.06918,11.313281
0.00797,11.313223,0.251322,1891.457979077756,51.241978,-225.647705,-79.732887,-224.799683,2905.580322,34383.953125,-79.367096,2.106711,0.003621,0.270443,5.010862,0.029128,0.13669,0.147761,4096.008301,0.13204,2.347221,0.033312,0.080312,0.033752,0.001325,837.8574450055759,-230.325043,-6102.161133,508.562622,-1.295279,-5.481149,-224.210129,-79.18264,-63.804043,-127.999985,64.195938,0.0,51.061371,-225.648453,-79.366936,90624000,0.899691,0.964812,11.313267
0.00806,11.313223,0.231901,1890.1275235226776,51.380531,-225.433334,-79.685455,-224.606094,2900.33252,34291.90625,-79.330315,2.039119,0.003655,0.264716,4.977108,0.029229,0.135781,0.147165,4068.16333,0.131248,2.358692,0.03298,0.079605,0.033401,0.001322,841.2480570435524,-230.278641,-6108.482422,507.735779,-1.299251,-5.491884,-223.996231,-79.17363,-63.85939,-128.0,64.140518,0.0,51.203384,-225.43338,-79.330215,91008000,0.867145,0.899712,11.31328
0.007824,11.313223,0.220211,1892.262747080319,51.486015,-225.181625,-79.555145,-224.360077,2892.503906,34156.585938,-79.216469,2.113732,0.003608,0.266294,4.993917,0.028685,0.136513,0.146852,4090.186279,0.135723,2.559847,0.033395,0.080472,0.033843,0.001323,844.634854455789,-230.33519,-6099.40332,510.627747,-1.299419,-5.481492,-223.746262,-79.023331,-63.796959,-128.0,64.20295,0.0,51.310387,-225.182312,-79.216293,91392000,0.875802,0.967396,11.313251
0.007977,11.313223,0.196218,1890.813611414616,51.380104,-224.912918,-79.460808,-223.983124,2913.596924,34346.320312,-79.118698,1.940824,0.003631,0.265554,4.960508,0.028819,0.13397,0.146486,4089.050293,0.133857,1.609116,0.032851,0.079305,0.03327,0.001318,848.0242731134097,-231.84433,-6133.663086,484.629883,-1.30169,-5.494469,-223.434082,-78.888481,-63.864567,-128.0,64.1353,0.0,51.201103,-224.912399,-79.118835,91776000,0.923993,1.033392,11.313293
0.00778,11.313223,0.188676,1895.497809449254,51.525078,-224.464066,-79.466507,-223.592316,2913.490234,34288.53125,-79.093956,2.154919,0.003656,0.267659,4.986216,0.028776,0.133934,0.14678,4107.453125,0.134749,2.301534,0.033197,0.08008,0.033662,0.001322,851.4052931070328,-230.753891,-6106.041992,503.187286,-1.294002,-5.487661,-222.995972,-78.87851,-63.784916,-128.0,64.215012,0.0,51.350281,-224.463348,-79.094086,92160000,0.897392,1.018113,11.313296
0.007857,11.313223,0.288598,1892.3740941952083,51.732998,-224.485413,-79.459991,-223.628708,2907.998535,34228.558594,-79.122475,2.100089,0.003697,0.261351,4.960747,0.029156,0.135448,0.14683,4059.161865,0.13375,2.40355,0.032863,0.07935,0.033284,0.00132,854.7921268264453,-230.734726,-6116.273926,500.383362,-1.295792,-5.496275,-223.010376,-78.913559,-63.859333,-128.0,64.140633,0.0,51.56229,-224.486252,-79.122574,92544000,0.896846,1.003245,11.313292
0.008064,11.313223,0.300688,1893.7479391500399,51.793152,-224.654755,-79.191429,-223.801651,2903.723389,34187.5,-78.827965,2.070811,0.003628,0.261494,4.988407,0.028884,0.135175,0.146879,4075.978027,0.133231,2.395366,0.033037,0.079844,0.033475,0.001333,858.1761504093806,-230.630981,-6106.275879,503.030792,-1.290521,-5.484709,-223.191101,-78.627419,-63.786758,-128.0,64.213203,0.0,51.624275,-224.654526,-78.827805,92928000,0.902259,0.984584,11.313295
0.008094,11.313223,0.078227,1896.4528293675585,51.716385,-224.541931,-79.081963,-223.684753,2898.939209,34108.175781,-78.733711,1.942276,0.00354,0.257264,4.966986,0.028893,0.135412,0.145945,4061.32373,0.130225,1.542943,0.032485,0.078626,0.032901,0.001324,861.5554020285606,-231.743042,-6135.822754,479.964661,-1.291203,-5.498666,-223.064514,-78.517548,-63.840397,-128.0,64.159538,0.0,51.544163,-224.541794,-78.733856,93312000,0.897316,1.011393,11.31328
0.007879,11.313223,0.3955,1891.4105360619399,51.554207,-225.044357,-78.934784,-224.197647,2903.441895,34226.714844,-78.579323,2.224953,0.003598,0.262225,5.002578,0.029087,0.135613,0.146118,4078.083008,0.129803,2.387886,0.03268,0.079083,0.033107,0.00133,864.9436969319979,-230.440704,-6105.41748,502.183777,-1.287779,-5.487857,-223.589233,-78.362297,-63.771503,-128.0,64.228378,0.0,51.38076,-225.044647,-78.579437,93696000,0.896963,1.01319,11.313298
0.008209,11.313223,0.425846,1894.4007637275215,51.912041,-225.052795,-79.353554,-224.191147,2922.049316,34468.601562,-78.984596,2.126549,0.00357,0.263206,4.987012,0.029253,0.137238,0.146754,4068.685547,0.128981,2.249235,0.032389,0.078462,0.032807,0.001327,868.3265972018241,-230.525848,-6113.250488,499.709198,-1.290167,-5.492147,-223.595596,-78.763382,-63.824444,-128.0,64.175499,0.0,51.745708,-225.053558,-78.98465,94080000,0.892215,1.033219,11.313294
0.007773,11.313223,0.394256,1892.5719420646972,51.949421,-225.643097,-79.350426,-224.859161,2898.494873,34287.617188,-78.975517,2.062033,0.003562,0.265322,5.013394,0.029141,0.140003,0.147052,4059.713379,0.131596,2.348858,0.032774,0.079282,0.033203,0.001331,871.7129042188327,-230.497147,-6097.375488,509.347412,-1.290819,-5.480277,-224.223358,-78.788033,-63.76226,-128.0,64.237663,0.0,51.784019,-225.642929,-78.975571,94464000,0.865428,0.964128,11.313263
0.007926,11.313223,0.22431,1893.785405612909,51.586796,-225.325043,-80.145393,-224.428192,2915.84375,34477.515625,-79.775528,1.90826,0.003553,0.263838,4.997278,0.029077,0.140068,0.147056,4039.360352,0.131135,1.584267,0.032386,0.078403,0.032794,0.001322,875.0969512621562,-231.436493,-6127.203125,489.058563,-1.297067,-5.491155,-223.857269,-79.540871,-63.848228,-128.0,64.151726,0.0,51.412586,-225.323898,-79.775795,94848000,0.92464,1.078923,11.31327
0.00768,11.313223,0.184142,1891.4193763329852,51.7005,-225.860641,-80.102509,-225.022476,2910.950684,34503.332031,-79.740646,2.075712,0.00359,0.265937,5.014683,0.02889,0.139241,0.147384,4057.643555,0.132569,2.34587,0.032747,0.079219,0.033189,0.001328,878.4852196057637,-230.093079,-6092.217285,514.363892,-1.297154,-5.481092,-224.434036,-79.555923,-63.764759,-128.0,64.235153,0.0,51.530155,-225.861221,-79.740837,95232000,0.888786,0.977434,11.31326
0.00775,11.313223,0.41496,1894.3791661096595,51.867172,-225.997772,-79.336464,-225.194931,2896.645752,34314.816406,-78.995163,2.012064,0.003639,0.262281,4.978389,0.028808,0.139373,0.147175,4028.792969,0.131905,2.393451,0.032259,0.078121,0.032657,0.001321,881.8682309905688,-230.154831,-6099.144531,513.830872,-1.298133,-5.496394,-224.56842,-78.80883,-63.828152,-128.0,64.171791,0.0,51.701584,-225.998566,-78.995148,95616000,0.867967,0.947564,11.313288
0.007695,11.313223,0.516148,1417.291112983222,52.274162,-225.639191,-79.909294,-224.812561,2904.358643,34383.171875,-79.533829,2.015694,0.003698,0.266338,5.002169,0.028898,0.140576,0.149011,4050.618896,0.134456,2.361276,0.032725,0.079216,0.033161,0.001333,886.3885321060817,-230.243164,-6094.599121,511.105255,-1.298627,-5.482467,-224.20137,-79.352097,-63.754566,-127.999985,64.245377,0.0,52.115051,-225.639679,-79.53389,96000000,0.896879,0.959497,11.313266
0.007475,11.313223,0.376222,1894.387541729066,51.835266,-225.231064,-79.754456,-224.331345,2933.667236,34650.886719,-79.399445,1.814911,0.003708,0.269534,5.018361,0.029073,0.141156,0.150371,4068.43457,0.133639,1.571076,0.032854,0.079498,0.033304,0.001334,889.7713790456454,-231.324478,-6119.131836,493.66748,-1.287185,-5.483609,-223.768814,-79.16423,-63.814743,-128.0,64.185196,0.0,51.666702,-225.23056,-79.399506,96384000,0.925925,1.084497,11.313264
0.007503,11.313223,0.039965,1871.7773940663171,52.17564,-225.052872,-78.956985,-224.202209,2911.110352,34319.003906,-78.641548,1.907163,0.00369,0.266677,4.962531,0.028651,0.141081,0.149507,4053.991943,0.132326,2.203147,0.032403,0.078495,0.032836,0.001326,893.1951149702072,-230.491119,-6110.370117,505.335297,-1.294819,-5.497138,-223.609146,-78.417801,-63.852192,-128.0,64.147736,0.0,52.013783,-225.052139,-78.641617,96768000,0.854048,1.01511,11.313249
0.007497,11.313223,0.21773,1872.4924262430764,52.0751,-225.002762,-78.303276,-224.150604,2907.896729,34234.734375,-77.970314,1.967434,0.003718,0.263247,4.957617,0.028621,0.141139,0.148758,4055.177979,0.132204,2.304035,0.032741,0.079251,0.033194,0.001332,896.6175535599391,-230.443619,-6110.12793,501.472412,-1.289208,-5.484786,-223.565933,-77.755074,-63.811489,-128.0,64.188393,0.0,51.912422,-225.002747,-77.970184,97152000,0.864923,0.981868,11.313252
0.007556,11.313223,0.433248,1839.1608374439945,52.322865,-224.743378,-78.376266,-223.898407,2899.180908,34099.835938,-78.029335,1.910314,0.003727,0.262122,4.925457,0.028752,0.142499,0.148284,4050.513672,0.130767,2.266811,0.032565,0.078857,0.03299,0.00133,900.1019010305405,-230.856995,-6116.859863,498.605927,-1.289719,-5.491498,-223.29863,-77.812668,-63.846004,-128.0,64.153923,0.0,52.16452,-224.743271,-78.02951,97536000,0.856084,0.986378,11.313268
0.007361,11.313223,0.383742,1754.5752969745815,51.829235,-224.702942,-78.258034,-223.837433,2902.619385,34124.492188,-77.922394,1.738227,0.003715,0.263865,4.940847,0.028885,0.143297,0.148243,4061.131836,0.130384,1.497929,0.032683,0.079154,0.033129,0.001334,903.75403769811,-231.733353,-6134.552734,479.475403,-1.287041,-5.489024,-223.247742,-77.662376,-63.822941,-128.0,64.17701,0.0,51.659542,-224.702377,-77.922485,97920000,0.879502,1.074092,11.313253
0.007685,11.313223,0.308924,1759.8324586314393,51.615803,-224.764664,-77.953835,-223.904892,2909.130371,34192.769531,-77.642868,1.934618,0.00369,0.26131,4.917805,0.029108,0.144354,0.148012,4068.144531,0.129171,2.144915,0.03248,0.07871,0.032915,0.001331,907.3955083330472,-230.771957,-6118.314453,498.045624,-1.286789,-5.493027,-223.311234,-77.401085,-63.85603,-128.0,64.143921,0.0,51.443188,-224.764618,-77.642715,98304000,0.87127,1.026122,11.313252
0.007499,11.313223,0.19919,1817.4862161896028,51.714771,-224.930817,-77.845001,-224.080643,2915.041016,34281.625,-77.498772,1.950802,0.003656,0.263634,4.941967,0.029185,0.144204,0.14643,4070.04541,0.128974,2.183148,0.032746,0.079278,0.033194,0.001334,910.9214913686117,-230.895462,-6107.071289,501.70816,-1.288153,-5.484766,-223.488251,-77.254822,-63.778904,-128.0,64.221039,0.0,51.544353,-224.93045,-77.498772,98688000,0.871852,1.022287,11.31325
0.007672,11.313223,0.136831,1789.3170113658016,51.680534,-226.136795,-78.481117,-225.317245,2895.66626,34269.230469,-78.112221,2.006195,0.003641,0.25952,4.895575,0.029101,0.144238,0.144771,4038.569336,0.12764,2.244771,0.032369,0.078398,0.032785,0.001324,914.5029549717904,-230.591324,-6103.443359,509.388855,-1.290654,-5.492539,-224.706848,-77.915512,-63.822411,-128.0,64.177505,0.0,51.509506,-226.135941,-78.112129,99072000,0.881922,0.947553,11.313263
0.007691,11.313223,0.268192,1778.6006024578153,51.883541,-225.93277,-78.75573,-225.138794,2907.082275,34395.304688,-78.425652,2.100872,0.003673,0.262186,4.920154,0.029284,0.143709,0.145349,4046.79541,0.129966,2.375717,0.032654,0.079052,0.033095,0.00133,918.1059330145519,-230.349518,-6096.933105,512.074097,-1.291254,-5.479605,-224.517578,-78.203468,-63.786457,-128.0,64.213478,0.0,51.717438,-225.933578,-78.425812,99456000,0.869456,1.010194,11.313253
0.007494,11.313223,0.274672,1780.5380500669899,51.843479,-225.861481,-78.540245,-224.971664,2930.301514,34633.171875,-78.207909,1.861536,0.003595,0.260053,4.906697,0.029217,0.141841,0.145475,4032.99292,0.128857,1.525042,0.032108,0.077851,0.032523,0.001322,921.7050910313924,-231.79921,-6131.036133,484.89917,-1.290387,-5.494133,-224.417908,-77.95063,-63.841415,-128.0,64.158531,0.0,51.674297,-225.861557,-78.20787,99840000,0.894353,1.073322,11.313259
0.007595,11.313223,0.01287,1770.6205238530354,51.888107,-226.192184,-79.004494,-225.348267,2914.604248,34529.449219,-78.626099,2.10962,0.003639,0.265097,4.944351,0.028825,0.140856,0.146008,4050.898682,0.129738,2.262999,0.032379,0.078412,0.03281,0.001322,925.3243323524792,-230.458557,-6099.728516,509.335297,-1.288571,-5.486073,-224.774429,-78.402908,-63.786037,-128.0,64.213921,0.0,51.720863,-226.192032,-78.62603,100224000,0.8713,1.02634,11.313266
0.007417,11.313223,0.082525,1793.7621493472618,52.209412,-226.069519,-79.022163,-225.257553,2918.154053,34557.226562,-78.688728,2.02376,0.003543,0.262149,4.918632,0.028699,0.141225,0.146059,4038.411377,0.129937,2.301992,0.032208,0.078049,0.032635,0.001321,928.8969444354375,-230.411148,-6106.885254,508.034821,-1.289852,-5.488723,-224.653931,-78.500916,-63.844982,-128.0,64.15493,0.0,52.049671,-226.069427,-78.688499,100608000,0.857344,0.955211,11.313266
0.007166,11.313223,0.354666,1769.8117854992902,52.074017,-225.771957,-78.668076,-224.956085,2925.285645,34576.394531,-78.314407,2.049535,0.003526,0.265929,4.9433,0.028569,0.140159,0.146229,4051.493408,0.129957,2.37683,0.032469,0.078674,0.032915,0.001329,932.5177869240443,-230.404526,-6098.914062,509.056946,-1.286887,-5.486191,-224.353806,-78.124069,-63.775845,-128.0,64.224121,0.0,51.911289,-225.772003,-78.314514,100992000,0.854468,0.950459,11.313271
0.007119,11.313223,0.311926,1760.955560185459,51.791943,-225.505768,-79.48333,-224.6026,2941.800049,34768.558594,-79.11908,1.891938,0.003511,0.264597,4.920226,0.028341,0.14247,0.147712,4044.56958,0.127412,1.537329,0.032134,0.07792,0.032557,0.001323,936.1569275975228,-231.582565,-6129.171387,484.842651,-1.285873,-5.492032,-224.056702,-78.875992,-63.824406,-128.0,64.175522,0.0,51.620956,-225.505325,-79.119064,101376000,0.89347,1.091303,11.313268
0.006924,11.313223,0.387989,1849.919945134928,51.495708,-225.232117,-78.631683,-224.391998,2938.35791,34646.75,-78.30188,2.004057,0.003485,0.265214,4.951434,0.028182,0.142925,0.147355,4052.852295,0.126513,2.381475,0.032228,0.078203,0.032676,0.00133,939.6212194244067,-230.776917,-6110.489258,496.457153,-1.28343,-5.491076,-223.79921,-78.072685,-63.761826,-128.0,64.23806,0.0,51.320312,-225.232224,-78.301941,101760000,0.852815,1.035093,11.31327
0.007115,11.313223,0.252498,1850.538157770948,51.754524,-225.405045,-78.255936,-224.546539,2937.603271,34638.441406,-77.910835,2.011524,0.003402,0.260977,4.936283,0.028359,0.141784,0.146843,4046.292969,0.123183,2.274117,0.031887,0.077421,0.032301,0.001323,943.0842249353726,-230.500732,-6113.67334,497.822754,-1.285734,-5.50424,-223.957199,-77.693314,-63.809891,-128.0,64.190025,0.0,51.585167,-225.405136,-77.910706,102144000,0.861837,0.990908,11.31328
0.00698,11.313223,0.182194,1854.385144643373,51.843014,-225.564026,-78.570808,-224.72525,2940.360596,34715.421875,-78.229004,2.00835,0.00343,0.261975,4.94179,0.028652,0.143286,0.147097,4054.061279,0.12453,2.232847,0.032381,0.078544,0.032821,0.001334,946.5400910218557,-230.721359,-6102.651855,505.639282,-1.286361,-5.492449,-224.129456,-78.005981,-63.775776,-128.0,64.224174,0.0,51.67453,-225.564117,-78.229111,102528000,0.867049,1.013871,11.313271
0.007054,11.313223,0.489698,1850.760844915447,51.967972,-225.212708,-78.157982,-224.342484,2955.973389,34819.128906,-77.817574,1.842356,0.003332,0.261746,4.929927,0.028562,0.142547,0.147211,4043.421875,0.122455,1.505989,0.032132,0.078004,0.032566,0.001331,950.0027034719785,-231.816223,-6126.817871,486.154114,-1.285319,-5.502887,-223.75322,-77.560539,-63.811577,-128.0,64.188385,0.0,51.801201,-225.212494,-77.817528,102912000,0.880455,1.066932,11.313266
0.006939,11.313223,0.277375,1847.5611786494574,51.910973,-225.511688,-78.350838,-224.662918,2966.313232,35000.164062,-78.007523,2.029733,0.003448,0.261719,4.963904,0.028875,0.142116,0.145817,4066.026855,0.12382,2.441198,0.032503,0.078869,0.03296,0.001341,953.4712500413259,-230.831818,-6100.768066,506.999878,-1.285922,-5.495496,-224.067993,-77.74926,-63.769306,-128.0,64.230637,0.0,51.744114,-225.511139,-78.00724,103296000,0.8759,1.076387,11.313281
0.007173,11.313223,0.071727,1793.0532145909096,52.130348,-225.512146,-78.508316,-224.655365,2946.296387,34773.4375,-78.154976,2.012478,0.003463,0.261399,4.920126,0.02882,0.142988,0.145786,4034.720703,0.122326,2.196887,0.032263,0.078309,0.032683,0.001336,957.045251238346,-230.638397,-6110.921387,503.120697,-1.288518,-5.502315,-224.060181,-77.894577,-63.834076,-128.0,64.165855,0.0,51.968636,-225.511749,-78.154922,103680000,0.879389,1.080812,11.313289
0.007161,11.313223,0.016625,1807.6338070563565,52.163242,-225.94545,-78.820702,-225.149979,2939.547363,34785.808594,-78.460602,2.022856,0.003422,0.264199,4.938058,0.028869,0.141289,0.144998,4036.943848,0.123381,2.240793,0.032388,0.078593,0.032817,0.001339,960.5904308716456,-230.300354,-6091.685059,514.969971,-1.292301,-5.495268,-224.520691,-78.268898,-63.763599,-128.0,64.236282,0.0,52.002197,-225.945831,-78.460747,104064000,0.858082,0.948605,11.313277
0.007277,11.313223,-0.013791,1837.9419934962086,52.287357,-226.020584,-79.464966,-225.131165,2951.559082,34962.976562,-79.104553,1.904721,0.003442,0.264049,4.916964,0.028902,0.143028,0.145566,4034.504883,0.125267,1.528173,0.032324,0.078419,0.032744,0.001335,964.0772935787837,-231.60762,-6119.852051,495.77774,-1.294964,-5.496205,-224.562271,-78.832321,-63.840176,-128.0,64.159737,0.0,52.12738,-226.020248,-79.104362,104448000,0.924143,1.130177,11.313276
0.007209,11.313223,0.263151,1837.1939189809295,52.296322,-226.590088,-79.449539,-225.750183,2922.440186,34706.558594,-79.088211,2.108488,0.003523,0.267183,4.931047,0.028841,0.143014,0.146363,4046.530518,0.128704,2.335126,0.032618,0.079092,0.033066,0.001341,967.5657973090807,-230.150803,-6093.505859,511.629822,-1.291283,-5.483003,-225.185242,-78.890709,-63.749687,-128.0,64.250282,0.0,52.138897,-226.59021,-79.088127,104832000,0.868333,0.987917,11.31328
0.007378,11.313223,0.287024,1833.145963190982,52.006992,-225.837326,-79.610214,-224.996719,2927.765625,34668.96875,-79.2369,2.092661,0.00351,0.266253,4.913106,0.028872,0.142018,0.145491,4044.415039,0.129261,2.204373,0.032287,0.078338,0.032712,0.001334,971.0621558070183,-230.431961,-6105.883789,508.048126,-1.292445,-5.491023,-224.417099,-79.057968,-63.835079,-127.999985,64.164833,0.0,51.843143,-225.83699,-79.237091,105216000,0.852735,0.955001,11.313303
0.007274,11.313223,0.141783,1374.8458034402731,51.953587,-225.526505,-79.582062,-224.705963,2919.524414,34528.242188,-79.250893,1.986244,0.003597,0.268388,4.92018,0.028972,0.144088,0.146427,4065.08667,0.131299,2.277425,0.032571,0.078983,0.033031,0.001338,975.7218683481217,-230.47937,-6097.310547,509.365204,-1.292079,-5.478778,-224.10939,-79.053574,-63.761868,-127.999985,64.237991,0.0,51.788212,-225.526535,-79.250938,105600000,0.85804,0.992594,11.31328
0.00724,11.313223,0.289363,1824.3171035943506,51.738113,-225.330002,-78.524376,-224.45491,2922.128906,34460.976562,-78.18959,1.82847,0.003598,0.274222,4.955238,0.028593,0.145101,0.148147,4083.873535,0.132264,1.5476,0.032833,0.07952,0.033282,0.001341,979.2346310377121,-231.421951,-6116.721191,496.665619,-1.277334,-5.473911,-223.904953,-77.934975,-63.819675,-127.999985,64.180252,0.0,51.567635,-225.330688,-78.189728,105984000,0.877018,1.094295,11.313257
0.007415,11.313223,0.319858,1810.7240741180863,52.312748,-225.116013,-79.049606,-224.25856,2941.375,34688.910156,-78.676918,2.00301,0.003552,0.271795,4.915582,0.0286,0.145463,0.148665,4078.271729,0.132453,2.108065,0.032549,0.078892,0.032989,0.001335,982.7740050792694,-230.697891,-6105.837402,510.647949,-1.289188,-5.484614,-223.689346,-78.46714,-63.858025,-128.0,64.141891,0.0,52.155037,-225.116272,-78.676811,106368000,0.849433,0.999853,11.313257
0.007307,11.313223,0.344234,1835.5597102743827,51.692764,-224.364731,-78.478539,-223.504501,2945.189697,34588.699219,-78.15873,2.028099,0.003564,0.272813,4.935582,0.028631,0.145154,0.149196,4085.137207,0.133277,2.181335,0.032841,0.079586,0.03329,0.001345,986.2655550559361,-230.649353,-6104.397461,508.107605,-1.285243,-5.481174,-222.927246,-77.912895,-63.818691,-128.0,64.181213,0.0,51.522224,-224.364975,-78.158607,106752000,0.846988,1.058633,11.31326
0.007543,11.313223,0.294139,1831.1658183143147,51.533745,-224.443588,-78.240601,-223.595337,2946.268555,34600.40625,-77.893929,1.984388,0.003573,0.271261,4.9194,0.028866,0.142926,0.148048,4074.387207,0.130727,2.267498,0.032558,0.078967,0.032991,0.001342,989.7654041568438,-231.04808,-6110.482422,506.666412,-1.285714,-5.491896,-223.000534,-77.660004,-63.861134,-128.0,64.138794,0.0,51.359417,-224.443893,-77.89399,107136000,0.840392,1.023723,11.313278
0.007243,11.313223,-0.034703,1808.5861216141006,51.95113,-224.113892,-78.353386,-223.231537,2948.953369,34584.160156,-78.012291,1.801434,0.003546,0.272533,4.943871,0.029115,0.14212,0.147911,4079.425049,0.129748,1.461242,0.032829,0.07962,0.033271,0.001352,993.3087972998619,-231.722931,-6126.938477,486.382324,-1.287628,-5.482238,-222.653015,-77.758934,-63.815956,-128.0,64.183975,0.0,51.784187,-224.11412,-78.012108,107520000,0.881918,1.06281,11.313238
0.007361,11.313223,0.071771,1832.3908817583147,51.976711,-224.035706,-77.967377,-223.163055,2960.382568,34685.054688,-77.649376,1.920911,0.0035,0.267476,4.930852,0.028953,0.141422,0.147444,4056.772217,0.127237,2.178332,0.03257,0.079052,0.032977,0.001351,996.8062725464503,-230.865646,-6115.775391,498.783966,-1.287003,-5.495398,-222.573929,-77.408714,-63.836906,-127.999985,64.16304,0.0,51.810806,-224.035629,-77.649307,107904000,0.853666,1.024006,11.313253
0.006984,11.313223,0.288862,1829.1355009320862,51.785667,-224.202606,-78.044159,-223.340286,2961.864258,34732.964844,-77.688515,1.968298,0.003452,0.267498,4.952597,0.029099,0.140695,0.147474,4065.462646,0.126194,2.043864,0.032658,0.079224,0.03307,0.00135,1000.3099574327468,-230.691223,-6104.091797,505.209076,-1.289437,-5.483409,-222.758972,-77.41954,-63.78611,-127.999985,64.213844,0.0,51.616932,-224.202286,-77.688492,108288000,0.847321,1.077599,11.313259
0.007104,11.313223,0.213574,1838.2499707392888,51.996342,-224.824753,-78.51326,-223.980972,2955.995605,34786.085938,-78.17778,1.971104,0.003446,0.264202,4.922691,0.02936,0.140252,0.146733,4050.376221,0.124984,2.202769,0.032304,0.078444,0.03269,0.001345,1003.7962186813354,-230.693893,-6107.873047,504.297211,-1.290452,-5.489894,-223.384018,-77.941902,-63.814796,-127.999985,64.185081,0.0,51.832043,-224.824493,-78.17804,108672000,0.853639,1.029704,11.313249
0.00678,11.313223,0.178143,1811.517912776433,51.891621,-224.939713,-78.281509,-224.125931,2951.202637,34737.097656,-77.945847,1.993835,0.003472,0.264225,4.9577,0.029319,0.138273,0.145952,4083.178711,0.126155,2.194235,0.032702,0.079343,0.033118,0.001352,1007.3337565819422,-230.694275,-6100.549805,505.820801,-1.288557,-5.477164,-223.520401,-77.727951,-63.756763,-128.0,64.243179,0.0,51.724396,-224.940018,-77.945808,109056000,0.840996,0.987635,11.313253
0.006749,11.313223,0.252715,1829.8017238849943,51.610588,-224.857559,-78.714439,-223.954346,2969.31665,34951.238281,-78.374626,1.834138,0.003404,0.260761,4.927052,0.029358,0.138852,0.145483,4083.397949,0.124958,1.470404,0.032523,0.078923,0.032935,0.001346,1010.8362968881925,-231.921585,-6131.990723,485.730865,-1.290058,-5.484941,-223.401123,-78.07415,-63.857956,-128.0,64.141945,0.0,51.43578,-224.857285,-78.374542,109440000,0.896685,1.166964,11.313241
0.006589,11.313223,0.36397,1829.407936657852,51.429447,-225.069473,-78.576477,-224.22345,2960.179932,34875.214844,-78.236252,2.006017,0.003368,0.264602,4.956977,0.02901,0.138627,0.146169,4106.616699,0.125465,2.20194,0.03291,0.079785,0.033331,0.001354,1014.339256076018,-230.605637,-6103.180664,504.900757,-1.284688,-5.471895,-223.649521,-77.986076,-63.77462,-128.0,64.225319,0.0,51.252701,-225.069016,-78.236046,109824000,0.858188,1.071527,11.313246
0.006462,11.313223,0.366322,1839.160833243714,51.586739,-225.257889,-78.32373,-224.42308,2963.744873,34931.492188,-77.975441,2.046961,0.00334,0.263054,4.928437,0.028741,0.138168,0.145768,4100.351074,0.125759,2.370288,0.032585,0.079089,0.032988,0.001352,1017.8237980723381,-230.636505,-6104.839355,508.072968,-1.288217,-5.483475,-223.835846,-77.747147,-63.822624,-128.0,64.17733,0.0,51.412395,-225.257874,-77.975609,110208000,0.848045,1.010593,11.313241
0.006314,11.313223,0.30216,1785.5002223343702,51.31443,-224.953079,-78.486984,-224.146332,2957.625,34827.917969,-78.162216,1.971042,0.003435,0.265982,4.940035,0.029044,0.14139,0.147347,4109.643066,0.129667,2.118467,0.03301,0.080013,0.033451,0.001355,1021.4130923430125,-230.569061,-6099.737793,506.944244,-1.285759,-5.469517,-223.542664,-77.949501,-63.761391,-128.0,64.238518,0.0,51.134972,-224.953568,-78.162247,110592000,0.841339,0.991726,11.313257
0.006716,11.313223,0.178157,1756.6879704863397,51.734921,-225.106995,-78.352043,-224.227036,2974.192627,35028.078125,-78.028465,1.755642,0.003396,0.262374,4.90759,0.029139,0.140487,0.146317,4093.30957,0.130062,1.462525,0.032512,0.078893,0.032913,0.001347,1025.061237748464,-232.064896,-6127.879883,489.009674,-1.290038,-5.482907,-223.672226,-77.746559,-63.84819,-128.0,64.151794,0.0,51.562534,-225.107498,-78.02858,110976000,0.868691,1.116193,11.313251
0.006264,11.313223,0.270793,1807.6181411395962,51.824593,-224.959442,-78.193466,-224.100998,2962.486084,34862.105469,-77.853676,1.948771,0.003476,0.260535,4.914496,0.029403,0.140234,0.145544,4111.911621,0.12932,2.234955,0.032602,0.079134,0.033022,0.001351,1028.6065966327985,-230.684326,-6104.653809,505.611206,-1.288402,-5.476825,-223.535172,-77.599709,-63.79567,-127.999985,64.204315,0.0,51.65564,-224.960129,-77.853699,111360000,0.854552,1.056257,11.313252
0.00637,11.313223,0.231521,1876.1458428482147,51.90089,-224.814499,-78.139122,-223.967499,2972.940674,34962.367188,-77.818916,1.951455,0.003435,0.258435,4.876283,0.029687,0.139789,0.145,4083.872314,0.128024,2.050977,0.032356,0.0786,0.032755,0.001349,1032.0223965525627,-231.047562,-6105.908691,508.912689,-1.292567,-5.482508,-223.378616,-77.574577,-63.837433,-128.0,64.162529,0.0,51.733349,-224.81398,-77.818886,111744000,0.858644,1.026816,11.313256
0.006194,11.313223,0.131039,1834.7764977323825,52.232197,-224.816162,-78.256165,-223.972122,2966.90918,34899.105469,-77.90976,1.971151,0.003469,0.260767,4.8947,0.029575,0.139074,0.145054,4087.186523,0.127984,2.172064,0.032505,0.079002,0.032917,0.001358,1035.5152226607004,-230.849243,-6098.363281,509.728821,-1.288167,-5.47626,-223.393265,-77.657074,-63.772469,-128.0,64.227493,0.0,52.072182,-224.816513,-77.909805,112128000,0.84669,1.056651,11.313246
0.006239,11.313223,0.18692,1841.297694007573,52.18251,-224.586914,-78.320496,-223.725418,2977.330078,34988.574219,-77.990425,1.802296,0.003441,0.258611,4.869311,0.029607,0.138844,0.1444,4068.166992,0.126679,1.426844,0.032101,0.078056,0.032471,0.001348,1038.9956903735797,-231.987061,-6130.091309,486.640106,-1.290543,-5.485273,-223.143723,-77.729866,-63.847534,-128.0,64.152397,0.0,52.01955,-224.587128,-77.99044,112512000,0.858906,1.070493,11.313239
0.006151,11.313223,0.283533,1831.2715610168832,52.116077,-224.85173,-78.2173,-223.997574,2977.279053,35022.335938,-77.880768,2.037254,0.003549,0.260449,4.905232,0.029735,0.138143,0.144178,4093.258545,0.126999,2.253834,0.03244,0.078803,0.032847,0.001352,1042.4951267282167,-230.922073,-6098.890625,509.78299,-1.285916,-5.47093,-223.424271,-77.640015,-63.777447,-127.999985,64.222496,0.0,51.952965,-224.852097,-77.880714,112896000,0.8679,1.035903,11.313249
0.006267,11.313223,0.341771,1820.1529211771765,52.239376,-224.562515,-78.522621,-223.711334,2972.000977,34936.4375,-78.171913,1.994663,0.00352,0.261758,4.896691,0.02978,0.138746,0.144221,4109.629395,0.125432,2.275431,0.032337,0.078591,0.032733,0.001352,1046.0162305434544,-230.746719,-6106.066406,505.793121,-1.289884,-5.47692,-223.1259,-77.933167,-63.811203,-128.0,64.18869,0.0,52.079357,-224.562119,-78.171829,113280000,0.861137,1.03614,11.313257
0.006299,11.313223,0.416812,1806.6702602287141,52.201061,-224.697876,-78.736153,-223.880859,2963.367676,34873.0625,-78.381996,2.020237,0.003484,0.265005,4.92231,0.029561,0.13944,0.144629,4116.785156,0.125999,2.259043,0.03268,0.079307,0.033086,0.001354,1049.563462392489,-230.462921,-6092.449219,514.554138,-1.287248,-5.468605,-223.283386,-78.15451,-63.765453,-128.0,64.234428,0.0,52.04018,-224.698059,-78.381905,113664000,0.840078,1.027183,11.313248
0.006253,11.313223,0.296755,1741.7574467917693,51.913948,-224.2267,-78.595772,-223.336792,2982.581055,35010.90625,-78.281219,1.76689,0.00342,0.263262,4.898639,0.029262,0.139263,0.144623,4095.171875,0.123089,1.454771,0.032421,0.078721,0.032808,0.001349,1053.2426570137343,-231.690811,-6126.246094,490.519257,-1.287968,-5.47088,-222.779266,-77.990417,-63.850895,-127.999985,64.149086,0.0,51.746449,-224.226761,-78.281303,114048000,0.881082,1.148409,11.313255
0.006373,11.313223,0.334947,1767.1960212979166,52.238178,-224.92691,-78.656731,-224.075211,2967.880615,34951.429688,-78.304024,1.955974,0.003451,0.266681,4.922311,0.028636,0.141005,0.1451,4128.705078,0.125668,2.202662,0.032767,0.079449,0.033184,0.00135,1056.8688892006874,-230.209106,-6087.585449,518.057251,-1.290337,-5.459699,-223.518707,-78.056137,-63.754211,-127.999985,64.245689,0.0,52.078438,-224.92717,-78.304085,114432000,0.854828,1.058395,11.31327
0.006365,11.313223,0.0706,1832.8656801278203,51.974327,-224.713074,-78.873344,-223.878387,2966.925537,34924.847656,-78.522148,2.095048,0.003367,0.261188,4.895903,0.02876,0.144721,0.14452,4125.160645,0.124286,2.169564,0.032562,0.078992,0.03295,0.001348,1060.3655436674753,-230.159851,-6091.285156,522.520813,-1.295277,-5.468363,-223.30368,-78.267258,-63.836655,-128.0,64.163246,0.0,51.809189,-224.71347,-78.522125,114816000,0.830612,1.071939,11.313274
0.006553,11.313223,0.087998,1369.8405815594597,52.078308,-224.731949,-78.546577,-223.932373,2959.744629,34830.441406,-78.240166,2.05731,0.003431,0.261791,4.916884,0.028859,0.148202,0.145614,4148.26416,0.124687,2.218445,0.03302,0.079993,0.033424,0.001355,1065.0422326366106,-229.942688,-6077.791504,526.650757,-1.293513,-5.451964,-223.343765,-78.003754,-63.745102,-128.0,64.254807,0.0,51.915703,-224.73172,-78.240211,115200000,0.822334,1.026304,11.313256
0.006597,11.313223,0.058322,1823.9771570377113,51.765194,-224.802597,-78.321388,-223.921417,2951.776855,34725.699219,-77.975967,1.881086,0.003501,0.266861,4.942362,0.029153,0.155286,0.14771,4173.617188,0.127572,1.514685,0.033286,0.080515,0.033717,0.001351,1068.5558040618896,-230.470795,-6090.369141,517.589294,-1.28293,-5.447435,-223.39296,-77.701141,-63.774933,-127.999985,64.225037,0.0,51.595688,-224.802414,-77.975761,115584000,0.876864,1.113795,11.313264
0.006874,11.313223,-0.062752,1809.2389138574279,50.976364,-224.525848,-78.385292,-223.686127,2940.378662,34563.351562,-78.057846,2.041806,0.003471,0.26101,4.871387,0.028729,0.158487,0.146541,4128.786133,0.126347,2.283876,0.032862,0.079536,0.033279,0.001339,1072.0978385090827,-229.269501,-6068.168457,539.336548,-1.297139,-5.446723,-223.135147,-77.82885,-63.782494,-128.0,64.217453,0.0,50.793488,-224.526337,-78.057846,115968000,0.8307,0.996744,11.313253
0.006908,11.313223,0.096176,1762.681680019703,51.88575,-223.817001,-78.066353,-222.977539,2945.802002,34501.53125,-77.741722,1.994154,0.003491,0.257691,4.872386,0.028831,0.161922,0.146284,4118.398438,0.125561,2.07094,0.033028,0.079917,0.033455,0.001343,1075.7333436131478,-229.655457,-6083.564453,523.106506,-1.295165,-5.436193,-222.420639,-77.481705,-63.770241,-128.0,64.229683,0.0,51.721363,-223.816956,-77.741699,116352000,0.835432,1.049754,11.313274
0.007314,11.313223,0.18963,1807.0960546435765,51.481335,-223.625977,-78.050362,-222.792999,2922.606201,34202.296875,-77.719208,2.014806,0.003477,0.254853,4.85277,0.02896,0.166345,0.146303,4104.875488,0.125294,2.195013,0.032883,0.079572,0.033304,0.001338,1079.2796097914377,-229.420349,-6091.962402,519.667358,-1.294491,-5.437356,-222.224075,-77.447029,-63.822151,-128.0,64.17775,0.0,51.307716,-223.625565,-77.719116,116736000,0.833996,1.074697,11.313262
0.007329,11.313223,0.191233,1820.611447417791,51.996754,-223.523148,-77.819878,-222.691544,2922.656738,34172.125,-77.508209,1.798553,0.003452,0.252835,4.853498,0.02947,0.167325,0.145765,4078.250244,0.124626,1.437944,0.033014,0.079853,0.033455,0.001338,1082.7996663570405,-230.561829,-6114.245117,496.486237,-1.291421,-5.43076,-222.115311,-77.24884,-63.801697,-128.0,64.198273,0.0,51.833187,-223.523056,-77.508217,117120000,0.856673,1.046831,11.313288
0.007666,11.313223,0.445813,1861.4140060625286,52.215672,-223.558228,-77.60923,-222.722351,2932.489258,34276.464844,-77.289185,1.979912,0.003474,0.252678,4.836388,0.029505,0.166813,0.145867,4061.615234,0.123683,2.060766,0.032673,0.079142,0.033115,0.001336,1086.2426239569982,-230.156616,-6104.949219,510.395813,-1.29102,-5.440076,-222.149399,-77.019821,-63.851826,-128.0,64.148079,0.0,52.057087,-223.558273,-77.289284,117504000,0.839799,1.059046,11.313257
0.00748,11.313223,0.292696,1903.3578981082171,52.143787,-223.82515,-77.897972,-223.002213,2924.699707,34242.003906,-77.545471,2.022034,0.003458,0.251041,4.849869,0.029201,0.164624,0.14489,4043.608887,0.125054,2.306384,0.032909,0.07968,0.033371,0.00134,1089.6097453196844,-229.808792,-6091.687988,515.135742,-1.289687,-5.434553,-222.430161,-77.297531,-63.770206,-128.0,64.229668,0.0,51.983959,-223.825867,-77.545547,117888000,0.836192,1.029239,11.313256
0.007693,11.313223,0.257903,1902.7800025697604,52.106323,-224.470978,-78.448975,-223.655701,2915.490967,34262.523438,-78.101906,1.969717,0.003427,0.241441,4.799045,0.029078,0.161645,0.142889,3984.375732,0.122292,2.291839,0.032371,0.07845,0.032775,0.00133,1092.9778931220374,-229.810898,-6095.42334,515.938477,-1.291463,-5.441707,-223.08577,-77.8825,-63.815479,-128.0,64.184418,0.0,51.945915,-224.470963,-78.101959,118272000,0.827432,0.991315,11.313248
0.007166,11.313223,0.246646,1888.3962934190315,51.233749,-224.116379,-78.382065,-223.331253,2917.827881,34239.601562,-78.053192,1.991845,0.003437,0.242936,4.839345,0.029301,0.156863,0.143199,4013.638184,0.122786,2.178223,0.032702,0.079239,0.033142,0.00134,1096.371633295218,-230.173767,-6084.785156,520.587341,-1.28602,-5.433352,-222.736664,-77.815315,-63.751942,-128.0,64.247993,0.0,51.053932,-224.116119,-78.053131,118656000,0.81776,1.036997,11.313242
0.007304,11.313223,0.298837,1788.1045556483796,50.955688,-224.224792,-78.224945,-223.360992,2935.08374,34439.40625,-77.912292,1.820081,0.003383,0.242598,4.820827,0.029276,0.152164,0.142805,3995.205078,0.119593,1.416448,0.032336,0.078465,0.032747,0.001338,1099.9557635625204,-231.26889,-6116.342773,496.848907,-1.288278,-5.446795,-222.824188,-77.620186,-63.819214,-128.0,64.18071,0.0,50.769524,-224.22493,-77.912308,119040000,0.838193,1.135126,11.313262
0.006964,11.313223,0.23936,1774.3847017986823,50.973373,-225.254913,-78.268211,-224.443909,2932.707275,34570.972656,-77.925507,1.990923,0.003379,0.243057,4.837631,0.028966,0.148866,0.14255,3990.350586,0.121205,2.161539,0.032435,0.078717,0.032865,0.001342,1103.5674038012824,-230.129333,-6078.926758,525.911255,-1.289628,-5.444137,-223.886063,-77.710335,-63.746876,-128.0,64.252998,0.0,50.787643,-225.254227,-77.925674,119424000,0.820742,0.979256,11.31326
0.006739,11.313223,0.238024,1780.3515173140822,50.881084,-224.931564,-78.170403,-224.118744,2946.213379,34674.867188,-77.840424,2.015447,0.003308,0.243365,4.819481,0.028539,0.146368,0.14266,3986.76123,0.12176,2.092291,0.032008,0.077813,0.032424,0.001338,1107.1670759121578,-230.149338,-6086.105469,522.887939,-1.288255,-5.45139,-223.545731,-77.610199,-63.788307,-128.0,64.211609,0.0,50.694405,-224.931808,-77.840141,119808000,0.828214,1.008028,11.313274
0.006619,11.313223,0.230003,1788.6571874293559,51.036156,-224.909744,-77.936562,-224.136566,2959.465088,34816.96875,-77.619965,1.984313,0.003298,0.246793,4.842389,0.028566,0.141716,0.141851,4011.478027,0.11962,2.252667,0.032132,0.078094,0.032559,0.00134,1110.7501132210095,-230.214661,-6091.54248,517.20929,-1.28991,-5.449195,-223.540222,-77.397324,-63.785339,-128.0,64.214668,0.0,50.852093,-224.909836,-77.620117,120192000,0.798794,0.980827,11.313277
0.006378,11.313223,0.382976,1785.7512526207004,50.991608,-225.447601,-78.098038,-224.58902,2974.502197,35072.273438,-77.782852,1.79751,0.003275,0.244187,4.815693,0.028731,0.138852,0.141387,3987.386963,0.118125,1.406756,0.031661,0.077048,0.032068,0.001332,1114.3390386780104,-231.683975,-6119.671875,494.91748,-1.29326,-5.46514,-224.048889,-77.526093,-63.828957,-128.0,64.170959,0.0,50.804527,-225.447418,-77.782997,120576000,0.845895,1.04891,11.31328
0.006084,11.313223,0.299572,1782.5990629814341,51.195332,-225.546783,-77.836601,-224.730789,2962.819336,34940.859375,-77.508507,2.057024,0.003272,0.247409,4.851644,0.028551,0.13557,0.141,4010.42627,0.117734,2.08349,0.031841,0.077449,0.032266,0.001334,1117.9340425054231,-230.342957,-6089.425781,512.767639,-1.29184,-5.459584,-224.167679,-77.24662,-63.718597,-127.999985,64.281319,0.0,51.014072,-225.546982,-77.508568,120960000,0.824468,1.050958,11.313292
0.00626,11.313223,0.099952,1769.025587947689,51.454426,-225.910263,-77.880753,-225.099106,2954.242676,34899.273438,-77.556664,2.10855,0.00322,0.243053,4.816519,0.028417,0.134136,0.139571,3987.234863,0.116211,2.278484,0.031433,0.076582,0.031838,0.001331,1121.5565302371979,-230.249222,-6094.263184,518.129089,-1.29423,-5.475725,-224.515106,-77.284958,-63.821407,-128.0,64.178513,0.0,51.2784,-225.91037,-77.556755,121344000,0.836726,1.067673,11.313278
0.006091,11.313223,0.089229,1772.141894224411,51.67168,-226.393326,-78.093689,-225.582855,2946.620361,34893.242188,-77.751907,2.067152,0.003268,0.250542,4.846755,0.028481,0.133099,0.139689,4046.667725,0.118145,2.057832,0.03154,0.076836,0.031965,0.001333,1125.173123550415,-230.642899,-6096.664551,512.596741,-1.293371,-5.472831,-225.004974,-77.457703,-63.786098,-128.0,64.213814,0.0,51.499584,-226.393082,-77.752213,121728000,0.848412,1.122806,11.313287
0.006241,11.313223,0.404602,1802.5797458678123,51.626144,-226.047501,-78.416191,-225.215714,2953.931396,34944.984375,-78.067879,1.972033,0.003247,0.249191,4.829269,0.028949,0.132015,0.139371,4046.30127,0.118067,1.423995,0.031162,0.076034,0.031561,0.001331,1128.728465994199,-231.452377,-6118.717773,496.317841,-1.295965,-5.489564,-224.633331,-77.796257,-63.835949,-128.0,64.163963,0.0,51.452717,-226.04808,-78.068115,122112000,0.85207,1.085357,11.313277
0.006225,11.313223,0.280627,1799.4266740802848,51.942501,-226.550034,-78.582901,-225.727814,2951.287598,34997.640625,-78.254974,2.146157,0.003269,0.25243,4.855581,0.029151,0.131561,0.139413,4076.151855,0.117859,2.207917,0.031532,0.076837,0.031966,0.001334,1132.289851196607,-230.482605,-6085.945801,519.303345,-1.294086,-5.482151,-225.154617,-77.991684,-63.747837,-127.999985,64.252174,0.0,51.777657,-226.550323,-78.254822,122496000,0.85079,1.07925,11.313262
0.006249,11.313223,0.117432,1784.3131439354747,52.203156,-226.504517,-78.219574,-225.675797,2958.448975,35052.472656,-77.884819,2.082076,0.003294,0.250322,4.828447,0.029111,0.132211,0.139578,4082.924072,0.117696,2.096644,0.031265,0.076266,0.031666,0.001333,1135.8814438144366,-230.429184,-6100.013184,512.548645,-1.293256,-5.491021,-225.106094,-77.639023,-63.821308,-127.999985,64.178581,0.0,52.042767,-226.504013,-77.885056,122880000,0.834384,1.031453,11.313266
0.006237,11.313223,0.144142,1784.5739841354975,52.231396,-226.679993,-78.817383,-225.886246,2966.179199,35210.332031,-78.446762,2.129027,0.003204,0.253528,4.84726,0.029015,0.13302,0.140362,4095.969238,0.116535,2.140608,0.031643,0.077171,0.032065,0.001346,1139.4724817474682,-230.259399,-6085.375488,523.33313,-1.292614,-5.486187,-225.296524,-78.230438,-63.78447,-128.0,64.215477,0.0,52.071823,-226.680038,-78.44693,123264000,0.823125,0.997232,11.313239
0.006479,11.313223,0.19266,1780.3903188273584,52.147915,-226.209167,-79.238731,-225.330063,2975.733398,35265.84375,-78.895256,1.902576,0.003191,0.254649,4.831524,0.02901,0.135843,0.140826,4104.309082,0.117125,1.423311,0.031568,0.076989,0.031974,0.001345,1143.0719233512878,-231.451752,-6116.421387,497.186279,-1.295764,-5.488971,-224.782791,-78.604408,-63.821671,-128.0,64.178314,0.0,51.985146,-226.209396,-78.895256,123648000,0.88392,1.157061,11.313251
0.006177,11.313223,0.434794,1785.0917583717794,52.166557,-226.327576,-79.103371,-225.49408,2974.030518,35260.257812,-78.763008,2.080886,0.003108,0.261933,4.869819,0.028831,0.135295,0.142021,4131.797852,0.116706,2.189973,0.031892,0.07772,0.032317,0.001351,1146.6618211507798,-230.231461,-6082.412598,524.144226,-1.286608,-5.483811,-224.932724,-78.533897,-63.76329,-128.0,64.236649,0.0,52.005291,-226.327576,-78.763,124032000,0.836403,1.047625,11.313241
0.006255,11.313223,0.506172,1776.7342683705356,52.041321,-226.264221,-78.624153,-225.442825,2976.165527,35248.867188,-78.272285,2.006601,0.003081,0.257339,4.839819,0.028789,0.134098,0.141103,4092.823242,0.115063,2.118821,0.031648,0.077169,0.032039,0.001348,1150.2686968723933,-230.455643,-6097.287109,514.460632,-1.288097,-5.49548,-224.857559,-78.037132,-63.81292,-128.0,64.187019,0.0,51.876816,-226.264252,-78.272514,124416000,0.832693,1.036457,11.313241
0.006055,11.313223,0.247982,1324.3463829369812,52.081524,-225.995377,-78.439735,-225.187912,2973.48291,35169.09375,-78.115707,2.042978,0.003061,0.260982,4.863859,0.02826,0.133965,0.142383,4103.341309,0.113355,2.178799,0.031725,0.077401,0.032134,0.001354,1155.1059349258742,-230.387772,-6092.514648,513.509644,-1.2777,-5.489267,-224.592773,-77.914116,-63.756317,-128.0,64.243576,0.0,51.918785,-225.995789,-78.115685,124800000,0.827533,0.983982,11.313253
0.005975,11.313223,0.339835,1824.3764993982868,52.243858,-225.916595,-77.952049,-225.030685,2978.333008,35174.449219,-77.616821,1.87854,0.003101,0.267373,4.904712,0.028088,0.134615,0.143179,4115.720215,0.114976,1.43921,0.032123,0.078292,0.032544,0.001362,1158.618563624223,-231.287537,-6114.306152,495.619049,-1.270398,-5.482885,-224.504959,-77.359291,-63.786396,-128.0,64.213524,0.0,52.083359,-225.916855,-77.616676,125184000,0.856229,1.090433,11.31326
0.005825,11.313223,0.179527,1881.642026124803,52.126541,-225.818024,-78.087212,-224.970764,2983.704346,35236.429688,-77.725548,2.009081,0.003066,0.266063,4.865866,0.028319,0.133962,0.143347,4087.041992,0.113636,2.018667,0.031657,0.077287,0.032055,0.001358,1162.0246777653695,-230.780746,-6110.381836,504.629089,-1.279884,-5.49957,-224.40387,-77.497246,-63.842339,-127.999985,64.157578,0.0,51.963318,-225.818436,-77.725739,125568000,0.822044,1.016989,11.313253
0.005668,11.313223,0.314019,1900.5728610062667,52.025288,-225.232086,-78.486702,-224.376999,3002.753906,35396.222656,-78.129601,2.049419,0.003148,0.267991,4.882217,0.028536,0.133206,0.143167,4106.540039,0.113999,2.100899,0.031909,0.077858,0.03234,0.001361,1165.3968568444252,-231.019928,-6105.51416,503.141815,-1.279533,-5.488527,-223.814896,-77.871986,-63.776218,-128.0,64.223717,0.0,51.860535,-225.231827,-78.129715,125952000,0.825728,1.093038,11.313252
0.005573,11.313223,0.028209,1902.8778472371796,52.28635,-224.928192,-78.336594,-224.082306,3005.848633,35378.84375,-77.992996,1.990798,0.003142,0.264579,4.858538,0.028641,0.133016,0.142956,4076.364502,0.111995,2.042845,0.031614,0.077196,0.032015,0.001357,1168.7647977312406,-231.309479,-6111.802734,501.179718,-1.278557,-5.498122,-223.500793,-77.728142,-63.816883,-128.0,64.183037,0.0,52.126045,-224.92804,-77.993111,126336000,0.814814,1.103414,11.313253
0.005456,11.313223,-0.236605,1766.3704116076945,52.434555,-224.863983,-78.195877,-224.006409,3002.340576,35318.523438,-77.854492,1.794522,0.003261,0.2639,4.862757,0.02908,0.132191,0.142487,4080.833984,0.11271,1.357426,0.031937,0.077921,0.032344,0.001364,1172.393431242307,-231.846451,-6123.3125,484.731842,-1.280328,-5.484715,-223.439621,-77.592194,-63.761921,-128.0,64.237999,0.0,52.27689,-224.863754,-77.854393,126720000,0.832908,1.089166,11.31325
0.005508,11.313223,0.062384,1774.9707282299614,52.216057,-224.907227,-77.759048,-224.052368,3002.815186,35304.855469,-77.441628,1.90911,0.003229,0.261069,4.842853,0.029077,0.133027,0.142549,4069.36792,0.112158,2.117344,0.031535,0.077039,0.031928,0.001358,1176.0037624875704,-231.008499,-6121.869141,493.347076,-1.284877,-5.490384,-223.484894,-77.181419,-63.842041,-128.0,64.15789,0.0,52.05381,-224.907104,-77.441681,127104000,0.820313,1.059482,11.313282
0.005325,11.313223,0.172035,1831.3875801486547,52.401936,-224.859329,-77.675232,-224.01123,3005.376709,35322.746094,-77.345352,1.913051,0.003247,0.259462,4.853665,0.029199,0.131179,0.141797,4066.272949,0.112878,1.984072,0.031943,0.077914,0.032334,0.001364,1179.5030760327975,-231.041,-6119.044434,492.13324,-1.284844,-5.482106,-223.448227,-77.064629,-63.801266,-128.0,64.198647,0.0,52.244202,-224.859619,-77.345299,127488000,0.812113,1.096267,11.313266
0.00533,11.313223,0.258254,1805.923876382862,52.563831,-225.536682,-77.877335,-224.707901,2992.046387,35281.917969,-77.528572,1.893836,0.003304,0.253621,4.813201,0.029413,0.1299,0.140672,4042.225342,0.111386,2.006023,0.031561,0.07706,0.031924,0.001357,1183.051721405983,-230.8479,-6117.682129,495.087646,-1.288517,-5.491685,-224.131836,-77.28093,-63.819172,-128.0,64.18074,0.0,52.408989,-225.536621,-77.528748,127872000,0.808176,1.030124,11.313271
0.005284,11.313223,0.275959,1827.6054018173563,52.173035,-225.530563,-77.983459,-224.739441,2992.251953,35294.730469,-77.667076,1.961111,0.003326,0.255137,4.833504,0.029336,0.129958,0.140555,4086.780273,0.112483,2.05981,0.032068,0.078181,0.032465,0.001365,1186.5583013455073,-231.176834,-6107.48584,502.386749,-1.285051,-5.477766,-224.144913,-77.438644,-63.787045,-128.0,64.212845,0.0,52.010891,-225.530624,-77.667015,128256000,0.796413,1.004586,11.313266
0.005328,11.313223,0.284642,1832.169787690399,52.199421,-225.923523,-77.920013,-225.038788,3014.192627,35596.125,-77.596138,1.807152,0.003307,0.253043,4.796005,0.028984,0.129557,0.139656,4058.686035,0.112139,1.35282,0.031756,0.077495,0.032128,0.001361,1190.0561693906784,-232.094269,-6131.160156,485.662872,-1.289339,-5.487454,-224.517853,-77.287941,-63.847164,-128.0,64.152779,0.0,52.035667,-225.92366,-77.596077,128640000,0.834345,1.152267,11.313273
0.005278,11.313223,0.391956,1844.2348121241748,52.085129,-226.351807,-78.0709,-225.515472,2993.343018,35428.882812,-77.741615,1.984942,0.003278,0.252526,4.816589,0.028728,0.127214,0.139378,4068.173584,0.112221,2.20377,0.031938,0.077917,0.032337,0.001364,1193.531175104777,-230.509521,-6100.731445,505.937164,-1.285747,-5.48266,-224.971619,-77.525391,-63.761673,-128.0,64.238274,0.0,51.920563,-226.351807,-77.741714,129024000,0.809447,0.982027,11.313274
0.005331,11.313223,0.347567,1849.4165997395237,52.222988,-226.264725,-77.583038,-225.452164,3001.10498,35481.859375,-77.278412,1.973098,0.003258,0.251516,4.788445,0.028593,0.127334,0.138646,4067.51001,0.111953,2.038521,0.03171,0.077394,0.032095,0.001359,1196.99641567866,-230.781372,-6107.841309,504.922363,-1.28753,-5.48927,-224.890167,-77.046501,-63.819855,-127.999985,64.180038,0.0,52.061546,-226.265045,-77.278229,129408000,0.782429,0.990027,11.313281
0.004984,11.313223,0.052258,1828.8137162642006,52.268135,-226.479645,-77.490021,-225.685333,2994.980713,35438.84375,-77.171753,1.932546,0.003295,0.252893,4.802768,0.028774,0.126061,0.137968,4099.518066,0.114527,2.13951,0.032081,0.078236,0.032492,0.001366,1200.5007086396217,-230.681534,-6095.137207,511.344696,-1.290523,-5.47882,-225.120026,-76.942574,-63.75798,-128.0,64.241936,0.0,52.10751,-226.479813,-77.171814,129792000,0.781758,0.974418,11.313272
0.00511,11.313223,0.029973,1824.308993101217,52.299126,-226.297806,-78.004677,-225.408951,3013.935059,35653.785156,-77.680336,1.753715,0.003275,0.250781,4.771889,0.029022,0.126447,0.137655,4092.543701,0.113372,1.330006,0.031765,0.07756,0.032161,0.001363,1204.0136060039201,-231.918076,-6125.521484,488.680237,-1.295113,-5.4889,-224.904266,-77.410904,-63.822853,-128.0,64.177086,0.0,52.137985,-226.297928,-77.680611,130176000,0.821838,1.066857,11.313288
0.00498,11.313223,0.275721,1816.7989814004052,52.722248,-225.883499,-77.911835,-225.037308,3003.058594,35463.96875,-77.597511,1.942288,0.003231,0.251102,4.798396,0.029091,0.126199,0.137232,4106.583008,0.113069,2.18135,0.032022,0.078158,0.032422,0.001371,1207.5411581675212,-230.69548,-6103.939941,501.034332,-1.292496,-5.477835,-224.505707,-77.340904,-63.742756,-128.0,64.257149,0.0,52.571381,-225.883621,-77.597466,130560000,0.796682,1.042526,11.313272
0.0048,11.313223,0.065541,1809.921595279474,52.402035,-226.090088,-77.592445,-225.266617,2992.545898,35355.695312,-77.288399,1.976539,0.003169,0.24708,4.773244,0.028993,0.125203,0.136624,4085.855957,0.111933,1.954749,0.031431,0.076801,0.031812,0.001356,1211.0820377628008,-230.785889,-6110.914551,500.977661,-1.293053,-5.493505,-224.708191,-77.038986,-63.810905,-127.999985,64.18898,0.0,52.244469,-226.091141,-77.288513,130944000,0.781399,1.01448,11.313256
0.004812,11.313223,0.051824,1850.8394282775325,52.1283,-226.327835,-78.037277,-225.494141,3001.591553,35523.726562,-77.702652,1.984981,0.003142,0.249287,4.797896,0.029058,0.125696,0.136009,4106.133301,0.113333,1.914925,0.031738,0.077476,0.032137,0.00136,1214.545553032557,-230.915878,-6099.252441,506.128021,-1.294869,-5.479143,-224.954742,-77.458099,-63.744484,-128.0,64.25544,0.0,51.965672,-226.328247,-77.702751,131328000,0.803186,1.018122,11.313271
0.004612,11.313223,0.042916,1856.4947991601632,52.275558,-225.873795,-78.149559,-225.038452,3004.341553,35495.125,-77.815483,1.816377,0.003036,0.246283,4.775666,0.029034,0.125407,0.136083,4088.490234,0.112286,1.327901,0.031561,0.077057,0.031945,0.001355,1217.9975696722665,-231.922775,-6124.645996,489.657318,-1.293725,-5.483558,-224.482559,-77.566574,-63.823967,-127.999985,64.175964,0.0,52.114666,-225.874557,-77.815575,131712000,0.8115,1.033494,11.313307
0.004599,11.313223,0.048621,1849.9747768053119,52.090225,-226.060684,-78.618507,-225.218948,3002.999756,35533.816406,-78.267265,2.044298,0.003104,0.250732,4.812893,0.028838,0.124905,0.136489,4110.871582,0.113683,2.093507,0.031995,0.078049,0.032398,0.001366,1221.4618516206742,-230.710648,-6098.901855,509.665497,-1.291515,-5.470387,-224.683167,-77.993324,-63.778645,-128.0,64.221336,0.0,51.927406,-226.060242,-78.267242,132096000,0.818302,1.106296,11.313289
0.004626,11.313223,0.195123,1842.3705839413508,52.196014,-225.630661,-78.473831,-224.798035,3013.171631,35582.878906,-78.160683,1.963556,0.003137,0.249599,4.802998,0.02884,0.125487,0.136861,4087.539062,0.112679,2.132441,0.03174,0.077484,0.032125,0.001362,1224.9403945724168,-230.900482,-6106.337402,507.239716,-1.291071,-5.481575,-224.23085,-77.89241,-63.82687,-128.0,64.173073,0.0,52.034897,-225.630234,-78.160492,132480000,0.821365,1.091825,11.31327
0.004721,11.313223,0.281269,1809.924233244321,52.458729,-225.993225,-78.225502,-225.197784,2989.518555,35347.726562,-77.877289,2.004381,0.003088,0.252173,4.825501,0.028618,0.125961,0.137202,4102.733887,0.112942,2.201861,0.031858,0.07776,0.032255,0.001365,1228.4811936736107,-230.443848,-6093.029297,513.872192,-1.289655,-5.476471,-224.617783,-77.673904,-63.7645,-128.0,64.23539,0.0,52.303024,-225.992859,-77.877533,132864000,0.798324,0.954036,11.313282
0.004592,11.313223,0.243852,1828.3001509450423,52.074261,-226.019516,-78.703308,-225.15239,2992.584717,35406.96875,-78.384903,1.879101,0.003108,0.251166,4.805842,0.028562,0.12774,0.137573,4067.712402,0.114498,1.386886,0.031703,0.077338,0.032091,0.001354,1231.9866436044374,-231.669296,-6116.67334,496.672913,-1.292086,-5.480665,-224.612671,-78.097649,-63.816795,-128.0,64.183121,0.0,51.90818,-226.019974,-78.384888,133248000,0.854247,1.136758,11.313291
0.00471,11.313223,0.306168,1824.0024548754352,52.06551,-226.625748,-78.404648,-225.800125,2979.994385,35335.515625,-78.075165,2.043448,0.003149,0.258032,4.834575,0.028389,0.127527,0.138342,4073.692627,0.117727,2.149788,0.032007,0.078068,0.032435,0.001363,1235.5001209020616,-230.503922,-6091.793945,516.009644,-1.294614,-5.473159,-225.260223,-77.838226,-63.77301,-128.0,64.226921,0.0,51.901466,-226.626266,-78.075142,133632000,0.812045,1.018631,11.313287
0.004843,11.313223,0.256199,1813.541801418939,52.365978,-226.319122,-78.610092,-225.496994,2983.595947,35344.769531,-78.264282,2.003922,0.003154,0.256912,4.810448,0.028258,0.127163,0.138786,4055.414307,0.11651,2.278984,0.031697,0.077342,0.032098,0.001355,1239.0338758150735,-230.361282,-6098.600098,515.459167,-1.293646,-5.485892,-224.945099,-78.049431,-63.836834,-128.0,64.163109,0.0,52.208557,-226.319504,-78.264549,134016000,0.79178,0.98432,11.313264
0.004769,11.313223,0.260903,1371.0173462346083,52.444847,-225.739914,-78.581322,-224.902145,2982.17334,35238.007812,-78.265434,2.014817,0.003237,0.261711,4.8363,0.028278,0.127534,0.139824,4078.140869,0.116699,2.193771,0.03192,0.077871,0.03234,0.001361,1243.706660914421,-230.843369,-6094.649414,511.110413,-1.289616,-5.477824,-224.354233,-78.017288,-63.749401,-128.0,64.250549,0.0,52.288521,-225.739014,-78.265518,134400000,0.805317,1.05923,11.313268
0.004889,11.313223,0.244453,1826.679879523963,52.079182,-225.423721,-77.848106,-224.556503,3000.677734,35361.148438,-77.523582,1.798876,0.003212,0.265594,4.875246,0.02846,0.127712,0.140168,4097.109375,0.115763,1.377573,0.031714,0.077504,0.032125,0.001367,1247.2148316979408,-231.292892,-6117.202148,496.153442,-1.280707,-5.480569,-224.014145,-77.237038,-63.820454,-128.0,64.179482,0.0,51.913921,-225.423782,-77.523605,134784000,0.834353,1.123876,11.313259
0.00497,11.313223,0.087203,1820.72932029255,52.103947,-225.92894,-78.351402,-225.089935,2994.013672,35392.179688,-77.995407,2.058102,0.003097,0.262303,4.822298,0.02839,0.128448,0.140032,4070.865723,0.114018,2.130829,0.031217,0.076419,0.031626,0.001358,1250.7346059242884,-230.636826,-6102.939941,513.649048,-1.29058,-5.494449,-224.517838,-77.741486,-63.859631,-128.0,64.140305,0.0,51.940571,-225.929352,-77.995216,135168000,0.830711,1.057205,11.313256
0.004807,11.313223,0.282474,1824.5051178034364,52.329693,-225.823059,-78.347252,-224.992233,2997.128662,35413.96875,-78.019386,2.010506,0.003136,0.264302,4.832109,0.028466,0.12931,0.140611,4078.489502,0.11731,2.011564,0.031702,0.077478,0.032129,0.001365,1254.2470365842184,-230.765594,-6100.175781,510.710876,-1.292076,-5.477798,-224.437576,-77.755241,-63.801228,-128.0,64.198677,0.0,52.170883,-225.82341,-78.019196,135552000,0.809113,1.075382,11.313267
0.005119,11.313223,0.324501,1842.9936299052652,52.127899,-225.467773,-77.964912,-224.640076,2997.216553,35339.675781,-77.635742,2.097893,0.003113,0.262535,4.815557,0.02859,0.127491,0.139533,4080.117188,0.115439,2.074268,0.031263,0.076536,0.031663,0.001361,1257.724238860607,-230.855408,-6104.209473,510.377899,-1.292141,-5.493122,-224.057907,-77.383965,-63.837353,-127.999985,64.162552,0.0,51.96442,-225.467453,-77.635719,135936000,0.811463,1.035414,11.31326
0.004999,11.313223,0.163266,1877.444944135066,52.139553,-225.5681,-78.585106,-224.720749,3008.949707,35527.054688,-78.224411,1.959648,0.00314,0.260529,4.824487,0.028616,0.129028,0.139744,4091.832031,0.114659,1.376363,0.031407,0.07687,0.031815,0.001365,1261.1378069996833,-231.761032,-6114.9375,498.126526,-1.29083,-5.485434,-224.157104,-77.979927,-63.812916,-128.0,64.187012,0.0,51.975666,-225.568207,-78.224518,136320000,0.833152,1.047391,11.313256
0.005013,11.313223,0.002279,1863.8449294392033,52.028614,-225.547501,-78.365158,-224.711914,3009.119873,35514.816406,-78.041565,1.97164,0.003158,0.258602,4.82046,0.028896,0.130266,0.139627,4089.014648,0.114836,1.93136,0.031253,0.07655,0.031654,0.001364,1264.576193956534,-231.021713,-6103.091797,511.097198,-1.291324,-5.488228,-224.139954,-77.78083,-63.831448,-128.0,64.168419,0.0,51.862831,-225.547577,-78.041534,136704000,0.82182,1.071609,11.313257
0.004865,11.313223,0.142869,1800.978704650797,52.082047,-225.823898,-78.256783,-224.991394,2990.007568,35324.363281,-77.917931,2.021486,0.003201,0.257837,4.826066,0.028756,0.131609,0.138737,4093.229736,0.116585,2.090794,0.031504,0.07711,0.031913,0.001369,1268.1347582260767,-230.734726,-6092.967773,514.123169,-1.291986,-5.478402,-224.435562,-77.664261,-63.763664,-128.0,64.236275,0.0,51.918816,-225.824005,-77.917923,137088000,0.813086,1.051255,11.313264
0.004868,11.313223,0.146579,1840.7653781116426,52.268795,-226.075394,-78.523178,-225.25972,2982.535645,35291.21875,-78.174164,2.059481,0.003177,0.253163,4.779408,0.028681,0.132889,0.137896,4062.46167,0.115998,2.086654,0.031182,0.076289,0.031563,0.001354,1271.616288081805,-230.701752,-6096.287109,516.373779,-1.296217,-5.484384,-224.695023,-77.940918,-63.819344,-128.0,64.180542,0.0,52.109718,-226.074692,-78.174202,137472000,0.794329,1.012471,11.313262
0.00468,11.313223,0.295181,1803.8250453840797,52.369694,-225.890335,-78.657532,-225.099243,2983.242188,35282.484375,-78.321632,2.080641,0.003211,0.253958,4.798585,0.028442,0.133601,0.138161,4071.417236,0.118435,2.15823,0.031662,0.077352,0.032054,0.001364,1275.1689123471579,-230.60054,-6081.848633,523.685852,-1.29426,-5.473999,-224.517639,-78.099236,-63.749374,-127.999985,64.250534,0.0,52.213039,-225.890274,-78.321701,137856000,0.794374,1.000556,11.313264
0.004632,11.313223,0.244765,1823.846105766502,52.054359,-225.846313,-78.582565,-224.959244,2984.21167,35268.953125,-78.25769,1.861702,0.003194,0.250649,4.76843,0.028406,0.133125,0.137296,4049.559326,0.115889,1.363175,0.031332,0.07661,0.031692,0.001359,1278.6826536854107,-231.928741,-6119.722656,496.497192,-1.292461,-5.49246,-224.439255,-77.961975,-63.842827,-128.0,64.157082,0.0,51.888103,-225.845963,-78.257538,138240000,0.822702,1.147765,11.313268
0.004309,11.313223,0.17425,1850.2778513257854,52.213848,-226.625732,-78.952789,-225.80687,2975.117188,35309.867188,-78.602791,2.052224,0.003263,0.249254,4.776949,0.028249,0.134404,0.136857,4048.476562,0.117099,2.019012,0.031743,0.07756,0.032135,0.001368,1282.1463308850923,-230.636169,-6082.973145,524.549011,-1.29474,-5.482233,-225.260559,-78.357491,-63.768852,-127.999985,64.231026,0.0,52.053604,-226.625671,-78.602966,138624000,0.792677,1.056984,11.313278
0.004408,11.313223,0.202478,1846.6100698340879,51.800636,-226.572388,-78.674004,-225.7621,2985.790039,35413.691406,-78.33931,1.996208,0.003281,0.247881,4.749756,0.028379,0.134297,0.13668,4039.405273,0.115005,2.107056,0.031559,0.077108,0.031933,0.001362,1285.6168595751126,-230.635773,-6093.094727,521.393311,-1.293282,-5.489098,-225.206482,-78.094093,-63.838303,-127.999985,64.161652,0.0,51.630951,-226.57222,-78.339363,139008000,0.777162,1.04881,11.313256
0.004232,11.313223,0.152514,1849.423214863353,51.993885,-226.50058,-78.479599,-225.711166,2980.157227,35327.589844,-78.159828,1.970391,0.003285,0.251162,4.763859,0.028358,0.134319,0.137031,4055.424072,0.115559,2.109027,0.031891,0.077857,0.03228,0.001369,1289.0820653796195,-230.84671,-6085.359863,522.218933,-1.29072,-5.480303,-225.13768,-77.920425,-63.76717,-128.0,64.232788,0.0,51.829029,-226.500412,-78.159821,139392000,0.786777,1.034732,11.313246
0.004616,11.313223,0.067615,1840.919257053474,52.174938,-226.528183,-78.62088,-225.655212,3009.358643,35675.246094,-78.288673,1.859175,0.003222,0.249471,4.733912,0.028451,0.134497,0.136749,4038.692871,0.112397,1.347704,0.031606,0.07726,0.031977,0.001368,1292.563260392348,-231.944794,-6111.941895,502.540375,-1.296474,-5.490586,-225.14238,-78.003807,-63.825329,-128.0,64.174606,0.0,52.01141,-226.527481,-78.288887,139776000,0.81191,1.119595,11.313234
0.004457,11.313223,0.038142,1854.485899019157,51.945457,-226.322723,-78.200615,-225.499649,2997.972656,35491.507812,-77.890648,2.0227,0.00325,0.248616,4.765499,0.028476,0.133738,0.137117,4059.754639,0.11111,2.155978,0.031817,0.077793,0.032218,0.001376,1296.0190560936928,-230.772293,-6093.894531,512.215088,-1.290025,-5.485239,-224.951172,-77.650772,-63.753399,-127.999985,64.246552,0.0,51.779209,-226.322723,-77.890701,140160000,0.785765,1.026252,11.313262
0.004503,11.313223,0.040776,1883.5802033791629,52.180805,-226.586441,-77.981255,-225.759918,2993.772949,35468.136719,-77.654884,1.998796,0.003232,0.246003,4.733061,0.028595,0.133789,0.136725,4058.295654,0.109688,2.01959,0.03129,0.076644,0.031671,0.001368,1299.4214583595594,-230.861267,-6097.72998,515.864563,-1.295951,-5.496459,-225.207962,-77.38974,-63.827461,-128.0,64.172455,0.0,52.018703,-226.586533,-77.654816,140544000,0.788182,1.054664,11.313272
0.004567,11.313223,0.117199,1896.691102628567,52.1283,-226.845169,-78.158157,-226.039581,2999.581055,35589.492188,-77.837334,1.991478,0.003232,0.248875,4.768225,0.028527,0.133204,0.137053,4079.508057,0.108024,2.145445,0.031406,0.07694,0.03179,0.001374,1302.8003526647885,-230.923721,-6090.986816,516.656555,-1.291942,-5.492159,-225.47641,-77.582993,-63.767208,-128.0,64.232697,0.0,51.964897,-226.84462,-77.837402,140928000,0.786853,1.049258,11.313245
0.004706,11.313223,0.253832,1891.3834804594376,52.335464,-226.78595,-77.824493,-225.944504,2998.773682,35545.515625,-77.497459,1.848954,0.003174,0.246134,4.751372,0.028437,0.13124,0.136214,4065.093994,0.107421,1.329518,0.031099,0.076257,0.031477,0.001368,1306.1886889139812,-231.743393,-6120.228027,493.231415,-1.29331,-5.499084,-225.403244,-77.227013,-63.817204,-128.0,64.182724,0.0,52.175785,-226.785919,-77.497345,141312000,0.798403,1.064568,11.313273
0.004794,11.313223,0.252729,1897.4178337250107,52.313416,-227.155701,-78.199913,-226.335312,2998.736328,35625.585938,-77.873909,2.009938,0.003157,0.248691,4.780548,0.02827,0.131569,0.13594,4091.782715,0.111704,2.01964,0.031497,0.077112,0.031898,0.001372,1309.566193775336,-230.7202,-6094.129395,512.080444,-1.296024,-5.487437,-225.791962,-77.602036,-63.754864,-127.999985,64.245018,0.0,52.154827,-227.155289,-77.873772,141696000,0.800102,1.076956,11.313263
0.004542,11.313223,0.197117,1894.4318787102698,52.147942,-227.067291,-77.955956,-226.231461,2995.702881,35558.800781,-77.642029,2.058059,0.003075,0.245194,4.771038,0.028075,0.131076,0.135555,4082.322266,0.109268,2.197684,0.031033,0.076081,0.031401,0.001365,1312.949050327142,-230.466034,-6105.439453,507.995087,-1.29668,-5.502701,-225.684998,-77.378502,-63.829735,-128.0,64.170181,0.0,51.98616,-227.067535,-77.642105,142080000,0.802451,1.049768,11.31327
0.004325,11.313223,0.156321,1861.316889915509,52.210358,-227.232651,-78.132767,-226.461838,2992.378906,35563.5625,-77.789536,2.058079,0.003034,0.246118,4.796021,0.027886,0.130912,0.13599,4080.90918,0.109801,2.048069,0.031359,0.076742,0.031741,0.001364,1316.3920390168826,-230.62915,-6093.995117,513.327515,-1.287317,-5.48996,-225.883224,-77.57766,-63.766968,-128.0,64.233032,0.0,52.050568,-227.233337,-77.789719,142464000,0.770835,0.972051,11.313272
0.004292,11.313223,0.202124,1773.6571074106478,52.310368,-227.314713,-78.405258,-226.446869,3014.224609,35837.808594,-78.077759,1.868757,0.003009,0.246288,4.780809,0.028048,0.13028,0.135527,4069.075195,0.107873,1.365181,0.031219,0.076426,0.031576,0.001363,1320.0051596283913,-231.844666,-6121.124512,494.672913,-1.293294,-5.497887,-225.93631,-77.779678,-63.839687,-128.0,64.160255,0.0,52.149796,-227.314087,-78.077721,142848000,0.814121,1.14347,11.313266
0.004008,11.313223,0.399829,1752.3150620508015,52.83007,-227.711685,-78.738655,-226.89006,3005.70459,35822.316406,-78.381088,2.124015,0.003015,0.2503,4.805373,0.028087,0.130457,0.136479,4089.887207,0.108908,2.096176,0.031635,0.077341,0.032018,0.001369,1323.6622416814168,-230.454269,-6089.049805,515.963501,-1.287983,-5.483534,-226.36972,-78.133965,-63.745525,-128.0,64.254372,0.0,52.682537,-227.711136,-78.380898,143232000,0.786958,1.06475,11.313272
0.004058,11.313223,0.254392,1786.6175514380664,52.265015,-226.795746,-78.966965,-225.964142,3006.950684,35712.160156,-78.618202,2.109647,0.003005,0.24886,4.786771,0.028108,0.131289,0.136461,4086.139893,0.110479,2.270594,0.031402,0.076831,0.031775,0.001365,1327.2493963042896,-230.363892,-6102.277832,510.764587,-1.290243,-5.490403,-225.423035,-78.393539,-63.826775,-128.0,64.173141,0.0,52.105831,-226.795685,-78.618126,143616000,0.797313,1.025119,11.313281
0.004148,11.313223,0.156473,1318.907661339314,52.480923,-226.667847,-78.646507,-225.865387,2990.175049,35478.414062,-78.332321,2.030797,0.002976,0.251745,4.800553,0.028189,0.133847,0.137273,4101.394043,0.110931,2.127423,0.031779,0.077696,0.032171,0.001375,1332.106674583753,-230.477585,-6093.298828,515.011963,-1.292562,-5.484299,-225.297684,-78.121643,-63.778076,-128.0,64.221855,0.0,52.326035,-226.667328,-78.332115,144000000,0.798576,0.980412,11.313268
0.00401,11.313223,0.078901,1781.9236248459185,52.799114,-226.231766,-78.363579,-225.361328,3021.42041,35755.445312,-78.016289,1.842186,0.002977,0.259237,4.8377,0.028042,0.133946,0.138466,4096.338379,0.110135,1.379065,0.031849,0.07792,0.032232,0.001384,1335.702977971236,-231.529541,-6113.979492,497.049316,-1.275615,-5.479105,-224.841187,-77.748375,-63.794949,-128.0,64.204956,0.0,52.650074,-226.232407,-78.016319,144384000,0.833997,1.116831,11.313243
0.004094,11.313223,0.063874,1883.1377186979241,52.755329,-226.059296,-78.705452,-225.217041,3017.142578,35704.523438,-78.358917,1.898673,0.002983,0.259074,4.798497,0.028486,0.134807,0.139627,4081.473877,0.110649,2.02802,0.031504,0.077119,0.031882,0.001373,1339.1061261455218,-230.627441,-6101.449707,514.862183,-1.28894,-5.482137,-224.679169,-78.153084,-63.856709,-127.999985,64.143227,0.0,52.604881,-226.058868,-78.358955,144768000,0.798839,0.97948,11.313271
0.003908,11.313223,0.11727,1891.954457630882,52.658295,-225.512787,-78.089333,-224.683746,3010.717041,35510.527344,-77.781364,1.888538,0.003057,0.259639,4.809596,0.028556,0.133248,0.139567,4100.91748,0.113608,1.976543,0.031803,0.077865,0.032205,0.001386,1342.4933462262154,-230.767441,-6102.692383,506.486023,-1.289305,-5.475663,-224.13356,-77.542091,-63.784306,-127.999985,64.215584,0.0,52.505974,-225.512772,-77.78138,145152000,0.789181,1.022116,11.313272
0.003855,11.313223,0.085932,1893.3589308985177,52.402641,-225.377533,-77.784233,-224.53981,3012.212646,35488.167969,-77.459396,1.904594,0.002997,0.257607,4.798342,0.02853,0.1318,0.138409,4087.087891,0.112599,2.149806,0.031354,0.076859,0.031736,0.001377,1345.878122707208,-231.089081,-6105.299316,510.77594,-1.290937,-5.48911,-223.977936,-77.211517,-63.84988,-128.0,64.150108,0.0,52.244198,-225.377472,-77.459381,145536000,0.795885,1.022751,11.313257
0.003724,11.313223,0.015819,1871.7252929581077,52.221935,-225.326401,-77.698257,-224.484573,3007.175049,35414.832031,-77.386223,1.763567,0.003023,0.260079,4.810401,0.02852,0.130181,0.137748,4089.82251,0.114686,1.324612,0.031554,0.077318,0.031948,0.001382,1349.3019447406134,-231.644058,-6122.458496,490.627502,-1.291825,-5.480868,-223.930679,-77.121399,-63.814381,-128.0,64.185562,0.0,52.060009,-225.326416,-77.38607,145920000,0.802644,1.051684,11.313259
0.003872,11.313223,0.233596,1863.5145974165466,52.4314,-225.392151,-77.772621,-224.539993,3012.681396,35492.390625,-77.447151,1.918326,0.002987,0.257193,4.79317,0.028575,0.128096,0.137208,4067.823975,0.112459,2.045788,0.031208,0.076549,0.031588,0.001375,1352.7408384482067,-230.939026,-6108.910156,505.527863,-1.292174,-5.488093,-223.988388,-77.157684,-63.834984,-127.999985,64.164955,0.0,52.274326,-225.391998,-77.447121,146304000,0.806673,1.102896,11.313272
0.003719,11.313223,0.359262,1862.1872847643413,52.791592,-225.218765,-77.918663,-224.381104,3004.563965,35382.0,-77.581497,1.927255,0.003055,0.257398,4.815188,0.028807,0.126894,0.136948,4078.676025,0.112863,2.030889,0.031246,0.076624,0.031629,0.001375,1356.1823074777922,-230.852936,-6102.378418,505.342499,-1.291125,-5.479434,-223.823334,-77.299782,-63.768764,-128.0,64.231194,0.0,52.641953,-225.218353,-77.581741,146688000,0.801448,1.095702,11.313264
0.003597,11.313223,0.291702,1876.9430227160844,52.396576,-226.288574,-78.335678,-225.475159,3003.257568,35555.261719,-77.98008,1.987929,0.003049,0.248304,4.764155,0.02914,0.125061,0.135679,4053.905273,0.110181,2.104161,0.030596,0.075217,0.030946,0.001367,1359.5970164497694,-230.547165,-6100.212402,513.198303,-1.29147,-5.503089,-224.905411,-77.763351,-63.828625,-128.0,64.171257,0.0,52.237865,-226.289062,-77.980217,147072000,0.771596,0.980864,11.313255
0.003499,11.313223,0.29655,1893.615941022849,52.049034,-226.410721,-78.731422,-225.615234,3009.331055,35671.914062,-78.398003,1.968299,0.00305,0.251584,4.788598,0.029044,0.124634,0.135729,4076.575928,0.111948,2.057307,0.030973,0.076058,0.031339,0.001375,1362.981401459376,-230.76474,-6095.815918,511.113129,-1.286378,-5.492042,-225.036209,-78.191772,-63.761848,-127.999985,64.238045,0.0,51.882683,-226.409973,-78.398018,147456000,0.781232,0.987293,11.313246
0.003465,11.313223,0.18876,1865.7974675510893,52.108795,-226.620682,-78.438667,-225.742981,3014.605225,35737.605469,-78.10672,1.746132,0.00301,0.248779,4.765063,0.028838,0.124442,0.135149,4047.658691,0.11126,1.322479,0.030639,0.07531,0.030983,0.001369,1366.4160275419554,-232.048096,-6124.259277,489.057953,-1.289474,-5.503958,-225.226517,-77.845627,-63.812817,-128.0,64.187111,0.0,51.943264,-226.620743,-78.106659,147840000,0.805351,1.078728,11.31325
0.003559,11.313223,0.136279,1870.251836847464,52.578354,-227.001022,-78.976112,-226.165436,3011.864746,35801.050781,-78.610252,2.026867,0.003029,0.252213,4.783072,0.02881,0.124699,0.136421,4065.061279,0.114416,2.228156,0.030787,0.075666,0.031152,0.001373,1369.8425715208054,-230.446503,-6092.467285,511.617798,-1.285375,-5.496748,-225.637909,-78.426239,-63.736435,-128.0,64.263412,0.0,52.423626,-227.001144,-78.610199,148224000,0.773851,0.95381,11.313242
0.003665,11.313223,0.048249,1831.3528834381636,52.507259,-227.034775,-78.571564,-226.224503,3010.996582,35775.085938,-78.247826,2.020364,0.002985,0.250743,4.745064,0.028983,0.126141,0.136706,4063.614502,0.111585,2.170079,0.030308,0.074585,0.030657,0.001362,1373.3419009407362,-230.978287,-6101.65918,513.788086,-1.286543,-5.511256,-225.66098,-78.065498,-63.844654,-128.0,64.155312,0.0,52.349724,-227.034698,-78.247643,148608000,0.766601,0.932631,11.313259
0.003683,11.313223,-0.00243,1814.4561624109504,52.247467,-227.047379,-78.077148,-226.23175,3019.4729,35846.351562,-77.761208,2.039367,0.002989,0.25424,4.76089,0.028823,0.126497,0.136465,4076.110596,0.113164,1.983892,0.030894,0.075897,0.031266,0.001374,1376.8741027474402,-230.841949,-6094.215332,510.113831,-1.287268,-5.498197,-225.685959,-77.542519,-63.734943,-127.999985,64.265015,0.0,52.084694,-227.047562,-77.76136,148992000,0.768144,0.984509,11.313246
0.003521,11.313223,-0.041911,1830.6180914106699,52.47736,-226.966537,-78.204849,-226.08371,3025.675049,35906.441406,-77.881912,1.837843,0.002894,0.250997,4.721754,0.028738,0.127936,0.136711,4061.270264,0.111867,1.296251,0.030572,0.075134,0.030908,0.001365,1380.3747746308645,-232.245636,-6125.260742,490.329926,-1.287944,-5.512189,-225.579178,-77.611465,-63.833527,-128.0,64.166412,0.0,52.318459,-226.967178,-77.881821,149376000,0.790133,1.09145,11.31325
0.003497,11.313223,0.324848,1856.0588790599777,52.664978,-226.923248,-77.83242,-226.081955,3031.891357,35957.492188,-77.515564,2.010538,0.002907,0.253709,4.752333,0.028569,0.128643,0.136904,4087.490234,0.112283,2.080319,0.031087,0.076276,0.031457,0.001373,1383.8274988293647,-231.187378,-6100.586426,506.313171,-1.285792,-5.497062,-225.557617,-77.26136,-63.757133,-128.0,64.242828,0.0,52.511292,-226.922699,-77.515503,149760000,0.774833,1.048074,11.313245
0.003625,11.313223,0.294513,1855.9596047559583,52.571217,-226.556976,-77.593262,-225.706116,3022.621582,35776.042969,-77.276077,1.975675,0.002876,0.250417,4.744209,0.028641,0.129202,0.136429,4072.625,0.109656,1.925269,0.03091,0.075904,0.031255,0.001374,1387.2804695765178,-231.263855,-6112.385742,499.513824,-1.285899,-5.509061,-225.163452,-77.010437,-63.806343,-128.0,64.193581,0.0,52.415264,-226.556824,-77.276138,150144000,0.791442,1.061275,11.313266
0.003579,11.313223,0.222188,1821.4145969859114,52.41964,-226.435898,-77.739334,-225.583038,3027.883301,35828.644531,-77.410713,1.984279,0.002905,0.255836,4.765198,0.028718,0.129065,0.137213,4099.273926,0.107191,1.991901,0.031114,0.076368,0.031471,0.001378,1390.798960908254,-231.063232,-6104.441895,503.002289,-1.280916,-5.502042,-225.049149,-77.158417,-63.763931,-128.0,64.236023,0.0,52.260998,-226.436646,-77.410576,150528000,0.788287,1.0502,11.313262
0.003694,11.313223,0.043023,1862.5601052794927,52.487457,-226.482712,-77.402267,-225.63475,3026.944336,35805.347656,-77.095093,1.810991,0.002923,0.252375,4.743748,0.02879,0.129264,0.136265,4067.090332,0.105285,1.290615,0.030781,0.075597,0.031129,0.001369,1394.2395380338032,-232.284332,-6130.01416,487.206909,-1.282759,-5.513663,-225.076019,-76.843414,-63.849411,-128.0,64.150551,0.0,52.328373,-226.482346,-77.0951,150912000,0.804622,1.03171,11.313246
0.00355,11.313223,0.14348,1845.7078586509012,52.712902,-226.785782,-77.31414,-225.931396,3025.932373,35832.726562,-76.990959,2.007484,0.002944,0.253871,4.790496,0.028695,0.129696,0.136542,4087.02417,0.104933,2.075248,0.031253,0.076667,0.031622,0.001379,1397.7116343895593,-231.044724,-6102.262695,505.938873,-1.28196,-5.501139,-225.396088,-76.744293,-63.771477,-127.999985,64.2285,0.0,52.560616,-226.785995,-76.991096,151296000,0.808857,1.019671,11.313263
0.003633,11.313223,0.258359,1778.3993079256916,52.681499,-226.381516,-77.889763,-225.515854,3018.733887,35720.320312,-77.541779,1.97183,0.002907,0.252642,4.788656,0.028736,0.130076,0.13672,4084.060059,0.104864,2.074648,0.031009,0.076098,0.031346,0.001374,1401.3149160703024,-231.010651,-6106.745117,504.244568,-1.286587,-5.504488,-224.983017,-77.305496,-63.799744,-128.0,64.20018,0.0,52.528305,-226.381546,-77.542107,151680000,0.80394,1.012533,11.313264
0.003535,11.313223,0.216198,1805.7787053791585,52.619228,-226.40448,-78.389709,-225.594971,3020.247559,35779.429688,-78.039276,1.944207,0.002963,0.258476,4.830664,0.029012,0.129987,0.136919,4095.869385,0.10767,2.063316,0.031278,0.076773,0.031658,0.001384,1404.8637071609496,-230.990814,-6091.779785,514.301819,-1.287399,-5.495157,-225.023911,-77.854401,-63.750782,-128.0,64.249069,0.0,52.464664,-226.404251,-78.039375,152064000,0.789156,0.927727,11.31327
0.003654,11.313223,0.031508,1782.440438056296,52.068161,-226.299088,-78.674995,-225.3992,3025.772705,35832.902344,-78.35408,1.751792,0.002931,0.257065,4.800594,0.02921,0.130124,0.137168,4073.659912,0.109337,1.309663,0.030933,0.075933,0.031274,0.001373,1408.4589827020964,-232.049088,-6119.664062,495.554993,-1.292974,-5.506068,-224.874023,-78.085457,-63.831665,-128.0,64.168274,0.0,51.900509,-226.298782,-78.353989,152448000,0.849123,1.096782,11.31327
0.003532,11.313223,0.10931,1770.917274512135,52.065979,-226.645691,-78.677582,-225.78717,3015.853271,35774.238281,-78.338127,2.006715,0.002936,0.262635,4.834752,0.02902,0.130331,0.137702,4102.822754,0.111385,2.184897,0.031162,0.076513,0.03154,0.001381,1412.0777362823487,-230.474411,-6085.040527,521.545471,-1.289963,-5.494756,-225.264084,-78.10997,-63.760967,-128.0,64.238976,0.0,51.899982,-226.645721,-78.338028,152832000,0.79995,1.021372,11.313291
0.003536,11.313223,0.286498,1823.3280006146874,52.197456,-226.322601,-78.172897,-225.483887,3010.321533,35631.984375,-77.855797,2.001812,0.002899,0.26097,4.808509,0.028874,0.12964,0.137468,4095.084961,0.109423,2.087245,0.030839,0.075834,0.031206,0.001379,1415.5923575282097,-230.857498,-6090.051758,523.084595,-1.29544,-5.506064,-224.935104,-77.633965,-63.82267,-127.999985,64.177261,0.0,52.034214,-226.323502,-77.85585,153216000,0.777337,0.977744,11.313259
0.004157,11.313223,0.033037,1325.0902500594188,52.637009,-227.031204,-78.684975,-226.177719,3003.231934,35682.277344,-78.322502,1.978405,0.002968,0.2565,4.824861,0.027971,0.132542,0.137636,4094.470703,0.107835,2.140927,0.031562,0.077329,0.03196,0.001381,4.829859677950541,-230.343689,-6090.841797,517.380798,-1.281787,-5.486485,-225.662018,-78.081055,-63.778847,-128.0,64.221077,0.0,52.485046,-227.031754,-78.322502,144384000,0.80813,1.063693,11.313262
0.004053,11.313223,0.13316,1742.0580390222415,52.464821,-225.911713,-78.526779,-225.09494,3016.838623,35671.589844,-78.206726,1.973845,0.002964,0.256004,4.785627,0.028388,0.134414,0.138923,4077.883545,0.109145,2.060943,0.031453,0.077072,0.031834,0.001379,8.509453292687734,-230.682709,-6102.222656,514.047424,-1.288881,-5.48753,-224.526108,-77.982674,-63.855923,-128.0,64.14399,0.0,52.308235,-225.91156,-78.206856,144768000,0.793018,1.009716,11.313256
0.003994,11.313223,0.19254,1742.0861220516003,52.4356,-226.228455,-78.25013,-225.364975,3021.900879,35755.425781,-77.930977,1.767748,0.003036,0.258246,4.78816,0.028551,0.133483,0.138678,4104.398438,0.111043,1.347911,0.031697,0.07767,0.032098,0.001387,12.189148672421773,-232.015182,-6113.199707,498.55954,-1.293041,-5.482126,-224.841751,-77.651833,-63.797546,-128.0,64.202263,0.0,52.27729,-226.228546,-77.931068,145152000,0.819493,1.100295,11.313246
0.003973,11.313223,0.145616,1743.361461723833,52.362957,-226.237366,-78.419487,-225.385681,3013.609619,35669.960938,-78.065865,1.940436,0.00299,0.256522,4.774088,0.028449,0.131845,0.137116,4102.633789,0.109668,2.059633,0.031153,0.076454,0.031526,0.001378,15.864436515172322,-230.813751,-6100.915039,514.995728,-1.296831,-5.493786,-224.859726,-77.815849,-63.850868,-127.999985,64.149101,0.0,52.203926,-226.237854,-78.065918,145536000,0.779419,1.039803,11.313249
0.003927,11.313223,0.186639,1661.0798688894224,52.167912,-225.945435,-78.831444,-225.118149,3007.768311,35585.964844,-78.497314,1.969444,0.003029,0.258312,4.78063,0.028397,0.131551,0.136246,4111.210449,0.112542,1.992,0.03144,0.077089,0.031823,0.001383,19.722642147541045,-230.695221,-6098.94043,513.767639,-1.297942,-5.484815,-224.576233,-78.261665,-63.820183,-128.0,64.179756,0.0,52.004787,-225.945663,-78.497467,145920000,0.767414,1.026571,11.313262
0.004026,11.313223,0.233274,1546.220240988241,52.225975,-225.444275,-78.377663,-224.614243,3007.89624,35483.957031,-78.066818,1.941237,0.002964,0.256429,4.756649,0.028448,0.128676,0.134402,4089.022217,0.109779,2.036412,0.03108,0.076276,0.031449,0.001375,23.868842538197836,-230.915146,-6105.519043,509.332336,-1.301041,-5.495545,-224.048828,-77.812149,-63.839291,-127.999985,64.160599,0.0,52.063957,-225.444138,-78.066795,146304000,0.776381,1.040499,11.313235
