B,B_norm,F1,FPS,M1,Q1,Q_aux,Q_discriminator,Q_fb,actor_loss,auxQ1,aux_critic_loss,aux_rew/limits_dof_pos,aux_rew/limits_torque,aux_rew/penalty_action_rate,aux_rew/penalty_ankle_roll,aux_rew/penalty_feet_ori,aux_rew/penalty_slippage,aux_rew/penalty_torques,aux_rew/penalty_undesired_contact,critic_loss,disc_expert_loss,disc_loss,disc_train_loss,disc_wgan_gp_loss,duration [minutes],fb_diag,fb_loss,fb_offdiag,mean_aux_reward,mean_disc_reward,mean_next_Q,mean_next_auxQ,orth_loss,orth_loss_diag,orth_loss_offdiag,q_loss,target_M,target_Q,target_auxQ,timestep,unc_Q,unc_auxQ,z_norm
0.000192,16.0,-0.070857,893.1083728134739,11.558506,-34.328377,-33.354019,-33.787743,291.051483,600.357971,-32.844543,1.43188,0.293563,12.893566,260.754761,0.125463,0.233957,0.503087,51058.890625,0.707729,3.910388,0.028665,0.195631,0.067311,0.009966,7.1659835775693255,-209.577118,-3711.303955,494.419617,-1.854985,-3.494042,-31.208025,-31.407005,-39.961411,-255.999985,216.037842,0.0,11.099902,-34.334145,-32.848675,384000,0.522904,0.438217,16.000063
1.1e-05,16.0,-0.067574,1007.2064728081776,38.583344,-94.63871,-63.365833,-93.610115,705.014221,3542.445068,-63.072826,1.980319,0.285049,14.449101,153.585693,0.130995,0.364777,0.575903,52559.917969,0.856895,13.777198,0.014234,0.078914,0.015215,0.004946,13.527767546971639,-234.767303,-9378.741211,738.630737,-1.519715,-4.561192,-91.354279,-62.572392,-98.826134,-256.0,157.173691,0.0,38.264534,-94.644302,-63.073795,768000,1.134692,0.475875,16.000042
0.000637,16.0,0.398244,1040.6315813846281,54.866489,-129.209045,-66.346642,-128.231308,857.194824,5789.473145,-66.352791,1.745287,0.245951,13.451359,118.832237,0.131464,0.435718,0.586773,48796.609375,0.881118,10.777619,0.017923,0.076907,0.018891,0.004009,19.684047281742096,-251.122955,-10919.932617,779.982056,-1.353921,-4.834424,-126.317352,-66.090027,-114.48806,-255.999969,141.511368,0.0,54.844795,-129.212204,-66.35289,1152000,1.197278,0.470897,16.000013
0.002136,16.0,0.648892,1046.0221783926995,65.026268,-147.72818,-60.116833,-146.825333,960.981567,7262.456543,-60.204666,1.492635,0.205544,11.844074,94.427246,0.131436,0.433735,0.555176,41162.46875,0.888591,7.981715,0.025139,0.08914,0.027405,0.00366,25.807307167847952,-249.406525,-11702.71582,833.470581,-1.187817,-4.58002,-145.542419,-59.996922,-122.867905,-256.0,133.131668,0.0,65.212227,-147.730087,-60.204422,1536000,1.058337,0.44845,16.000004
0.00325,16.0,0.31753,1046.5289063364671,59.680302,-152.77121,-52.812904,-151.952957,1072.649048,8223.248047,-52.902103,1.267198,0.172652,10.830774,75.159561,0.132509,0.43025,0.533327,34553.757812,0.890132,6.668462,0.037363,0.115132,0.040627,0.003714,31.927441012859344,-247.095932,-11899.408203,863.687988,-1.063263,-4.410463,-150.882935,-52.688011,-125.159981,-256.0,130.839722,0.0,59.751755,-152.772995,-52.902065,1920000,1.014459,0.417237,15.999976
0.003583,16.0,-0.011597,1045.7282260548973,52.901047,-157.674759,-48.163677,-156.842636,1174.898193,9178.631836,-48.223545,1.146416,0.1558,10.031349,67.17128,0.132053,0.43852,0.521407,31344.660156,0.888216,6.210411,0.041868,0.122359,0.045977,0.003451,38.05229912598928,-253.966751,-12103.416016,814.842896,-1.015676,-4.368283,-155.924866,-47.965641,-126.643311,-256.0,129.356445,0.0,52.814236,-157.675339,-48.22361,2304000,1.021899,0.411323,15.999989
0.003791,16.0,-0.057885,1045.4603199711878,48.858147,-159.649857,-45.592415,-158.757538,1249.447876,9816.053711,-45.618416,1.047252,0.143483,9.424588,59.196365,0.132011,0.446187,0.512513,28871.476562,0.886869,5.833549,0.045412,0.127764,0.050095,0.003226,44.17882885535558,-260.574219,-12198.777344,784.648315,-0.999083,-4.390339,-157.913376,-45.326988,-127.228897,-256.0,128.770905,0.0,48.666317,-159.650192,-45.618473,2688000,1.029775,0.405895,16.000006
0.00352,16.0,0.020556,1046.7413234638266,48.856297,-160.286774,-46.255936,-159.333694,1349.235718,10659.646484,-46.254261,1.218318,0.127577,8.913007,45.444088,0.131912,0.470488,0.508544,26948.867188,0.878228,6.451028,0.04745,0.129545,0.051849,0.003025,50.297740904490155,-265.27948,-12168.599609,820.74585,-1.106048,-4.396761,-158.55423,-45.851234,-127.240417,-256.0,128.759277,0.0,48.650326,-160.286942,-46.254349,3072000,1.033713,0.436953,15.999982
0.003705,16.0,0.04527,1046.9814533811575,47.912743,-153.929855,-50.247765,-153.109558,1393.130615,10683.107422,-50.217709,1.116537,0.089196,6.896926,25.629499,0.131836,0.468669,0.482116,19288.496094,0.825788,4.867366,0.047616,0.131817,0.05094,0.003326,56.415430676937106,-260.378876,-12141.78125,717.827332,-1.342083,-4.198418,-152.292465,-49.653538,-125.992165,-256.0,130.007568,0.0,47.675743,-153.930496,-50.218449,3456000,0.990336,0.440389,15.99999
0.003802,16.0,0.090995,1046.312894010777,45.523537,-152.304749,-57.466438,-151.561142,1383.300171,10702.036133,-57.482727,1.312885,0.072982,5.934014,18.528408,0.131961,0.457406,0.444945,14875.853516,0.755242,4.630897,0.045418,0.124414,0.047968,0.003103,62.537074172496794,-260.022858,-12114.800781,744.014404,-1.619401,-4.085693,-150.785065,-56.77203,-125.988167,-256.0,130.011444,0.0,45.226475,-152.304703,-57.483295,3840000,0.918293,0.463754,15.999971
0.003848,16.0,0.135937,1047.2698233945043,45.613537,-152.634445,-66.583366,-151.990616,1383.086182,10983.553711,-66.644569,1.4095,0.063,5.355929,14.065148,0.132219,0.454114,0.418154,12251.280273,0.687183,3.716703,0.043416,0.116007,0.045495,0.00271,68.6528912226359,-267.393921,-12113.158203,776.963989,-1.767384,-4.002831,-151.246185,-65.955284,-126.227043,-256.0,129.77272,0.0,45.305347,-152.634262,-66.645027,4224000,0.837036,0.492563,15.999989
0.003982,16.0,0.190878,1046.3078654434948,45.1409,-155.840759,-72.35743,-155.236404,1409.812012,11594.112305,-72.414673,1.329949,0.060665,4.845092,12.310865,0.131861,0.458526,0.397851,11571.069336,0.622461,2.881314,0.042961,0.110228,0.044776,0.002249,74.77442968289057,-281.959503,-12178.219727,817.626099,-1.762538,-4.034876,-154.501328,-71.841049,-127.138603,-255.999969,128.861084,0.0,44.810425,-155.840866,-72.414986,4608000,0.805485,0.506689,16.000011
0.003613,16.0,0.298998,1046.9769628543174,47.725426,-160.291763,-76.423157,-159.760666,1446.405762,12342.580078,-76.432587,1.594984,0.06007,4.5533,10.382438,0.132243,0.445436,0.371661,11018.097656,0.541934,3.383612,0.044276,0.109146,0.046083,0.001879,80.89219332933426,-291.366547,-12072.806641,892.141479,-1.760906,-4.084691,-158.995193,-75.930992,-126.735893,-255.999969,129.263718,0.0,47.43541,-160.291901,-76.432877,4992000,0.800615,0.529605,15.999976
0.003434,16.0,0.29644,1046.2781334468784,48.850212,-164.778503,-79.139282,-164.274231,1468.186768,12941.350586,-79.120216,1.679101,0.057387,4.430084,9.157325,0.132471,0.4354,0.349569,10554.669922,0.473773,3.309252,0.04271,0.103249,0.044311,0.001623,87.01385251283645,-301.993988,-12082.0,901.912048,-1.775806,-4.149281,-163.508713,-78.649918,-126.819321,-256.0,129.180328,0.0,48.569828,-164.778778,-79.120499,5376000,0.797784,0.546693,15.999986
0.003362,16.0,0.264294,1047.554152526296,48.088818,-170.914307,-82.455704,-170.472076,1500.397949,13791.339844,-82.400574,1.709169,0.056434,4.375781,8.171617,0.13288,0.427274,0.32559,10170.174805,0.413254,3.14339,0.041079,0.098069,0.042571,0.001442,93.1281337181727,-311.958405,-12061.725586,928.729248,-1.801913,-4.226363,-169.69313,-81.96907,-126.784958,-255.999969,129.214706,0.0,47.780239,-170.914505,-82.400688,5760000,0.794276,0.549016,15.999989
0.00335,16.0,0.189349,1046.9517035078686,48.40984,-177.617249,-86.703674,-177.215057,1528.81311,14698.702148,-86.578934,1.579983,0.054752,4.367217,7.045053,0.133328,0.421537,0.301431,9733.780273,0.366722,2.348898,0.039054,0.092552,0.04033,0.001317,99.24607787529628,-322.452423,-12168.733398,896.18457,-1.864447,-4.317207,-176.438568,-86.156685,-127.424683,-255.999969,128.574982,0.0,48.097832,-177.617432,-86.579254,6144000,0.797444,0.57412,15.999975
0.003649,16.0,0.159681,1047.0441103895819,49.850368,-183.964325,-90.604126,-183.586105,1578.079468,15789.567383,-90.440247,1.943635,0.051949,4.386145,6.521732,0.1334,0.39848,0.283177,9506.458984,0.344292,3.112226,0.038984,0.091652,0.040243,0.001243,105.36341880162557,-327.089386,-12107.99707,917.165466,-1.882311,-4.40345,-182.820679,-90.07135,-126.980652,-256.0,129.019012,0.0,49.560234,-183.964355,-90.440674,6528000,0.809413,0.588571,15.999975
0.003581,16.0,0.158304,1048.0332586462516,50.08363,-189.588669,-93.947319,-189.212265,1598.533813,16555.640625,-93.809204,1.79697,0.050181,4.423643,6.246204,0.133488,0.386049,0.26824,9256.585938,0.340769,3.032222,0.037967,0.08895,0.039101,0.001188,111.47623422145844,-334.828949,-12094.288086,918.416077,-1.9273,-4.476327,-188.48819,-93.466789,-126.778694,-256.0,129.221008,0.0,49.786095,-189.588684,-93.809364,6912000,0.804265,0.58036,15.999984
0.003521,16.0,0.022639,1047.6519198518117,49.520279,-195.313934,-95.727425,-194.986053,1648.981201,17610.509766,-95.617935,1.701958,0.046759,4.433414,5.952147,0.133451,0.382609,0.255402,8936.950195,0.334268,2.959374,0.036557,0.085624,0.037561,0.001151,117.58984052737554,-341.487762,-12075.894531,924.170837,-1.967037,-4.546873,-194.265472,-95.277122,-126.585518,-255.999969,129.414169,0.0,49.202518,-195.314056,-95.618294,7296000,0.789859,0.570481,15.999972
0.003256,16.0,0.074847,1046.3448603253048,47.380917,-199.387146,-97.951355,-199.026199,1687.744995,18443.041016,-97.790955,1.571551,0.043247,4.384361,5.645766,0.133464,0.382795,0.242128,8561.385742,0.315293,2.189288,0.034551,0.08104,0.035336,0.001115,123.71109104553858,-348.545715,-12162.814453,896.105103,-2.004903,-4.616654,-198.344055,-97.448822,-127.103584,-255.999969,128.896042,0.0,47.012901,-199.387619,-97.791374,7680000,0.803022,0.584713,15.999968
0.003828,16.0,0.220765,1046.827645850593,46.25605,-203.576874,-99.695778,-203.243637,1751.755127,19585.865234,-99.505386,2.023261,0.041543,4.316128,5.611859,0.132917,0.375852,0.234704,8354.402344,0.312569,2.933058,0.035395,0.082744,0.036287,0.001106,129.82961765527725,-348.611877,-11964.370117,1018.40332,-1.95638,-4.647524,-202.590515,-99.246582,-126.341469,-256.0,129.658234,0.0,45.863392,-203.577057,-99.505569,8064000,0.797255,0.586388,15.999986
0.004051,16.0,0.3825,1047.1361931882007,46.903313,-206.040894,-101.06459,-205.666183,1804.97876,20437.226562,-100.847054,2.084454,0.040772,4.204425,5.572815,0.132516,0.374228,0.231634,8244.092773,0.294776,2.897996,0.035233,0.082404,0.036161,0.001101,135.9464138229688,-351.529419,-11935.254883,1001.785583,-1.916296,-4.667835,-205.073212,-100.650955,-125.855049,-255.999969,130.144577,0.0,46.520576,-206.040741,-100.847031,8448000,0.818325,0.597173,15.999982
0.004097,16.0,0.461021,1046.7602036111743,47.725956,-208.210724,-101.610298,-207.845459,1850.7948,21176.730469,-101.4086,2.050809,0.038936,4.116055,5.410573,0.13215,0.367741,0.226058,8097.474121,0.28779,2.865904,0.033773,0.079215,0.034638,0.00108,142.0666099747022,-356.06192,-12027.083984,980.381592,-1.9224,-4.722001,-207.230865,-101.223221,-126.51429,-255.999969,129.485382,0.0,47.35516,-208.210983,-101.408913,8832000,0.821336,0.586667,15.999996
0.004113,16.0,0.362479,1047.42241763799,48.678993,-210.195374,-101.297485,-209.809555,1887.256104,21762.025391,-101.111572,1.56521,0.037715,4.049416,5.192812,0.132051,0.370973,0.218011,7938.761719,0.269989,2.178892,0.032647,0.076735,0.033428,0.001066,148.18151755730312,-361.786133,-12167.741211,920.91333,-1.94678,-4.789504,-209.180191,-100.900093,-127.268593,-256.0,128.73114,0.0,48.322208,-210.195358,-101.111725,9216000,0.835526,0.577717,15.99999
0.004186,16.0,0.092791,924.6556300021075,47.572647,-211.983429,-101.406044,-211.542603,1925.738281,22403.912109,-101.202393,1.847999,0.038383,3.95504,5.256143,0.131411,0.380249,0.215369,7903.142578,0.255554,2.982137,0.034483,0.080821,0.035428,0.001091,155.107788336277,-361.994049,-12047.426758,951.343811,-1.884916,-4.806125,-210.983765,-101.053513,-126.367912,-255.999969,129.631882,0.0,47.190323,-211.983643,-101.202469,9600000,0.843534,0.581765,15.999992
0.00388,16.0,0.17682,1046.3415220118693,48.633072,-214.44046,-101.129898,-214.048462,2010.71228,23609.261719,-100.931061,1.719467,0.035947,3.85119,5.295963,0.130627,0.375962,0.215144,7904.634766,0.247562,2.883771,0.032228,0.076037,0.032927,0.001088,161.22942781051,-365.269775,-12061.098633,973.586426,-1.885446,-4.816154,-213.480499,-100.774925,-126.694412,-256.0,129.305252,0.0,48.26836,-214.440994,-100.931137,9984000,0.84477,0.58427,16.0
0.004185,16.0,0.054203,1046.9162029663858,48.105053,-215.496826,-100.966423,-215.116394,2047.748169,24147.908203,-100.771919,1.68622,0.035772,3.805185,5.184466,0.130587,0.370022,0.213005,7889.117188,0.245699,2.787978,0.031552,0.074583,0.032304,0.001073,167.34706528186797,-368.969482,-12056.456055,996.487305,-1.899611,-4.869031,-214.502792,-100.600731,-126.839958,-255.999969,129.159821,0.0,47.725811,-215.496811,-100.772133,10368000,0.846609,0.578533,15.999974
0.003989,16.0,-0.095598,1046.4041785897987,49.168613,-217.537415,-101.283707,-217.136581,2070.937012,24637.919922,-101.075729,1.500134,0.035113,3.71314,5.102469,0.130134,0.376081,0.212785,7866.545898,0.249211,2.269417,0.030708,0.072803,0.031503,0.001059,173.4677581469218,-373.235718,-12067.418945,992.257141,-1.896599,-4.914144,-216.529358,-100.913414,-126.864616,-256.0,129.135117,0.0,48.809013,-217.537827,-101.076042,10752000,0.868517,0.579879,15.99999
0.003685,16.0,-0.162009,1046.5178835912614,50.62067,-218.026733,-102.119476,-217.542511,2064.764648,24641.146484,-101.893257,2.190146,0.03473,3.643937,5.041154,0.129601,0.369992,0.209593,7810.003418,0.254565,3.00126,0.030299,0.071946,0.031087,0.001056,179.5877605398496,-367.92804,-12063.736328,1001.781921,-1.861904,-4.959921,-216.97081,-101.767731,-126.976166,-255.999969,129.023727,0.0,50.296631,-218.027267,-101.893242,11136000,0.890099,0.60951,16.000008
0.003959,16.0,-0.025466,1045.1986786337563,49.81702,-219.558136,-101.438988,-219.078629,2088.574463,25064.8125,-101.265434,1.852218,0.034502,3.499622,5.038244,0.127744,0.366595,0.210871,7769.106445,0.25735,2.905945,0.030481,0.072389,0.031311,0.00106,185.7155112584432,-372.099609,-12024.467773,1009.362732,-1.810517,-4.992603,-218.498108,-101.186707,-126.617218,-256.0,129.382568,0.0,49.469711,-219.558182,-101.265373,11520000,0.891489,0.595148,15.999961
0.004238,16.0,0.150604,1046.3952958535149,50.722874,-221.615479,-99.36573,-221.172348,2096.44043,25281.357422,-99.191551,1.820919,0.033911,3.387751,4.992797,0.125678,0.367093,0.211929,7675.42334,0.261588,2.984742,0.030239,0.071874,0.0311,0.001053,191.83618344068526,-375.883606,-12066.022461,1001.906311,-1.784372,-5.032271,-220.556915,-99.095528,-126.920059,-256.0,129.079666,0.0,50.391994,-221.615784,-99.191521,11904000,0.893181,0.599247,15.999978
0.004012,16.0,0.253975,1045.8948940607925,50.56488,-223.947021,-96.401657,-223.539261,2112.496338,25595.591797,-96.272461,1.587472,0.032896,3.193223,4.918556,0.121774,0.357634,0.20969,7472.137695,0.272474,2.341099,0.029869,0.071167,0.030746,0.001055,197.95986431042354,-381.958832,-12098.814453,961.748352,-1.753536,-5.083521,-222.882919,-96.14975,-126.785789,-255.999969,129.214035,0.0,50.223404,-223.946625,-96.272491,12288000,0.893992,0.596148,15.999983
0.004073,16.0,0.313438,1046.1880526121045,51.702297,-225.722702,-93.813156,-225.287064,2151.018066,26141.53125,-93.633873,2.129704,0.031513,2.99734,4.81505,0.117129,0.345568,0.206187,7208.331055,0.268691,3.33933,0.029665,0.070713,0.030493,0.001056,204.0818486293157,-379.24057,-12032.81543,1070.044678,-1.729251,-5.122602,-224.639359,-93.468788,-127.236137,-256.0,128.763596,0.0,51.388454,-225.723251,-93.633926,12672000,0.927078,0.623463,15.999987
0.004276,16.0,0.334615,1046.3781270245095,51.206547,-226.661682,-91.357544,-226.228119,2199.351807,26728.130859,-91.187706,1.937379,0.029303,2.690667,4.875346,0.109464,0.337774,0.209849,6885.077148,0.273763,2.495091,0.030468,0.072569,0.031383,0.001072,210.20265193780264,-381.178009,-12028.402344,1027.296021,-1.6502,-5.127765,-225.588333,-91.043091,-126.745506,-256.0,129.254196,0.0,50.877991,-226.661667,-91.187553,13056000,0.934531,0.643141,16.000002
0.004565,16.0,0.356055,1047.6135289416868,51.530437,-227.812347,-88.487717,-227.386246,2251.504639,27358.210938,-88.306877,2.376869,0.027908,2.482193,4.895339,0.103707,0.323125,0.20888,6657.857422,0.262707,3.563477,0.03055,0.072645,0.031396,0.00107,216.31623062292735,-381.026367,-11946.448242,1102.637207,-1.601012,-5.145961,-226.743103,-88.151237,-126.680717,-256.0,129.318985,0.0,51.209984,-227.811951,-88.306648,13440000,0.935562,0.647945,16.000006
0.004701,16.0,0.282302,1046.4912912392929,51.618946,-228.428848,-86.596703,-228.0242,2285.383789,27757.664062,-86.377304,2.546065,0.025836,2.268121,4.875671,0.098223,0.310114,0.207383,6414.692383,0.250786,3.350878,0.030313,0.072056,0.031077,0.001067,222.4364089767138,-383.138733,-11974.603516,1100.540649,-1.578908,-5.157829,-227.361191,-86.197823,-126.920052,-256.0,129.079575,0.0,51.295918,-228.428848,-86.377319,13824000,0.933548,0.662589,15.99999
0.004868,16.0,0.311864,1046.9945222721155,51.277832,-228.73616,-85.933823,-228.277222,2328.200928,28277.539062,-85.670502,2.244947,0.023381,2.083437,4.835844,0.09281,0.300322,0.206081,6145.226074,0.238372,2.431097,0.029683,0.070595,0.030376,0.001054,228.55365902582804,-386.589294,-12063.904297,1056.547852,-1.578619,-5.184853,-227.643478,-85.469246,-127.338898,-255.999969,128.660858,0.0,50.944954,-228.736511,-85.670586,14208000,0.941113,0.677624,15.999974
0.004901,16.0,0.329611,1047.4144930193045,52.514431,-229.201599,-85.985687,-228.776276,2386.874023,29040.013672,-85.724876,2.60124,0.020807,1.839559,4.939868,0.086277,0.284451,0.205445,5890.217285,0.218743,3.417229,0.030266,0.071909,0.031024,0.001062,234.6684818506241,-384.310883,-11942.65625,1126.407715,-1.547145,-5.183827,-228.122253,-85.557518,-126.847237,-256.0,129.152512,0.0,52.209316,-229.20224,-85.724854,14592000,0.93449,0.676483,15.999974
0.004839,16.0,0.267063,1046.8331509317145,51.303345,-230.585892,-85.813408,-230.172043,2437.411377,29815.599609,-85.541916,2.322818,0.018566,1.648441,4.905076,0.082676,0.272252,0.202297,5649.653809,0.209038,3.277699,0.029734,0.070707,0.030441,0.001053,240.7867338180542,-386.591064,-11959.325195,1120.186279,-1.544481,-5.209262,-229.510971,-85.38269,-126.929405,-256.0,129.070328,0.0,50.969677,-230.586472,-85.541862,14976000,0.931741,0.657814,15.99999
0.004986,16.0,0.205586,1047.6092564931787,51.803715,-230.881851,-85.368874,-230.414978,2471.188477,30239.517578,-85.121788,2.280457,0.017805,1.486423,4.970708,0.079882,0.264643,0.201906,5518.131348,0.204817,3.133332,0.02982,0.070864,0.030481,0.001056,246.90046200752258,-388.311859,-11978.270508,1105.206177,-1.517136,-5.222114,-229.796646,-84.983147,-126.951393,-255.999969,129.04834,0.0,51.479443,-230.881836,-85.121674,15360000,0.938472,0.655199,16.000004
0.005107,16.0,0.208274,1048.2173001763663,51.582848,-230.69812,-83.724388,-230.238144,2498.625488,30479.207031,-83.503975,1.645679,0.016937,1.322761,4.899307,0.077117,0.257171,0.200189,5330.362305,0.192391,2.304404,0.029194,0.069446,0.029764,0.001049,253.01062931617102,-393.248993,-12111.43457,1028.658325,-1.498251,-5.255546,-229.580139,-83.365631,-127.468391,-256.0,128.531219,0.0,51.247665,-230.698181,-83.503967,15744000,0.928659,0.627043,15.999982
0.0053,16.0,0.270607,1047.0143875840183,52.02541,-231.241104,-82.111237,-230.763458,2538.054688,30942.396484,-81.904594,2.064948,0.015859,1.119738,4.987504,0.072369,0.247011,0.201622,5156.71875,0.189248,3.145536,0.030704,0.072847,0.031345,0.00108,259.1277083158493,-392.013733,-12041.380859,1053.544067,-1.437832,-5.253927,-230.13356,-81.79306,-127.029007,-256.0,128.970749,0.0,51.700771,-231.240555,-81.904579,16128000,0.931296,0.631828,15.999975
0.005417,16.0,0.231683,1047.583957089219,51.955353,-231.654099,-78.975311,-231.182724,2574.676514,31287.382812,-78.812729,2.064251,0.014252,0.950913,4.953916,0.06662,0.237835,0.199051,4941.262207,0.182806,3.128501,0.030223,0.071814,0.03082,0.001077,265.24158121347426,-394.830566,-12033.328125,1065.818359,-1.407182,-5.265354,-230.54538,-78.674194,-127.043175,-255.999969,128.956482,0.0,51.625324,-231.65419,-78.812752,16512000,0.927008,0.621846,15.999976
0.005469,16.0,0.283929,1046.3486323528214,51.243183,-232.332474,-76.08979,-231.857056,2604.880371,31598.283203,-75.943985,2.080675,0.012908,0.806612,4.943885,0.061146,0.228838,0.198357,4757.598633,0.172921,3.002516,0.029812,0.070873,0.030346,0.001071,271.3625278751055,-395.767578,-12016.258789,1076.524658,-1.366081,-5.283482,-231.223053,-75.785179,-126.969978,-255.999969,129.029694,0.0,50.897514,-232.332687,-75.943985,16896000,0.918614,0.629694,15.99999
0.005671,16.0,0.316066,1047.048201933833,51.551586,-232.604462,-73.412521,-232.101151,2632.217529,31814.681641,-73.228065,1.632506,0.011649,0.668964,4.84137,0.0553,0.220254,0.194608,4500.59375,0.164262,2.27532,0.028978,0.069025,0.02944,0.001061,277.4794060309728,-400.053986,-12137.857422,1011.483887,-1.328189,-5.322199,-231.46106,-73.056534,-127.492867,-256.0,128.506836,0.0,51.20911,-232.604095,-73.227913,17280000,0.920101,0.621263,15.999996
0.005832,16.0,0.350471,1048.255882035441,52.642776,-232.725616,-71.771805,-232.208389,2682.918213,32336.613281,-71.587311,1.922206,0.010543,0.518029,4.985719,0.047694,0.209075,0.196379,4390.252441,0.161353,3.015593,0.030087,0.071479,0.030606,0.001079,283.58922734260557,-398.617462,-12041.463867,1046.310181,-1.268889,-5.317768,-231.587357,-71.445503,-126.891464,-256.0,129.108276,0.0,52.323666,-232.726151,-71.58712,17664000,0.923637,0.615536,15.99999
0.005975,16.0,0.477439,1046.969417930358,51.891224,-233.461853,-69.567329,-232.94046,2737.675049,32963.988281,-69.361534,1.905541,0.009569,0.465963,5.121305,0.042966,0.203665,0.19686,4332.676758,0.158531,3.086052,0.029936,0.071225,0.030431,0.001086,289.70657372077306,-398.842957,-11979.273438,1078.978882,-1.177797,-5.32547,-232.334625,-69.270279,-126.594246,-255.999969,129.405441,0.0,51.557083,-233.462357,-69.36142,18048000,0.915534,0.609329,15.999975
0.006136,16.0,0.351703,1047.7579541095859,52.017254,-233.536484,-68.420647,-232.991959,2749.906738,33053.859375,-68.181053,1.754362,0.008672,0.396875,4.991738,0.037957,0.198978,0.195951,4181.244629,0.157152,3.053023,0.029498,0.070223,0.029969,0.001076,295.81930120388665,-400.457031,-12018.543945,1053.22644,-1.186599,-5.3519,-232.373764,-68.062607,-126.712975,-255.999969,129.286621,0.0,51.683186,-233.536438,-68.180954,18432000,0.934849,0.598012,15.999961
0.006096,16.0,0.315325,1047.066779349127,52.703484,-233.553558,-67.851952,-232.988785,2781.067871,33395.789062,-67.582306,1.508345,0.00746,0.339016,4.855972,0.033249,0.194137,0.193793,4008.725342,0.154717,2.272747,0.028639,0.068296,0.029044,0.001061,301.9361329038938,-404.736115,-12149.800781,1010.5755,-1.180121,-5.397061,-232.342621,-67.454628,-127.556427,-256.0,128.443253,0.0,52.379673,-233.553574,-67.582481,18816000,0.939618,0.605415,16.000002
0.006203,16.0,0.259709,919.3722180669405,52.738312,-234.288086,-67.202484,-233.732346,2820.577637,33939.0625,-66.95649,1.796935,0.007331,0.323409,4.958143,0.03193,0.194398,0.19712,4055.550049,0.151522,2.984802,0.029882,0.071063,0.030378,0.00108,308.9018938064575,-401.660248,-11996.705078,1091.976196,-1.146892,-5.3716,-233.12941,-66.850449,-126.870155,-256.0,129.129669,0.0,52.41835,-234.288086,-66.956627,19200000,0.917214,0.604721,15.999969
0.006346,16.0,0.320718,1047.250589154588,52.517941,-233.249619,-66.880379,-232.664169,2862.057861,34268.179688,-66.622871,1.738068,0.006985,0.305981,5.013621,0.032083,0.193508,0.198052,4027.611328,0.149709,2.921328,0.030547,0.072597,0.031075,0.001097,315.0176910082499,-402.669922,-12023.704102,1084.239258,-1.143014,-5.371087,-232.065765,-66.51503,-127.052834,-256.0,128.94693,0.0,52.193237,-233.249207,-66.623055,19584000,0.927235,0.602407,15.99999
0.006031,16.0,0.215018,1048.0145316730652,53.744522,-233.229095,-66.687553,-232.659576,2867.599609,34325.398438,-66.44783,1.724381,0.006501,0.281878,4.859373,0.031758,0.191109,0.196165,3971.751709,0.147679,3.131255,0.029905,0.071152,0.030397,0.001085,321.1289961099625,-404.726868,-12052.620117,1069.163818,-1.162873,-5.387702,-232.035126,-66.318825,-127.170616,-255.999969,128.82901,0.0,53.443291,-233.22937,-66.447914,19968000,0.912785,0.597264,15.999982
0.006105,16.0,0.142436,1047.6779319772895,53.508266,-233.13623,-66.769783,-232.517975,2848.5354,34086.441406,-66.516434,1.434805,0.006227,0.272021,4.802151,0.032169,0.188777,0.194914,3903.945312,0.142772,2.177525,0.029185,0.069537,0.029638,0.001071,327.24235758781435,-407.851746,-12102.873047,1027.506714,-1.167708,-5.401821,-231.922318,-66.385559,-127.225052,-256.0,128.774689,0.0,53.197399,-233.136368,-66.516479,20352000,0.919598,0.593471,15.999976
0.00628,16.0,0.160091,1047.2901274994772,52.305576,-232.317032,-67.721558,-231.643753,2853.497314,34068.199219,-67.47451,1.958251,0.006176,0.254636,4.742687,0.032889,0.187169,0.192644,3854.113525,0.1465,2.919592,0.028213,0.067338,0.028622,0.00105,333.35807139873504,-405.085114,-12109.488281,1046.841431,-1.172945,-5.428439,-231.059479,-67.349724,-127.512352,-255.999969,128.48735,0.0,51.972134,-232.316895,-67.474724,20736000,0.917181,0.610149,15.999958
0.006084,16.0,0.139516,1047.4293934996438,53.378967,-233.490204,-68.188011,-232.862137,2851.34668,34243.972656,-67.955315,1.827966,0.005979,0.247194,4.754207,0.033043,0.186358,0.192231,3850.217529,0.145721,2.965893,0.028977,0.069093,0.029436,0.001068,339.47278875112534,-406.097656,-12066.853516,1051.607788,-1.181544,-5.424267,-232.26918,-67.832726,-127.123772,-256.0,128.8759,0.0,53.066833,-233.490433,-67.955246,21120000,0.902564,0.607898,15.99998
0.005914,16.0,0.180475,1048.401663635337,53.379498,-234.000122,-68.068802,-233.37973,2884.560303,34711.910156,-67.825256,1.86945,0.006011,0.243862,4.7201,0.033331,0.184354,0.190466,3831.645264,0.142438,2.897512,0.028637,0.068367,0.029086,0.001064,345.58202315966287,-409.731049,-12070.427734,1060.049072,-1.186296,-5.439583,-232.773407,-67.689903,-127.207176,-256.0,128.792496,0.0,53.06461,-234.000443,-67.825218,21504000,0.903282,0.617929,15.999951
0.005927,16.0,0.200411,1047.3141841432073,52.917942,-234.544815,-68.249382,-233.941742,2919.906738,35232.125,-67.991783,1.602889,0.005617,0.235889,4.703784,0.032592,0.183052,0.187697,3825.471924,0.138507,2.082343,0.028334,0.067626,0.02875,0.001054,351.6975326538086,-411.94046,-12089.887695,1027.197021,-1.190864,-5.45233,-233.317139,-67.853264,-127.051323,-256.0,128.948471,0.0,52.59177,-234.545013,-67.991943,21888000,0.902208,0.621779,15.999993
0.005999,16.0,0.359385,1047.9193632205229,53.259392,-235.10791,-68.601303,-234.517227,2925.40332,35404.167969,-68.330711,1.919609,0.005146,0.221403,4.58708,0.031587,0.18112,0.183452,3731.791016,0.134423,2.989385,0.027659,0.066157,0.028011,0.001049,357.8094613869985,-411.628448,-12110.618164,1059.152954,-1.201114,-5.496611,-233.847809,-68.186577,-127.581543,-256.0,128.418091,0.0,52.939083,-235.107269,-68.330658,22272000,0.897913,0.62589,15.999997
0.006092,16.0,0.471202,1047.6090111861884,53.706909,-236.858353,-69.368164,-236.252167,2942.115234,35903.75,-69.105392,1.593393,0.005255,0.225019,4.623558,0.030929,0.180974,0.182164,3793.067383,0.136548,2.10065,0.028766,0.068683,0.029207,0.001071,363.92314186493553,-412.88736,-12084.700195,1029.686279,-1.183116,-5.4732,-235.659332,-68.99614,-127.01532,-256.0,128.984344,0.0,53.395042,-236.857941,-69.105316,22656000,0.896446,0.624378,16.000017
0.005908,16.0,0.40491,1047.967179509896,53.217842,-237.541458,-69.311981,-236.943619,2994.314941,36645.210938,-69.027534,1.80979,0.005194,0.221736,4.609866,0.031235,0.179823,0.180949,3792.562012,0.133894,2.937304,0.028931,0.069039,0.029366,0.001074,370.03666321436566,-412.846039,-12017.826172,1090.416382,-1.187437,-5.478945,-236.353897,-68.914894,-126.953964,-255.999969,129.045776,0.0,52.896404,-237.541367,-69.027428,23040000,0.889359,0.619218,15.999997
0.005875,16.0,0.409587,1047.5045256247224,53.247917,-237.4151,-69.887047,-236.846115,3014.45874,36915.789062,-69.621902,1.828388,0.004888,0.218639,4.571136,0.030142,0.178728,0.179358,3773.389648,0.131608,2.915649,0.028746,0.068633,0.029165,0.001072,376.1509485046069,-413.858398,-12045.873047,1064.80127,-1.191655,-5.47767,-236.227982,-69.516907,-126.967865,-256.0,129.031815,0.0,52.9258,-237.414825,-69.621841,23424000,0.885333,0.619845,16.000006
0.005945,16.0,0.329829,1048.2687685301566,52.769699,-236.876617,-69.937531,-236.215088,3054.957275,37319.234375,-69.632942,1.59013,0.004501,0.221294,4.50629,0.02955,0.172879,0.176612,3770.369629,0.121054,1.98777,0.027794,0.066454,0.028152,0.001051,382.26080585718154,-417.715149,-12156.046875,1017.569214,-1.191319,-5.51264,-235.641373,-69.526939,-127.559052,-255.999969,128.440552,0.0,52.434063,-236.876434,-69.632919,23808000,0.888103,0.622523,15.99999
0.006218,16.0,0.358222,1047.7216307578476,52.580006,-237.616043,-70.139961,-237.008255,3065.325928,37573.617188,-69.853989,1.922746,0.004377,0.220467,4.553115,0.029551,0.167862,0.174882,3817.526367,0.122582,2.942425,0.028736,0.068605,0.029159,0.001071,388.37396595875424,-414.894287,-12021.486328,1092.950439,-1.182222,-5.490931,-236.421936,-69.76178,-126.995331,-256.0,129.004242,0.0,52.242928,-237.615768,-69.854027,24192000,0.880271,0.622957,16.000023
0.006348,16.0,0.413152,1047.4576779912366,52.831791,-237.867065,-70.322472,-237.251358,3084.880371,37864.808594,-70.017929,1.942678,0.004279,0.222008,4.527152,0.029944,0.165751,0.172792,3812.857178,0.121038,2.853631,0.028636,0.068365,0.029068,0.001066,394.48860315481824,-416.062408,-12023.475586,1089.535889,-1.185009,-5.497289,-236.673721,-69.924339,-126.969269,-256.0,129.030411,0.0,52.499043,-237.866043,-70.01815,24576000,0.875224,0.627161,16.00001
0.006428,16.0,0.352309,1048.2374575182123,52.294495,-237.525055,-70.507614,-236.882355,3101.182861,38024.433594,-70.226524,1.891745,0.004219,0.220219,4.54385,0.030295,0.162665,0.171941,3830.169922,0.120781,2.865438,0.028576,0.068284,0.029006,0.00107,400.5986401716868,-416.254028,-12029.700195,1073.245361,-1.188243,-5.516415,-236.304932,-70.130714,-126.866982,-255.999969,129.132797,0.0,51.950649,-237.525421,-70.226295,24960000,0.877546,0.632679,16.000004
0.006283,16.0,0.301218,1048.0843372233508,52.021786,-237.338348,-70.264427,-236.679581,3066.501709,37554.125,-69.98156,1.569018,0.004173,0.216174,4.462741,0.030925,0.158299,0.169653,3784.525635,0.116124,1.88495,0.027814,0.066567,0.028175,0.001058,406.7096766432126,-420.02951,-12163.865234,1016.55658,-1.187876,-5.552449,-236.084595,-69.886246,-127.603798,-255.999969,128.395859,0.0,51.668213,-237.338379,-69.981621,25344000,0.864144,0.622807,15.999994
0.006671,16.0,0.353806,1047.8327741234261,53.429733,-237.175919,-69.97834,-236.490875,3111.266846,38051.539062,-69.697899,1.861339,0.00431,0.227367,4.600283,0.031304,0.156845,0.17125,3873.716553,0.122308,2.819846,0.029408,0.070196,0.029868,0.001092,412.8220774571101,-417.614838,-12053.117188,1058.035034,-1.164336,-5.524298,-235.948853,-69.622711,-126.935486,-256.0,129.06424,0.0,53.107468,-237.176666,-69.697906,25728000,0.860994,0.619118,16.00001
0.006642,16.0,0.339115,1048.5723764178554,53.86076,-236.939682,-69.631744,-236.261581,3124.760254,38158.667969,-69.337997,1.893127,0.004117,0.22915,4.582474,0.030673,0.15326,0.169741,3869.072021,0.117317,2.770122,0.028917,0.06912,0.029368,0.001084,418.93016982475916,-417.345032,-12037.913086,1070.933594,-1.166918,-5.533125,-235.699783,-69.249664,-126.915123,-256.0,129.08461,0.0,53.548763,-236.939117,-69.337898,26112000,0.857986,0.625431,15.999997
0.006523,16.0,0.306723,1047.4264086014657,53.527588,-237.063629,-70.162262,-236.379852,3133.200684,38314.121094,-69.851959,1.880238,0.004127,0.227396,4.628993,0.030479,0.152221,0.169208,3872.366211,0.117028,2.570203,0.028565,0.068312,0.02898,0.001077,425.04491696755093,-418.730713,-12023.923828,1070.77063,-1.152814,-5.536752,-235.825119,-69.783768,-126.759933,-255.999969,129.239853,0.0,53.206409,-237.063599,-69.85202,26496000,0.85447,0.635004,15.999992
0.006606,16.0,0.287717,1047.881122466236,52.499435,-237.224701,-69.417435,-236.586288,3160.231201,38628.746094,-69.138184,1.528381,0.003986,0.221346,4.524425,0.030439,0.153798,0.169113,3812.577881,0.115615,1.789552,0.027624,0.066159,0.027978,0.001056,431.1571010708809,-423.385498,-12155.938477,1029.709229,-1.163921,-5.567505,-235.962646,-69.050888,-127.622475,-255.999969,128.377243,0.0,52.151058,-237.22467,-69.138031,26880000,0.844537,0.621058,15.999982
0.00647,16.0,0.337,1047.8443713197205,53.747959,-237.599335,-69.265991,-236.932877,3191.749512,39055.667969,-68.982483,1.808867,0.00414,0.230098,4.689408,0.029939,0.154052,0.169961,3896.128174,0.117187,2.742511,0.029002,0.069287,0.029425,0.001086,437.26946311394374,-420.101959,-12042.105469,1068.023193,-1.141789,-5.531279,-236.381012,-68.909966,-126.900215,-256.0,129.099579,0.0,53.430645,-237.598984,-68.98243,27264000,0.845357,0.630355,15.999966
0.006326,16.0,0.41946,1047.4337884559957,53.70203,-237.957062,-69.014511,-237.251602,3191.775879,39084.519531,-68.714912,1.865273,0.004567,0.234132,4.754046,0.029797,0.157302,0.171539,3912.16626,0.122743,2.740528,0.029017,0.069387,0.029433,0.001094,443.38425732453663,-417.745087,-11976.864258,1093.172119,-1.11679,-5.529731,-236.750992,-68.665291,-126.522835,-256.0,129.476807,0.0,53.386177,-237.957336,-68.714867,27648000,0.840161,0.624763,15.999984
0.006512,16.0,0.465829,1048.3008148937029,53.535103,-237.180908,-68.812775,-236.511475,3190.049561,38930.070312,-68.550232,1.84451,0.004578,0.22642,4.663122,0.029647,0.15817,0.171049,3858.599609,0.120687,2.863705,0.028514,0.068266,0.028922,0.001083,449.49391192595164,-420.137695,-12019.050781,1084.382935,-1.148123,-5.550555,-235.933289,-68.466133,-126.833237,-255.999969,129.166519,0.0,53.213875,-237.180954,-68.55014,28032000,0.848423,0.623052,15.99998
0.006542,16.0,0.299969,1047.4563026274384,52.929974,-237.109161,-68.440941,-236.379852,3188.345703,38872.289062,-68.136574,1.552598,0.004371,0.219965,4.571158,0.029013,0.159812,0.16988,3804.051025,0.118615,1.863962,0.027618,0.066213,0.027976,0.001062,455.60858876307805,-424.7388,-12151.349609,1036.106689,-1.151473,-5.591327,-235.81665,-68.041565,-127.627106,-255.999969,128.372635,0.0,52.590775,-237.109024,-68.136612,28416000,0.852377,0.620922,15.999972
0.006626,16.0,0.358553,934.50423424547,52.574245,-237.480789,-69.06031,-236.779846,3210.371582,39246.515625,-68.782799,1.817804,0.004559,0.225518,4.658117,0.029175,0.164557,0.172148,3902.028076,0.125309,2.72165,0.028964,0.069356,0.029437,0.001096,462.4616416931152,-420.431152,-12033.353516,1074.097046,-1.154324,-5.560353,-236.231232,-68.697006,-126.870155,-256.0,129.129547,0.0,52.232952,-237.480667,-68.782967,28800000,0.844491,0.623627,15.99999
0.006628,16.0,0.426779,1047.3982906329738,53.344135,-237.635605,-69.904152,-236.873917,3203.806396,39225.140625,-69.625168,2.031796,0.004309,0.224417,4.71079,0.029214,0.167692,0.172777,3870.185059,0.130786,2.7444,0.028643,0.068641,0.029095,0.00109,468.5765909115473,-418.928192,-12067.828125,1060.769531,-1.137866,-5.574779,-236.378189,-69.568611,-127.096825,-255.999969,128.903015,0.0,53.020912,-237.635574,-69.625023,29184000,0.838097,0.632981,15.99999
0.006537,16.0,0.423085,1048.2950917220915,54.466553,-238.131058,-69.697624,-237.451294,3176.154297,38967.808594,-69.433853,1.926492,0.004236,0.220602,4.612932,0.029154,0.171935,0.171765,3857.40332,0.131482,2.704674,0.027889,0.066956,0.028319,0.001075,474.68637506961824,-422.538696,-12065.165039,1070.786499,-1.15862,-5.581455,-236.877502,-69.35183,-127.134148,-255.999969,128.865616,0.0,54.163235,-238.130768,-69.434029,29568000,0.834971,0.633912,15.99998
0.006681,16.0,0.302108,1047.4396411891669,53.652901,-238.419617,-69.563431,-237.700897,3220.794678,39555.273438,-69.292007,1.622981,0.004263,0.216599,4.562713,0.029358,0.175081,0.173061,3833.082031,0.134847,1.844847,0.027364,0.065773,0.027783,0.001063,480.80109224716824,-426.520172,-12121.042969,1033.798828,-1.165464,-5.595523,-237.155869,-69.200668,-127.283447,-255.999969,128.716171,0.0,53.32798,-238.419907,-69.291901,29952000,0.83836,0.63219,15.999996
0.006661,16.0,0.329229,1046.808768713252,52.738285,-237.474594,-70.60878,-236.664825,3210.897217,39318.902344,-70.340523,2.095891,0.004455,0.218218,4.537398,0.029726,0.175298,0.172394,3820.366211,0.134773,2.800846,0.026501,0.063837,0.026868,0.001047,486.919458814462,-421.842621,-12144.300781,1031.968628,-1.122042,-5.630522,-236.156693,-70.320663,-127.544228,-255.999969,128.455597,0.0,52.399433,-237.475311,-70.340775,30336000,0.837831,0.621499,15.999998
0.006535,16.0,0.298233,1047.6438793201694,53.388557,-238.670151,-69.9543,-237.916519,3222.901367,39633.636719,-69.689819,1.98177,0.00431,0.220234,4.576323,0.029764,0.180139,0.173144,3865.362061,0.140593,2.719762,0.027329,0.065729,0.027778,0.001062,493.0329798499743,-421.713379,-12079.208008,1063.469238,-1.131087,-5.62353,-237.379211,-69.638191,-127.209686,-255.999969,128.790024,0.0,53.065079,-238.669983,-69.689835,30720000,0.846796,0.63946,15.999983
0.006717,16.0,0.337784,1046.8444919487415,53.219906,-239.21727,-69.329102,-238.48674,3257.049561,40110.75,-69.070534,1.896214,0.004291,0.216636,4.561718,0.030276,0.1828,0.173399,3853.717041,0.141008,2.740194,0.027161,0.065396,0.027608,0.001063,499.15117352406185,-424.862885,-12068.408203,1081.661133,-1.138238,-5.633994,-237.929062,-68.999931,-127.251945,-256.0,128.747742,0.0,52.888569,-239.21756,-69.070518,31104000,0.842828,0.637462,16.000008
0.006522,16.0,0.414271,1047.9150753227866,52.916149,-239.83873,-68.297104,-239.125,3258.477539,40173.0625,-68.026566,1.606836,0.004353,0.214766,4.525286,0.030552,0.18203,0.172431,3828.797607,0.139309,1.828788,0.026914,0.06491,0.027367,0.001063,505.26312988996506,-427.329529,-12110.750977,1036.064941,-1.15044,-5.654415,-238.546326,-67.926079,-127.194824,-255.999969,128.804825,0.0,52.57626,-239.838837,-68.026566,31488000,0.833646,0.62967,15.999982
0.006663,16.0,0.331322,1047.8538581426092,53.371895,-240.382202,-68.11393,-239.701263,3270.555908,40414.507812,-67.838402,1.874465,0.004165,0.199891,4.4154,0.030388,0.183553,0.170325,3751.44165,0.132056,2.8979,0.025942,0.062646,0.026297,0.001041,511.3754962126414,-426.135773,-12083.413086,1095.956421,-1.163708,-5.695942,-239.062805,-67.717628,-127.532188,-256.0,128.467575,0.0,53.043358,-240.383087,-67.838791,31872000,0.82716,0.636202,15.999989
0.006692,16.0,0.31567,1047.2912450108063,52.757961,-241.577148,-68.743423,-240.872803,3312.764404,41161.011719,-68.463104,1.629151,0.004352,0.207366,4.48558,0.030608,0.178722,0.17222,3803.835205,0.134156,1.856648,0.027243,0.065629,0.027698,0.001069,517.4910590052605,-427.686981,-12069.557617,1064.090698,-1.165426,-5.670798,-240.306458,-68.352776,-127.059364,-256.0,128.940506,0.0,52.412426,-241.577042,-68.462944,32256000,0.829484,0.635854,15.999996
0.006564,16.0,0.389984,1048.0856678589969,52.712425,-242.859283,-68.703758,-242.193161,3312.992676,41377.199219,-68.414261,1.926461,0.004216,0.204914,4.468145,0.029934,0.178119,0.171613,3796.101318,0.13367,2.94986,0.0269,0.06486,0.027338,0.001062,523.6019377032916,-425.359802,-11990.222656,1137.588501,-1.162729,-5.681427,-241.608459,-68.306168,-127.024445,-256.0,128.975189,0.0,52.370392,-242.858887,-68.414268,32640000,0.818681,0.635442,15.999982
0.006763,16.0,0.480486,1048.208921466754,52.665249,-243.163834,-69.244835,-242.507172,3350.246582,41927.757812,-68.988266,1.900124,0.003885,0.197142,4.426719,0.029697,0.176951,0.169148,3767.835205,0.134388,2.900199,0.026345,0.063587,0.026766,0.001048,529.7121724247933,-426.503876,-11998.420898,1127.527832,-1.191138,-5.68666,-241.914352,-68.863533,-126.994606,-256.0,129.005035,0.0,52.320152,-243.163376,-68.988258,33024000,0.818005,0.63445,15.999986
0.006795,16.0,0.499366,1047.4619090116785,52.900688,-242.978271,-69.399422,-242.249847,3381.20166,42279.289062,-69.13131,1.614417,0.00377,0.19238,4.357038,0.029444,0.171958,0.167922,3715.383057,0.126184,1.764672,0.025552,0.061729,0.025889,0.001029,535.8268687367439,-429.913025,-12119.829102,1059.787354,-1.214192,-5.719538,-241.694107,-68.991013,-127.496925,-255.999969,128.502701,0.0,52.556686,-242.978058,-69.131439,33408000,0.813725,0.624857,15.999987
0.006892,16.0,0.367393,1048.3412391313036,52.973232,-243.644547,-69.829201,-242.956039,3406.456055,42743.03125,-69.550293,1.946706,0.003572,0.201493,4.405406,0.028535,0.160587,0.166139,3779.91626,0.119667,2.910515,0.02631,0.063492,0.026723,0.001046,541.9363779266675,-427.059906,-11984.598633,1139.883423,-1.198521,-5.704011,-242.391434,-69.431328,-126.974136,-255.999969,129.025482,0.0,52.63353,-243.645554,-69.550423,33792000,0.810855,0.630596,15.999983
0.00701,16.0,0.388421,1047.5028442475564,53.520916,-245.022293,-69.860725,-244.38237,3381.355957,42670.371094,-69.60231,1.887338,0.003389,0.198944,4.370507,0.028488,0.158181,0.164713,3733.997559,0.121793,2.657371,0.026006,0.062802,0.02639,0.001041,548.0507708787918,-427.402161,-11975.328125,1156.334106,-1.201058,-5.70721,-243.802353,-69.486122,-127.042809,-256.0,128.957001,0.0,53.191769,-245.02272,-69.602142,34176000,0.794892,0.62159,15.999957
0.007107,16.0,0.430888,1047.8721457805377,53.22266,-244.341827,-70.228569,-243.586349,3419.866943,43045.546875,-69.96698,1.959585,0.003514,0.202429,4.404183,0.028478,0.155515,0.163827,3764.593506,0.120628,2.861601,0.026181,0.063169,0.026566,0.001042,554.162907187144,-427.507843,-12005.240234,1115.379883,-1.193916,-5.710153,-243.096329,-69.860832,-126.931229,-256.0,129.068481,0.0,52.886845,-244.341019,-69.966866,34560000,0.809103,0.631627,15.999968
0.007082,16.0,0.394261,1047.7225563098934,53.020691,-243.976959,-69.995178,-243.27504,3384.29834,42530.757812,-69.7258,1.648808,0.00333,0.198452,4.325126,0.028195,0.154961,0.160853,3731.53418,0.11842,1.690289,0.025323,0.061233,0.025653,0.001026,560.276013024648,-432.327454,-12113.973633,1081.907349,-1.199599,-5.745816,-242.697723,-69.61496,-127.635864,-256.0,128.363922,0.0,52.674389,-243.977997,-69.7258,34944000,0.791837,0.619609,15.999984
0.007252,16.0,0.465245,1048.1118686335162,54.167538,-244.083145,-70.727737,-243.359207,3419.832031,43041.089844,-70.429443,1.982674,0.003649,0.207557,4.381624,0.028711,0.150465,0.160296,3784.152344,0.119849,2.78952,0.026648,0.064288,0.027052,0.001059,566.3867528359095,-428.306915,-12000.967773,1126.011475,-1.193722,-5.710282,-242.838608,-70.330078,-126.98674,-256.0,129.013046,0.0,53.850395,-244.082932,-70.429695,35328000,0.798536,0.637357,15.999971
0.006926,16.0,0.396457,1047.7436808782577,53.831478,-244.044357,-70.933647,-243.317535,3405.672852,42868.589844,-70.660843,1.961424,0.003665,0.209288,4.391871,0.028508,0.150566,0.160836,3745.428711,0.116529,2.750792,0.026377,0.063693,0.02677,0.001055,572.4998700181643,-428.089417,-12009.650391,1112.593628,-1.186758,-5.718071,-242.794128,-70.572083,-126.941673,-256.0,129.058014,0.0,53.507229,-244.043594,-70.660797,35712000,0.790576,0.639171,15.999987
0.006925,16.0,0.476301,1047.7592239354985,53.07959,-243.997681,-71.011673,-243.257462,3427.503662,43145.964844,-70.71109,1.954336,0.003575,0.211605,4.381372,0.028871,0.151117,0.160074,3755.397217,0.115566,2.932162,0.026137,0.063146,0.026507,0.00105,578.612673985958,-429.971191,-12001.689453,1126.11438,-1.191396,-5.720226,-242.744644,-70.620125,-126.978165,-256.0,129.021576,0.0,52.739399,-243.997559,-70.711189,36096000,0.79099,0.637077,15.99999
0.007143,16.0,0.482888,1048.2657904445402,52.745556,-243.458832,-70.928329,-242.732376,3444.442383,43263.394531,-70.662445,1.623004,0.003548,0.209706,4.326811,0.029338,0.150314,0.158921,3699.069336,0.114239,1.655651,0.025346,0.061374,0.025673,0.001036,584.7227602918942,-433.656708,-12118.314453,1076.18811,-1.196353,-5.75317,-242.163651,-70.566574,-127.608521,-255.999969,128.391205,0.0,52.392719,-243.459442,-70.66256,36480000,0.788009,0.634621,15.999996
0.006975,16.0,0.544866,1047.6492791855937,53.800739,-244.132812,-70.539108,-243.415848,3436.773193,43255.390625,-70.258614,1.92376,0.003683,0.21664,4.399951,0.028987,0.148571,0.158775,3775.959717,0.112415,2.78401,0.026303,0.063623,0.026708,0.001061,590.8362034360567,-429.58136,-11995.87207,1133.389893,-1.192005,-5.731769,-242.875595,-70.157043,-126.997017,-256.0,129.002716,0.0,53.474907,-244.132095,-70.258621,36864000,0.779701,0.637702,16.000021
0.006909,16.0,0.39717,1046.1623406982387,53.480251,-243.362473,-71.314949,-242.533875,3457.440918,43402.964844,-71.031013,2.040025,0.004731,0.232368,4.564028,0.029705,0.156854,0.16394,3808.911865,0.119835,2.802945,0.02723,0.065736,0.027697,0.001081,596.958373773098,-426.782501,-11967.574219,1096.152832,-1.115378,-5.697734,-242.120316,-71.017647,-126.369705,-256.0,129.629974,0.0,53.150089,-243.361832,-71.031174,37248000,0.788558,0.649843,15.999996
0.006589,16.0,0.297563,1047.135549839017,52.444927,-242.788773,-69.792938,-242.066483,3466.946533,43335.238281,-69.53022,1.97352,0.004132,0.219202,4.4255,0.029294,0.162222,0.163674,3746.259033,0.122403,2.801909,0.02607,0.063111,0.026469,0.001057,603.0748949249586,-429.993927,-12009.975586,1114.526611,-1.156088,-5.732317,-241.497192,-69.450722,-126.945068,-255.999969,129.054718,0.0,52.091099,-242.789124,-69.530022,37632000,0.794971,0.637451,15.999983
0.007059,16.0,0.225703,1048.3082350500715,52.764603,-242.832764,-69.631279,-242.049408,3447.512207,43088.195312,-69.342331,1.615727,0.003893,0.21232,4.34007,0.028855,0.164905,0.163527,3692.26123,0.123728,1.705417,0.025293,0.061314,0.025646,0.001038,609.1845935225487,-433.547302,-12140.738281,1051.665649,-1.168041,-5.767229,-241.508408,-69.250511,-127.588585,-256.0,128.411133,0.0,52.41338,-242.833038,-69.3424,38016000,0.789607,0.629933,15.999994
0.006606,16.0,0.280062,915.7580842587888,53.264927,-243.139206,-69.424355,-242.341782,3449.76123,43144.488281,-69.180939,1.967244,0.004294,0.220693,4.460844,0.028948,0.166283,0.164536,3813.664307,0.133574,2.896372,0.026293,0.063668,0.02674,0.001063,616.1781424681345,-427.751709,-12015.624023,1098.161377,-1.151366,-5.741922,-241.847244,-69.10643,-126.860497,-255.999969,129.139206,0.0,52.93034,-243.139282,-69.181038,38400000,0.790021,0.623395,15.999978
0.006718,16.0,0.268531,1047.8011517304576,52.877693,-242.608139,-68.494186,-241.850388,3469.878418,43247.675781,-68.259178,1.827483,0.004101,0.222428,4.492351,0.028692,0.169794,0.166606,3819.530029,0.126072,2.818647,0.026137,0.063333,0.026592,0.00106,622.2906510472297,-429.890167,-12026.710938,1120.325195,-1.150447,-5.750723,-241.293808,-68.166634,-127.171829,-255.999969,128.82782,0.0,52.532818,-242.609085,-68.259148,38784000,0.795708,0.623359,16.00001
0.006766,16.0,0.374212,1046.8230205657935,53.094532,-242.692307,-68.206757,-241.905075,3440.056641,42869.121094,-67.941498,1.835834,0.004111,0.217993,4.411339,0.02809,0.170538,0.164394,3789.682617,0.126182,2.775909,0.025736,0.06239,0.026167,0.001049,628.4089930097263,-430.821381,-12030.143555,1127.716309,-1.159122,-5.75718,-241.371704,-67.829849,-127.270737,-255.999969,128.72905,0.0,52.753727,-242.692245,-67.941544,39168000,0.796801,0.630891,15.999997
0.006795,16.0,0.355674,1047.8208799696192,53.823505,-242.888596,-68.301064,-242.121979,3417.255859,42629.914062,-68.030861,1.603153,0.004084,0.21799,4.409842,0.028287,0.172612,0.166891,3784.63208,0.128688,1.715562,0.025412,0.061635,0.025835,0.001039,634.5215831160546,-433.981445,-12090.858398,1078.912598,-1.151392,-5.759818,-241.5755,-67.932678,-127.357948,-256.0,128.641769,0.0,53.494015,-242.889053,-68.030861,39552000,0.785953,0.623086,15.999961
0.006947,16.0,0.434008,1046.9833821824748,52.390285,-241.880188,-70.396614,-240.981827,3411.575928,42498.152344,-70.11795,1.876761,0.004393,0.222303,4.361166,0.028229,0.177403,0.16858,3801.40625,0.132662,2.697235,0.024861,0.060385,0.025242,0.001028,640.6390072902044,-428.572571,-12100.260742,1083.17688,-1.127604,-5.780374,-240.524963,-70.092087,-127.548561,-256.0,128.451096,0.0,52.035618,-241.879852,-70.11805,39936000,0.784454,0.612676,15.999964
0.007054,16.0,0.431604,1046.6258403331476,52.94125,-243.265213,-70.106133,-242.475815,3428.256348,42950.195312,-69.838249,2.012086,0.004441,0.227589,4.390653,0.028965,0.178945,0.168788,3829.969727,0.135627,2.537688,0.025456,0.061779,0.025893,0.001043,646.7585623502731,-429.403534,-12020.360352,1110.236938,-1.15812,-5.748116,-241.967041,-69.760117,-127.011726,-255.999969,128.987869,0.0,52.597534,-243.265274,-69.838341,40320000,0.794999,0.64326,15.999975
0.006944,16.0,0.534004,1047.6682377606724,52.78896,-243.658325,-69.652779,-242.871246,3477.905273,43610.683594,-69.397293,2.080211,0.004347,0.225612,4.39554,0.029394,0.179098,0.168428,3811.511719,0.134344,2.728151,0.025088,0.060946,0.025514,0.001034,652.8720840851466,-431.64325,-12009.990234,1141.495117,-1.151039,-5.757777,-242.355942,-69.310768,-127.198387,-256.0,128.801254,0.0,52.441135,-243.6586,-69.397491,40704000,0.800026,0.656993,15.999962
0.007101,16.0,0.455166,1046.8423289172308,53.061531,-244.36496,-68.970924,-243.659897,3463.812988,43525.1875,-68.711319,1.657213,0.004245,0.224559,4.350953,0.029729,0.180239,0.168708,3784.990967,0.12999,1.704967,0.024692,0.06002,0.025099,0.001023,658.9903491576513,-434.862701,-12043.029297,1104.944702,-1.158843,-5.762193,-243.08139,-68.617226,-127.131279,-255.999969,128.868454,0.0,52.715919,-244.365265,-68.711357,41088000,0.78027,0.627741,15.999958
0.007188,16.0,0.390937,1047.8018286174104,53.837734,-245.305161,-68.38604,-244.610474,3490.28125,43996.015625,-68.137283,1.921633,0.004102,0.212666,4.256403,0.029687,0.17867,0.165235,3689.620361,0.128966,2.796332,0.023864,0.05811,0.0242,0.001005,665.1029477159183,-433.19986,-12026.306641,1159.335571,-1.170098,-5.801929,-244.000504,-68.011971,-127.524315,-256.0,128.475464,0.0,53.508545,-245.306534,-68.137482,41472000,0.783135,0.64428,15.99999
0.007304,16.0,0.41357,1047.3896273606217,53.77412,-246.822144,-68.681961,-246.131958,3495.468262,44347.660156,-68.421867,1.70746,0.004131,0.219878,4.308701,0.029678,0.17894,0.167549,3741.986328,0.126862,1.714542,0.025002,0.060711,0.025416,0.001029,671.2180137038231,-433.830872,-12004.950195,1143.244263,-1.167559,-5.769221,-245.581802,-68.303886,-127.143799,-256.0,128.855911,0.0,53.44223,-246.821243,-68.421501,41856000,0.780922,0.645569,15.99998
0.007173,16.0,0.388869,1047.8595403654797,53.428944,-247.607574,-68.599854,-246.91983,3514.879395,44722.457031,-68.334351,1.907863,0.004088,0.21719,4.290863,0.029667,0.17781,0.165251,3718.79834,0.131087,2.864223,0.025037,0.060784,0.025443,0.00103,677.3303314765294,-431.299286,-11943.5625,1191.648804,-1.170402,-5.772333,-246.383057,-68.215218,-127.039375,-256.0,128.960388,0.0,53.094036,-247.60788,-68.334518,42240000,0.776007,0.63897,15.999996
0.007119,16.0,0.334714,1047.324885874158,54.022266,-247.576309,-68.968719,-246.917938,3532.071533,44964.570312,-68.727501,1.969319,0.003577,0.207385,4.259877,0.029397,0.175959,0.162353,3677.939209,0.126953,2.828578,0.024558,0.059704,0.024949,0.00102,683.4458861311276,-433.60144,-11958.196289,1175.587891,-1.200735,-5.788917,-246.335129,-68.582199,-127.001648,-256.0,128.998032,0.0,53.696484,-247.57663,-68.727425,42624000,0.773552,0.64534,16.0
0.00737,16.0,0.224606,1047.2232337067821,54.143604,-246.944229,-69.147408,-246.187286,3584.284912,45509.523438,-68.875092,1.731123,0.003223,0.201807,4.202414,0.028619,0.168421,0.160134,3650.672852,0.113673,1.608754,0.02393,0.058237,0.024244,0.001006,689.5619051218033,-437.144653,-12064.52832,1113.444092,-1.205201,-5.829339,-245.650681,-68.728745,-127.407822,-255.999969,128.591873,0.0,53.816364,-246.943909,-68.875,43008000,0.769548,0.644343,15.999994
0.00732,16.0,0.314397,1048.104844119292,53.86129,-248.146713,-69.556786,-247.449707,3555.172363,45390.164062,-69.284637,1.997012,0.003216,0.207234,4.260684,0.02752,0.156603,0.158465,3730.466553,0.106825,2.81,0.024655,0.059893,0.025011,0.001023,695.6728069504102,-433.469025,-11948.091797,1188.334961,-1.197316,-5.802945,-246.9086,-69.157944,-127.029564,-256.0,128.970078,0.0,53.531967,-248.146744,-69.284744,43392000,0.762122,0.638166,15.999997
0.007365,16.0,0.362091,1047.8565686949862,53.63065,-248.428513,-69.977196,-247.746231,3586.693848,45873.488281,-69.697334,1.96371,0.003105,0.209041,4.253025,0.027152,0.153416,0.156273,3729.940918,0.102939,2.809597,0.024502,0.059515,0.024844,0.001017,701.7851494669915,-435.191254,-11944.258789,1188.525269,-1.199842,-5.795077,-247.206192,-69.580353,-126.976105,-255.999969,129.023621,0.0,53.29435,-248.429352,-69.697418,43776000,0.758327,0.630093,15.99999
0.007191,16.0,0.352657,1047.1254612741025,53.863041,-248.133408,-70.202194,-247.439972,3610.123291,46130.792969,-69.941475,1.964307,0.003132,0.209728,4.252899,0.027044,0.15006,0.156467,3731.44751,0.101445,2.770886,0.024449,0.059391,0.024785,0.001016,707.9016782800356,-436.130402,-11969.412109,1159.936035,-1.19622,-5.788402,-246.9095,-69.830048,-126.932381,-256.0,129.067261,0.0,53.532375,-248.133377,-69.941521,44160000,0.762987,0.636082,16.000019
0.00722,16.0,0.4167,1048.0571966764094,53.430984,-248.05899,-70.254509,-247.347733,3619.999268,46244.355469,-69.975868,1.704092,0.003032,0.205374,4.191494,0.027168,0.147476,0.153485,3715.1604,0.099862,1.547144,0.023605,0.057496,0.023905,0.000999,714.0128780245781,-440.62674,-12072.201172,1122.782715,-1.204525,-5.823533,-246.801895,-69.861107,-127.543625,-255.999969,128.456116,0.0,53.084225,-248.059616,-69.975945,44544000,0.754965,0.627212,16.000006
0.006849,16.0,0.472032,1047.8344061140144,53.466686,-247.643784,-70.589783,-246.913284,3617.960205,46161.515625,-70.293655,1.984081,0.003041,0.213814,4.28692,0.026963,0.142236,0.153212,3783.371338,0.099121,2.678854,0.024541,0.059696,0.024905,0.001025,720.1254197478295,-435.901398,-11975.245117,1151.310547,-1.185752,-5.793724,-246.405533,-70.199356,-126.906708,-256.0,129.092865,0.0,53.126751,-247.643158,-70.293648,44928000,0.760274,0.638092,16.000015
0.007221,16.0,0.441916,1046.4205174805586,54.302868,-247.885834,-70.951935,-247.177704,3608.520264,46118.878906,-70.675209,2.037999,0.00306,0.211499,4.251145,0.027982,0.140738,0.151967,3746.499268,0.098675,2.789839,0.024374,0.059303,0.024719,0.001021,726.2481021205584,-435.856384,-11979.893555,1150.997681,-1.194026,-5.795743,-246.656815,-70.580818,-126.950302,-255.999969,129.049484,0.0,53.981071,-247.885834,-70.675125,45312000,0.748692,0.63692,15.99999
0.006992,16.0,0.486471,1047.4398918663499,54.390129,-248.006165,-70.891586,-247.279129,3623.919678,46327.976562,-70.605377,2.040166,0.002903,0.206902,4.231999,0.02752,0.138618,0.149851,3719.968506,0.09882,2.696252,0.024134,0.058801,0.024464,0.00102,732.3629033406576,-436.376709,-11971.621094,1159.440796,-1.196313,-5.807425,-246.768219,-70.504341,-126.946625,-256.0,129.052994,0.0,54.07011,-248.006088,-70.605675,45696000,0.747465,0.642973,16.000029
0.007181,16.0,0.380243,1047.4436207036156,53.759724,-247.823639,-71.085464,-247.09494,3644.820312,46576.589844,-70.79187,1.773224,0.002786,0.203001,4.173796,0.027383,0.138136,0.147886,3676.925293,0.098054,1.521032,0.023517,0.057368,0.023809,0.001004,738.4776251514753,-441.110168,-12085.313477,1116.011108,-1.203097,-5.849663,-246.540604,-70.686966,-127.602058,-255.999969,128.397644,0.0,53.417957,-247.823746,-70.792068,46080000,0.743228,0.644455,16.000021
0.006929,16.0,0.31113,1048.0152313396466,54.760746,-247.838974,-71.432602,-247.095886,3641.479248,46557.71875,-71.130508,2.023261,0.002966,0.212417,4.257665,0.027617,0.134606,0.148689,3741.51001,0.095223,2.731111,0.024413,0.059478,0.024759,0.001031,744.5889907240868,-436.230591,-11989.369141,1147.648193,-1.195175,-5.826086,-246.578171,-71.037971,-127.007835,-255.999969,128.991837,0.0,54.446922,-247.838242,-71.130501,46464000,0.745806,0.649261,16.000008
0.007128,16.0,0.389702,1047.1797460217272,54.046326,-248.602371,-71.916824,-247.843262,3606.703857,46283.589844,-71.600403,2.024243,0.002832,0.210605,4.239377,0.027425,0.135026,0.148936,3727.178955,0.102948,2.665876,0.024079,0.058723,0.024412,0.001023,750.7053251385689,-434.198608,-11965.81543,1168.880859,-1.191335,-5.829298,-247.357117,-71.521019,-127.005196,-256.0,128.994614,0.0,53.719097,-248.602692,-71.60041,46848000,0.741036,0.65004,16.000002
0.007068,16.0,0.369592,1047.640554519059,53.797607,-248.003754,-72.033821,-247.25354,3610.530029,46234.511719,-71.759972,2.038152,0.002764,0.211347,4.256184,0.027058,0.135496,0.148353,3705.950684,0.099383,2.712264,0.024114,0.058788,0.024454,0.001022,756.8188544750213,-435.029968,-11972.485352,1154.036377,-1.190169,-5.82479,-246.748016,-71.683708,-126.914673,-256.0,129.084976,0.0,53.465862,-248.00412,-71.759766,47232000,0.747173,0.652216,16.000013
0.007372,16.0,0.481579,1046.8355037574981,53.809124,-247.884415,-71.6717,-247.138077,3614.980713,46248.425781,-71.378662,1.774275,0.00275,0.209779,4.197218,0.027287,0.138075,0.148952,3694.212891,0.095591,1.54796,0.023381,0.057097,0.023672,0.001004,762.9371422727903,-439.534698,-12087.540039,1110.569214,-1.197923,-5.856153,-246.59668,-71.28875,-127.585663,-255.999969,128.414032,0.0,53.46954,-247.88356,-71.378662,47616000,0.741897,0.648805,16.000008
0.007279,16.0,0.567642,930.8563708190223,53.945526,-248.121979,-71.575394,-247.332916,3586.936279,45916.96875,-71.313362,2.033132,0.002877,0.217424,4.277234,0.026724,0.142274,0.150143,3774.973877,0.102256,2.698464,0.024421,0.059509,0.024784,0.00103,769.8171827912331,-433.154541,-11959.478516,1159.164795,-1.193113,-5.822109,-246.870544,-71.227867,-126.854675,-256.0,129.145096,0.0,53.616272,-248.122025,-71.313133,48000000,0.748296,0.646296,16.000027
0.00723,16.0,0.409472,1047.9565307893174,54.009678,-247.282669,-70.722168,-246.523575,3648.401367,46493.445312,-70.442421,2.014538,0.002823,0.217835,4.321399,0.026826,0.14449,0.151394,3795.654297,0.09681,2.560737,0.024427,0.059568,0.0248,0.001034,775.9288229703903,-435.020508,-11962.526367,1176.633179,-1.179415,-5.804752,-246.03566,-70.355087,-127.04126,-255.999969,128.95842,0.0,53.680363,-247.283997,-70.442398,48384000,0.742012,0.643048,16.000031
0.007141,16.0,0.518712,1047.2352647799771,53.961498,-246.567337,-70.839508,-245.79541,3630.24707,46139.828125,-70.570511,1.961059,0.00283,0.216044,4.266166,0.026624,0.144875,0.151082,3776.267578,0.09556,2.578935,0.023958,0.058473,0.024304,0.001021,782.0447258869807,-436.776459,-11987.795898,1173.228882,-1.188611,-5.814769,-245.293533,-70.477531,-127.241997,-255.999969,128.75769,0.0,53.63002,-246.566849,-70.570709,48768000,0.74322,0.640969,16.000019
0.007174,16.0,0.433413,1047.2392910874428,54.291912,-246.701416,-70.804398,-245.945953,3639.387207,46276.601562,-70.534515,1.671355,0.002724,0.214182,4.250111,0.026622,0.146224,0.151044,3781.330566,0.09676,1.518882,0.023754,0.058038,0.024105,0.001018,788.1605533202489,-440.289795,-12053.53418,1114.161133,-1.190603,-5.81141,-245.440994,-70.446457,-127.274269,-256.0,128.725479,0.0,53.962868,-246.701645,-70.534355,49152000,0.730661,0.625235,16.000025
0.007349,16.0,0.361571,1048.1522332803881,53.244396,-246.120773,-71.10685,-245.299942,3676.718018,46652.003906,-70.842636,1.977274,0.002847,0.208256,4.227704,0.027067,0.148361,0.151396,3765.275879,0.092205,2.53041,0.023215,0.056799,0.023536,0.001005,794.2711522539456,-437.782257,-12056.755859,1137.618042,-1.183186,-5.842715,-244.813431,-70.766113,-127.565773,-255.999969,128.433975,0.0,52.895645,-246.120834,-70.84269,49536000,0.735696,0.629674,16.000017
0.007378,16.0,0.472571,1046.40068557479,53.609035,-246.618088,-70.999481,-245.828873,3666.547852,46614.964844,-70.760857,1.975177,0.002908,0.210613,4.263448,0.027242,0.151099,0.150716,3810.31958,0.09634,2.559386,0.023561,0.057625,0.023918,0.001015,800.391950905323,-435.644531,-11974.49707,1171.436401,-1.175074,-5.821616,-245.343063,-70.688133,-127.10305,-256.0,128.896606,0.0,53.270947,-246.617691,-70.760956,49920000,0.733719,0.635355,16.000011
0.007273,16.0,0.307904,1047.4977756229587,53.555374,-246.641251,-70.588654,-245.809616,3671.83252,46648.101562,-70.305168,1.944446,0.002975,0.210079,4.264611,0.027463,0.151437,0.151035,3782.38501,0.098761,2.691275,0.023644,0.057824,0.024016,0.001016,806.5066043972969,-436.699707,-11996.850586,1150.897339,-1.171276,-5.820188,-245.362473,-70.225433,-127.110664,-255.999969,128.889053,0.0,53.214863,-246.641037,-70.305336,50304000,0.745889,0.638861,15.999986
0.007047,16.0,0.330259,1047.4116921169189,54.04166,-246.126617,-71.029823,-245.375061,3661.031738,46462.75,-70.753799,1.693156,0.002966,0.207404,4.23454,0.028173,0.151706,0.150353,3772.097412,0.096804,1.503805,0.023264,0.056939,0.023612,0.001006,812.6215014855067,-440.712524,-12028.526367,1109.385376,-1.185251,-5.82261,-244.848145,-70.67382,-126.972527,-255.999969,129.027115,0.0,53.707649,-246.126373,-70.753853,50688000,0.719262,0.629033,15.99999
0.007207,16.0,0.383947,1046.9925206048624,53.691376,-246.764816,-70.558365,-246.04097,3694.526855,46995.691406,-70.282318,2.024226,0.002762,0.201472,4.167169,0.027667,0.150882,0.148933,3703.646729,0.095603,2.706806,0.022482,0.055129,0.0228,0.000985,818.7387788216273,-439.124023,-11988.901367,1196.239258,-1.192859,-5.858116,-245.462082,-70.178711,-127.46032,-255.999969,128.539413,0.0,53.350197,-246.764679,-70.282455,51072000,0.723685,0.64154,15.99999
0.007314,16.0,0.392126,1047.6291151565501,54.33416,-248.401749,-70.611755,-247.671524,3676.363525,47075.984375,-70.33783,1.716036,0.002926,0.209862,4.20375,0.027751,0.148502,0.149356,3750.384277,0.098139,1.525755,0.023534,0.057545,0.023919,0.001009,824.8524004975955,-439.272461,-11984.389648,1155.390381,-1.183611,-5.822503,-247.168015,-70.246704,-127.005058,-255.999969,128.994614,0.0,54.00729,-248.401566,-70.337746,51456000,0.722991,0.637487,16.000002
0.007299,16.0,0.465924,1047.3906449590504,54.405354,-249.469086,-70.430923,-248.785873,3685.934326,47387.144531,-70.144058,1.991789,0.002874,0.205869,4.183207,0.027703,0.146206,0.147668,3735.04834,0.096188,2.794008,0.023288,0.056948,0.023641,0.001002,830.9674745043119,-437.232574,-11897.006836,1236.119263,-1.186755,-5.833031,-248.249741,-70.048012,-126.959091,-256.0,129.040665,0.0,54.083233,-249.469879,-70.144081,51840000,0.717452,0.633241,15.999955
0.007194,16.0,0.367378,1046.4121661109355,53.900967,-249.696167,-71.043404,-248.980728,3718.518311,47884.804688,-70.766632,1.964937,0.002781,0.20624,4.172433,0.02767,0.146125,0.14712,3716.153564,0.095745,2.779318,0.023163,0.05666,0.0235,0.001,837.0881359815597,-438.329407,-11934.383789,1206.29895,-1.197553,-5.847838,-248.463333,-70.666901,-127.023293,-255.999969,128.976379,0.0,53.564857,-249.695877,-70.766289,52224000,0.723139,0.643485,15.999989
0.007462,16.0,0.360944,1048.053169533206,53.38364,-249.365524,-70.808815,-248.599228,3745.956543,48147.679688,-70.537621,1.728575,0.002635,0.204806,4.12737,0.027275,0.140931,0.146271,3673.891846,0.091424,1.474226,0.022542,0.055216,0.022821,0.000985,843.1993235429128,-441.838837,-12055.212891,1135.552002,-1.203928,-5.876188,-248.099289,-70.426857,-127.489426,-256.0,128.510284,0.0,53.034492,-249.365875,-70.537697,52608000,0.718157,0.643993,15.999994
0.007085,16.0,0.486419,1047.0395199477869,53.527672,-250.143829,-71.216789,-249.414642,3722.25708,48025.023438,-70.919815,2.071659,0.002707,0.207483,4.172929,0.027216,0.139808,0.146417,3743.020264,0.091057,2.732483,0.023318,0.056992,0.02366,0.001001,849.316297352314,-438.243256,-11906.963867,1222.505615,-1.198685,-5.845592,-248.923599,-70.820206,-126.912666,-255.999969,129.087204,0.0,53.18499,-250.14418,-70.91996,52992000,0.719725,0.647486,16.000015
0.007616,16.0,0.463103,1047.8356406766884,53.449192,-250.157791,-71.22644,-249.46489,3727.987305,48108.890625,-70.92675,2.010994,0.002586,0.208925,4.173836,0.026454,0.134492,0.145794,3752.027588,0.087154,2.712331,0.023029,0.056331,0.023362,0.000994,855.4289219538371,-438.439331,-11895.238281,1226.803589,-1.193506,-5.837255,-248.950333,-70.836861,-126.836166,-256.0,129.163544,0.0,53.104473,-250.157761,-70.926857,53376000,0.71168,0.639254,16.000008
0.007551,16.0,0.352165,1047.338436674182,53.462746,-249.361328,-71.749466,-248.584763,3785.265381,48712.121094,-71.446945,2.03089,0.002715,0.211552,4.209913,0.02676,0.130488,0.146031,3772.157959,0.082254,2.645649,0.023003,0.056309,0.02333,0.000998,861.5442474683126,-439.342468,-11930.806641,1198.486572,-1.191501,-5.844735,-248.127167,-71.364204,-126.899323,-255.999969,129.100296,0.0,53.119045,-249.361481,-71.446907,53760000,0.718691,0.650368,15.999998
0.007385,16.0,0.397397,1047.6155207186666,53.478363,-249.286041,-71.772415,-248.574646,3751.79541,48278.574219,-71.479652,1.699216,0.002667,0.205091,4.143144,0.026915,0.131623,0.144659,3727.009521,0.08285,1.429826,0.022246,0.054578,0.022526,0.000981,867.6578898668289,-443.458801,-12037.445312,1166.055542,-1.201866,-5.869191,-248.03215,-71.393242,-127.600342,-256.0,128.399353,0.0,53.128418,-249.286728,-71.479607,54144000,0.70481,0.637505,15.999996
0.007276,16.0,0.375364,1047.041139938961,53.724472,-249.630783,-71.666924,-248.88591,3724.854248,47983.023438,-71.377686,2.007972,0.002854,0.218124,4.231254,0.027559,0.132893,0.146606,3797.922607,0.084837,2.631031,0.023233,0.056923,0.023579,0.001011,873.7748465021451,-438.533539,-11927.616211,1199.793701,-1.191408,-5.841517,-248.409149,-71.298752,-126.88868,-255.999969,129.11087,0.0,53.387264,-249.630646,-71.377701,54528000,0.710426,0.639728,16.000006
0.007311,16.0,0.450743,1047.126632215723,54.232185,-249.647354,-71.406044,-248.912201,3770.184326,48548.175781,-71.112846,1.922183,0.002742,0.214281,4.220226,0.026874,0.130626,0.144262,3789.780029,0.086412,2.521989,0.022885,0.056118,0.023212,0.001002,879.8913241783778,-439.232208,-11945.338867,1190.411133,-1.19811,-5.857337,-248.4151,-71.024956,-126.965569,-255.999969,129.034088,0.0,53.904495,-249.648148,-71.112785,54912000,0.701375,0.633193,15.999982
0.007377,16.0,0.342151,1047.70849804572,54.542927,-249.703812,-71.628754,-248.960281,3755.707275,48386.1875,-71.34845,1.91707,0.002718,0.210243,4.208419,0.026846,0.131019,0.143921,3767.91333,0.084353,2.607114,0.022721,0.05579,0.023042,0.001003,886.0045432249705,-439.798157,-11937.391602,1197.972778,-1.198232,-5.858433,-248.472168,-71.262756,-126.955437,-256.0,129.044266,0.0,54.221249,-249.704269,-71.348381,55296000,0.6999,0.638308,15.999975
0.007443,16.0,0.434514,1047.8490301763536,54.850426,-249.639954,-71.399704,-248.904663,3748.331055,48263.019531,-71.103096,1.649357,0.002609,0.207105,4.158836,0.026983,0.13078,0.14322,3717.417236,0.083475,1.397013,0.02222,0.054655,0.022508,0.000993,892.1169029355049,-443.935669,-12036.258789,1168.935791,-1.204414,-5.889204,-248.377274,-71.011375,-127.612595,-255.999969,128.387131,0.0,54.527004,-249.640747,-71.103271,55680000,0.697196,0.627932,15.999987
0.007318,16.0,0.372371,1047.2063195843787,54.629124,-249.638,-72.010811,-248.88913,3766.313965,48537.871094,-71.705765,1.927045,0.002784,0.216388,4.240536,0.028039,0.131777,0.144507,3771.710205,0.085378,2.525128,0.023229,0.057001,0.023565,0.001021,898.2329359531402,-439.256409,-11942.34375,1195.983154,-1.196302,-5.86107,-248.400665,-71.6306,-126.990761,-255.999969,129.009018,0.0,54.308662,-249.637451,-71.705627,56064000,0.701356,0.635503,15.999979
0.007231,16.0,0.438836,1047.3966565949322,54.18314,-249.971344,-72.112892,-249.188522,3742.164551,48285.125,-71.830803,2.008969,0.002836,0.219443,4.262316,0.027643,0.132899,0.144761,3778.948242,0.091766,2.505757,0.023411,0.057409,0.023744,0.001025,904.3480205814044,-436.852814,-11889.211914,1219.214722,-1.184131,-5.854387,-248.745346,-71.76844,-126.715584,-256.0,129.284042,0.0,53.85611,-249.971649,-71.830757,56448000,0.70805,0.639935,15.999987
0.007551,16.0,0.433936,1047.4222882165739,54.375031,-249.738312,-71.815239,-249.008392,3742.873535,48240.480469,-71.540703,2.031769,0.002719,0.214798,4.211555,0.027414,0.132074,0.144339,3738.018311,0.090274,2.586916,0.022959,0.056371,0.023256,0.001016,910.462746934096,-438.963318,-11905.634766,1224.408203,-1.199673,-5.866314,-248.495255,-71.455147,-126.910652,-256.0,129.089096,0.0,54.050873,-249.738434,-71.540741,56832000,0.706892,0.642971,16.000006
0.007561,16.0,0.454823,1046.5923130505262,54.865948,-249.723892,-71.591606,-248.93425,3754.473877,48365.210938,-71.30822,1.745121,0.002618,0.207298,4.147934,0.026906,0.132195,0.143578,3694.005615,0.089573,1.459087,0.022274,0.054725,0.022528,0.000992,916.582435643673,-443.191528,-12039.635742,1162.23584,-1.20135,-5.893514,-248.454269,-71.216492,-127.586479,-255.999969,128.413208,0.0,54.543987,-249.723419,-71.308418,57216000,0.703371,0.642273,16.000006
0.00742,16.0,0.425374,912.1242486483345,55.544613,-249.683685,-71.495644,-248.925247,3704.767578,47711.898438,-71.209152,2.00809,0.00286,0.213614,4.196622,0.027801,0.13623,0.145773,3743.4729,0.08926,2.542831,0.023234,0.057021,0.023575,0.001021,923.6035369356473,-438.100952,-11910.72168,1212.637451,-1.192106,-5.856361,-248.453751,-71.126556,-126.852669,-256.0,129.147034,0.0,55.243954,-249.684326,-71.208916,57600000,0.700462,0.638667,16.000006
0.007512,16.0,0.403777,1046.8588005694864,54.241833,-249.522095,-71.409866,-248.75235,3777.516602,48607.582031,-71.112976,1.937127,0.002663,0.213755,4.244283,0.027634,0.136339,0.14576,3750.302002,0.095401,2.495337,0.022991,0.056517,0.023327,0.00102,929.7216370185216,-438.376709,-11941.953125,1214.52417,-1.180867,-5.867986,-248.275101,-71.043007,-127.181061,-255.999969,128.818588,0.0,53.914062,-249.521851,-71.112785,57984000,0.702249,0.632678,16.00001
0.007537,16.0,0.281791,1046.652495297165,55.019901,-249.271286,-71.071587,-248.521561,3749.089355,48179.210938,-70.830902,1.924595,0.002637,0.211464,4.187446,0.027393,0.1397,0.145789,3738.952637,0.094932,2.518446,0.02278,0.056001,0.023104,0.001012,935.8409408648808,-439.982452,-11961.171875,1202.081177,-1.1924,-5.875145,-248.01268,-70.743156,-127.232521,-256.0,128.767197,0.0,54.707287,-249.271011,-70.830872,58368000,0.702151,0.633442,16.000008
0.007461,16.0,0.3156,1047.4111288049457,54.258625,-249.73671,-70.681908,-248.960495,3760.715576,48383.398438,-70.386452,1.749924,0.002588,0.2085,4.166591,0.026891,0.140428,0.145285,3723.290283,0.096938,1.462453,0.022639,0.055653,0.022949,0.001006,941.9559287230173,-442.825256,-12004.775391,1167.071167,-1.191104,-5.876313,-248.486282,-70.2901,-127.290146,-255.999969,128.709442,0.0,53.926598,-249.737137,-70.386444,58752000,0.702531,0.634667,15.99999
0.007435,16.0,0.36491,1047.3689897468998,53.719452,-248.864899,-71.05719,-248.045044,3723.178711,47746.207031,-70.801758,1.961988,0.002612,0.206398,4.13998,0.026929,0.142471,0.145531,3721.700928,0.093438,2.515484,0.021945,0.054083,0.022235,0.00099,948.0711127241452,-439.073883,-12036.649414,1156.336792,-1.186873,-5.903037,-247.570908,-70.722939,-127.539467,-255.999969,128.460159,0.0,53.379253,-248.864639,-70.801773,59136000,0.698472,0.625395,16.000002
0.007249,16.0,0.189972,1047.4184137628827,53.52552,-249.311935,-71.436844,-248.519913,3785.068359,48663.71875,-71.136406,1.997379,0.002702,0.20983,4.178935,0.027069,0.144555,0.145948,3745.773682,0.09475,2.47414,0.022347,0.055031,0.022669,0.001002,954.1859167456627,-439.768127,-11950.485352,1206.059448,-1.18788,-5.884483,-248.043991,-71.059799,-127.167892,-255.999969,128.831802,0.0,53.181034,-249.311813,-71.136345,59520000,0.701864,0.63241,15.999987
0.007372,16.0,0.309125,1046.7117151206762,53.906624,-249.487793,-71.716446,-248.672379,3806.265381,48989.144531,-71.44384,2.018288,0.002628,0.208485,4.168405,0.027117,0.142274,0.144981,3722.193604,0.093834,2.466931,0.022089,0.05443,0.022409,0.000993,960.3049770156542,-440.52359,-11961.454102,1202.068237,-1.192975,-5.891612,-248.212311,-71.365868,-127.229912,-255.999969,128.769852,0.0,53.570946,-249.487228,-71.44397,59904000,0.708104,0.637772,15.999998
0.007397,16.0,0.430506,1047.553325384093,54.518681,-250.088623,-71.744621,-249.360062,3784.359375,48838.003906,-71.465347,1.65767,0.002523,0.207675,4.170034,0.026532,0.143156,0.14475,3722.712402,0.097581,1.421845,0.021999,0.054238,0.022314,0.000993,966.4191449284554,-444.57608,-11988.083008,1170.814331,-1.196965,-5.899518,-248.827011,-71.39109,-127.143478,-255.999969,128.856232,0.0,54.191296,-250.089066,-71.465424,60288000,0.692166,0.622728,15.999989
0.007435,16.0,0.375815,1047.6263941964557,53.818802,-251.131149,-71.682823,-250.422501,3820.190186,49517.078125,-71.387939,1.972415,0.00249,0.199248,4.112231,0.026317,0.146307,0.143894,3661.210205,0.096317,2.688348,0.02162,0.053278,0.021903,0.000976,972.5327268044153,-442.485046,-11943.121094,1253.008789,-1.205863,-5.925032,-249.862823,-71.296425,-127.536652,-256.0,128.46312,0.0,53.477459,-251.131241,-71.387978,60672000,0.694923,0.636511,15.999979
0.007377,16.0,0.471995,1046.6010984775999,54.554745,-252.361328,-72.236076,-251.631119,3815.015381,49722.71875,-71.927368,1.737722,0.002588,0.208674,4.15986,0.02654,0.14216,0.145059,3721.900635,0.096566,1.49075,0.022706,0.055847,0.023059,0.001008,978.6523611744245,-442.393494,-11922.114258,1223.803833,-1.197397,-5.887031,-251.153931,-71.851898,-127.034813,-255.999969,128.964905,0.0,54.229698,-252.361023,-71.927193,61056000,0.70202,0.642783,15.999997
0.007346,16.0,0.53369,1046.8635663408377,54.462353,-252.66362,-72.156143,-251.957047,3804.716553,49646.730469,-71.855865,2.00776,0.002597,0.208953,4.144545,0.027006,0.142954,0.143928,3704.710205,0.096832,2.656694,0.022438,0.055279,0.022794,0.001005,984.7705612103144,-440.044952,-11863.404297,1269.544434,-1.20671,-5.886898,-251.46492,-71.767586,-126.928955,-255.999969,129.070602,0.0,54.138317,-252.66452,-71.855911,61440000,0.696582,0.647033,15.999994
0.007513,16.0,0.536563,1047.7704200753838,54.389458,-252.08783,-72.58181,-251.369919,3830.321289,49906.421875,-72.277237,1.993338,0.002514,0.206571,4.122233,0.02688,0.142604,0.14392,3673.139893,0.096621,2.745683,0.02222,0.054695,0.022542,0.000993,990.8835223118464,-441.628784,-11882.490234,1250.230103,-1.211056,-5.881243,-250.882248,-72.193024,-126.910736,-256.0,129.088974,0.0,54.062313,-252.088211,-72.277252,61824000,0.70004,0.646987,15.999947
0.007558,16.0,0.536356,1046.6652383323521,54.939342,-251.494827,-72.780998,-250.729019,3849.601562,50049.816406,-72.486481,1.742352,0.002364,0.200826,4.058644,0.026713,0.139657,0.142724,3624.978271,0.094739,1.433612,0.021728,0.053554,0.022011,0.000981,997.0027658820152,-445.748444,-12011.420898,1185.528442,-1.213397,-5.914234,-250.244003,-72.401871,-127.511955,-256.0,128.487747,0.0,54.617771,-251.494888,-72.486534,62208000,0.696127,0.65153,15.999983
0.007732,16.0,0.439784,1047.5512895569525,54.468853,-252.120544,-72.50354,-251.415253,3833.025879,49943.558594,-72.217621,2.000342,0.002471,0.205527,4.102912,0.026716,0.140229,0.143156,3675.793945,0.096215,2.606537,0.022627,0.055676,0.022963,0.001009,1003.1169129212698,-440.934967,-11867.166992,1273.700439,-1.2063,-5.884825,-250.912598,-72.132378,-126.999298,-256.0,129.000351,0.0,54.143269,-252.120377,-72.217758,62592000,0.696367,0.656226,15.999961
0.00761,16.0,0.320757,1046.642697620693,54.200806,-252.187378,-71.977615,-251.492355,3839.820312,50006.269531,-71.686569,1.988447,0.002467,0.205691,4.093475,0.026868,0.139754,0.14327,3674.842041,0.090471,2.516054,0.02264,0.055701,0.022954,0.001011,1009.2362623929978,-441.107697,-11854.818359,1281.691284,-1.207976,-5.884193,-250.98317,-71.59285,-126.954102,-256.0,129.045547,0.0,53.869854,-252.18689,-71.686577,62976000,0.692515,0.647644,15.999979
0.007678,16.0,0.258116,1047.664253813365,54.172649,-251.890121,-71.979507,-251.138062,3871.397949,50339.480469,-71.725899,1.967394,0.002518,0.204028,4.098969,0.026964,0.13804,0.142584,3683.105957,0.087175,2.650662,0.022504,0.055413,0.022809,0.00101,1015.3498276313146,-441.979248,-11893.59082,1245.835815,-1.205215,-5.888581,-250.673157,-71.638672,-126.974174,-255.999969,129.025574,0.0,53.840553,-251.889389,-71.725868,63360000,0.698497,0.642097,15.999978
0.007623,16.0,0.362122,1046.8577091567968,53.94025,-251.694519,-71.49321,-250.981308,3838.789551,49847.222656,-71.200844,1.675326,0.002418,0.196987,4.033838,0.027102,0.138477,0.141241,3631.177246,0.085275,1.37455,0.02181,0.053831,0.022073,0.000995,1021.4680101394654,-446.738495,-12009.514648,1194.186279,-1.207909,-5.917295,-250.452209,-71.108093,-127.569794,-256.0,128.429825,0.0,53.596107,-251.694702,-71.20105,63744000,0.682516,0.626918,15.999982
0.00748,16.0,0.448714,1047.6200160433677,55.008423,-251.579407,-71.751503,-250.831451,3836.177979,49793.0625,-71.465645,1.986666,0.002439,0.206887,4.134594,0.026772,0.137731,0.14222,3694.197998,0.083757,2.68561,0.022724,0.055968,0.02304,0.00102,1027.581685014566,-441.278961,-11901.404297,1238.066284,-1.193139,-5.883776,-250.367599,-71.387558,-126.982033,-256.0,129.01767,0.0,54.693714,-251.579742,-71.465652,64128000,0.684382,0.638174,15.999984
0.007522,16.0,0.366026,1047.5338259190926,54.024036,-251.653824,-71.859283,-250.912704,3842.80127,49910.761719,-71.563957,2.004663,0.002421,0.205237,4.12631,0.026553,0.136513,0.141584,3698.621582,0.085378,2.64053,0.022518,0.055496,0.022838,0.001014,1033.695911248525,-440.92276,-11906.007812,1233.298218,-1.197959,-5.88586,-250.442535,-71.480629,-126.98381,-255.999969,129.015915,0.0,53.688133,-251.653809,-71.563843,64512000,0.681713,0.642547,15.999998
0.007645,16.0,0.471377,1046.8118637142663,53.82016,-251.779984,-71.825325,-251.041428,3856.036865,50107.3125,-71.540039,1.963529,0.002387,0.203376,4.111739,0.026269,0.136346,0.140561,3671.082275,0.083075,2.575461,0.022167,0.054693,0.02247,0.001006,1039.814309902986,-442.901581,-11899.670898,1239.693481,-1.202768,-5.892251,-250.565857,-71.451828,-126.964653,-256.0,129.034912,0.0,53.480709,-251.779938,-71.53997,64896000,0.680375,0.641856,15.999986
0.00755,16.0,0.49895,1047.558156076542,54.06636,-251.276581,-71.76786,-250.537094,3883.14502,50354.699219,-71.466011,1.678541,0.002324,0.199501,4.062456,0.026263,0.136509,0.141098,3652.249023,0.080106,1.343294,0.021539,0.053269,0.02181,0.000992,1045.9283228754998,-447.395538,-12025.990234,1181.144531,-1.203077,-5.927995,-250.019516,-71.379173,-127.597466,-255.999969,128.402283,0.0,53.724022,-251.277557,-71.46624,65280000,0.673919,0.63571,16.0
0.007657,16.0,0.437035,1047.80836713137,54.818516,-251.32338,-71.660576,-250.576553,3859.488525,50038.03125,-71.37722,1.898236,0.002328,0.209158,4.149473,0.026751,0.13368,0.140811,3703.294922,0.081201,2.535497,0.022434,0.055374,0.022764,0.001018,1052.0408707936606,-442.796326,-11934.938477,1205.661621,-1.193547,-5.890056,-250.104858,-71.298111,-126.978539,-255.999969,129.021225,0.0,54.497604,-251.322723,-71.377289,65664000,0.673034,0.635605,15.999959
0.007479,16.0,0.507746,1046.7720104271316,54.579762,-251.489609,-72.104248,-250.715683,3876.220947,50310.484375,-71.79319,1.966631,0.002351,0.208076,4.153502,0.026305,0.135242,0.141752,3660.675537,0.088336,2.595529,0.022402,0.055313,0.022726,0.001018,1058.159568965435,-440.805908,-11886.114258,1233.0979,-1.187813,-5.878058,-250.286346,-71.727379,-126.783943,-255.999969,129.215775,0.0,54.257011,-251.489914,-71.793221,66048000,0.67524,0.637691,15.999969
0.007443,16.0,0.345725,1047.8067863467977,54.452244,-250.4646,-71.828705,-249.677917,3900.136719,50397.898438,-71.58783,1.962665,0.002593,0.208453,4.161255,0.026671,0.13688,0.142101,3683.531006,0.089769,2.697422,0.022421,0.055375,0.022738,0.001022,1064.272124326229,-441.936462,-11930.893555,1202.45752,-1.184611,-5.881474,-249.234055,-71.523209,-126.91436,-255.999969,129.085358,0.0,54.125683,-250.464249,-71.587868,66432000,0.681338,0.63361,15.99999
0.007653,16.0,0.2952,1046.970564022212,53.354298,-249.623306,-71.766525,-248.821045,3868.535645,49822.933594,-71.471199,1.620379,0.002466,0.202058,4.081697,0.02692,0.139285,0.140808,3643.635986,0.088294,1.343693,0.021818,0.053931,0.022083,0.001003,1070.3896642009418,-445.623322,-12078.439453,1121.884155,-1.204068,-5.910482,-248.35022,-71.390739,-127.546768,-256.0,128.452911,0.0,52.998718,-249.623367,-71.471207,66816000,0.672656,0.620761,15.999974
0.007453,16.0,0.487236,927.4030322678167,54.630306,-249.268463,-72.240128,-248.448853,3844.538574,49474.253906,-71.973808,1.980286,0.002579,0.210434,4.154765,0.026845,0.138664,0.141746,3702.748047,0.091069,2.589605,0.022651,0.055938,0.022981,0.001031,1077.2951617757478,-440.206024,-11930.878906,1196.247925,-1.187272,-5.871078,-248.021286,-71.914406,-126.869476,-256.0,129.130264,0.0,54.308193,-249.268524,-71.973907,67200000,0.686326,0.633363,15.999998
0.0073,16.0,0.294759,1046.4534612761165,54.740261,-249.7164,-71.271576,-248.968201,3895.113281,50163.078125,-71.004944,1.884772,0.002495,0.208548,4.164733,0.026864,0.14036,0.141354,3715.925537,0.09207,2.411942,0.022721,0.056093,0.023063,0.001031,1083.4176293691,-442.016907,-11902.96875,1235.396851,-1.187216,-5.862284,-248.488251,-70.932465,-126.963455,-255.999969,129.036118,0.0,54.418243,-249.716599,-71.004875,67584000,0.683782,0.620352,15.999982
0.007413,16.0,0.362714,1047.5526787969047,54.525875,-249.130234,-71.639954,-248.350479,3898.876953,50128.554688,-71.366241,1.885232,0.002552,0.207554,4.112886,0.026866,0.142209,0.140673,3702.139893,0.093006,2.337713,0.022451,0.05543,0.022785,0.001019,1089.5318010052044,-442.339661,-11916.973633,1234.286377,-1.196144,-5.860172,-247.88916,-71.28492,-127.089073,-255.999969,128.91066,0.0,54.200333,-249.129562,-71.366257,67968000,0.69137,0.634367,15.999998
0.007524,16.0,0.3966,1046.8320309958,54.820839,-249.231583,-71.097092,-248.460663,3894.293945,50047.195312,-70.85775,1.639152,0.002478,0.206129,4.098014,0.026486,0.143495,0.141795,3708.670898,0.094631,1.408486,0.022068,0.05453,0.022391,0.001007,1095.6502510110538,-446.029907,-11978.916992,1187.328125,-1.197759,-5.862164,-247.99379,-70.768494,-127.202438,-256.0,128.797333,0.0,54.498146,-249.231491,-70.857727,68352000,0.684247,0.626313,16.000006
0.007549,16.0,0.433521,1047.40298094306,55.116463,-248.24617,-71.610283,-247.408234,3923.257324,50234.824219,-71.346825,1.847475,0.00249,0.201868,4.080821,0.026461,0.144377,0.140885,3719.674072,0.091667,2.441468,0.021657,0.053591,0.021966,0.000997,1101.7652415355046,-442.441742,-12006.383789,1184.922852,-1.188667,-5.88449,-246.962708,-71.279732,-127.488808,-256.0,128.510895,0.0,54.80209,-248.246597,-71.346725,68736000,0.691048,0.620002,16.000004
0.007668,16.0,0.573941,1046.5344232362334,55.116508,-248.349213,-72.365303,-247.487061,3930.566895,50402.867188,-72.102211,2.052073,0.002748,0.206637,4.141007,0.026471,0.148606,0.142083,3720.186035,0.095591,2.485571,0.022208,0.054894,0.022561,0.001013,1107.8853786269824,-440.528076,-11926.139648,1225.54895,-1.153195,-5.864116,-247.081116,-72.082268,-127.111427,-256.0,128.88829,0.0,54.805202,-248.349213,-72.102226,69120000,0.705614,0.62989,16.000002
0.007629,16.0,0.486201,1046.2886624436674,54.470318,-248.51413,-71.425003,-247.684998,3988.88501,51115.375,-71.176521,1.892428,0.002671,0.204955,4.145928,0.026345,0.149148,0.141833,3719.628662,0.095965,2.56453,0.021832,0.054027,0.022182,0.001001,1114.007350186507,-442.429657,-11937.866211,1217.00647,-1.162621,-5.882174,-247.235199,-71.129036,-127.124321,-255.999969,128.87532,0.0,54.143608,-248.513626,-71.176453,69504000,0.696884,0.627296,15.99999
0.007486,16.0,0.405997,1046.8387281938176,54.571308,-248.570053,-70.744926,-247.806046,3962.86792,50750.734375,-70.481445,1.57297,0.002734,0.205776,4.130306,0.026517,0.149608,0.142636,3719.008301,0.098264,1.390727,0.021786,0.053973,0.022165,0.001002,1120.1256097396215,-445.761749,-11992.610352,1159.106689,-1.170092,-5.89206,-247.292221,-70.420479,-127.059479,-256.0,128.940201,0.0,54.243645,-248.570602,-70.481339,69888000,0.676976,0.610415,15.99999
0.007725,16.0,0.424914,1047.0651286470759,54.54039,-249.382126,-70.064796,-248.648392,3981.405273,51122.101562,-69.792992,1.847947,0.002694,0.200793,4.086694,0.026441,0.150513,0.141613,3645.317383,0.096523,2.514095,0.021222,0.052639,0.021535,0.000988,1126.2426988482475,-443.721985,-11916.858398,1269.95459,-1.179735,-5.913295,-248.09729,-69.700699,-127.430695,-255.999969,128.568909,0.0,54.212879,-249.381729,-69.793121,70272000,0.680131,0.625735,15.999997
0.008029,16.0,0.455496,1045.9994221746413,54.403843,-250.791,-70.067413,-250.053116,3978.035645,51356.449219,-69.786476,1.701952,0.002671,0.203264,4.139629,0.026342,0.147767,0.142249,3671.203613,0.098985,1.459472,0.022178,0.054874,0.022549,0.001015,1132.3658973097802,-444.805359,-11901.15332,1245.849609,-1.168993,-5.891654,-249.55394,-69.699699,-127.021843,-255.999969,128.977844,0.0,54.072578,-250.791565,-69.786217,70656000,0.686189,0.635885,16.000015
0.007808,16.0,0.429069,1047.4590029488807,54.203537,-251.79039,-70.249809,-251.066284,3991.137695,51740.175781,-69.943069,1.895953,0.002704,0.205251,4.140815,0.026916,0.148943,0.143676,3645.550537,0.099981,2.682288,0.021874,0.054182,0.022217,0.001009,1138.4805323521296,-442.756866,-11835.240234,1306.459229,-1.168112,-5.89593,-250.569565,-69.861977,-126.989738,-255.999969,129.009995,0.0,53.870991,-251.791077,-69.943207,71040000,0.686622,0.633079,15.999996
0.007786,16.0,0.371388,1047.1862502206284,54.382088,-251.944595,-70.215698,-251.243698,3980.939941,51640.835938,-69.978806,1.818598,0.002692,0.205047,4.129526,0.026701,0.148228,0.143285,3631.608643,0.098724,2.766781,0.021775,0.053904,0.022101,0.001003,1144.5968532005945,-443.391998,-11856.977539,1287.007935,-1.17741,-5.898734,-250.728287,-69.893448,-127.005981,-255.999969,128.99379,0.0,54.051781,-251.944901,-69.97863,71424000,0.678978,0.623979,16.000021
0.007662,16.0,0.308279,1047.824605384785,54.345806,-252.111832,-69.576401,-251.356567,4003.898926,51913.65625,-69.331268,1.559787,0.002424,0.197885,4.070441,0.026572,0.145032,0.141897,3603.629395,0.094574,1.376325,0.020852,0.051692,0.021125,0.000971,1150.7093786875407,-447.023163,-11975.683594,1218.490479,-1.206436,-5.928538,-250.872391,-69.209305,-127.471725,-255.999969,128.527878,0.0,54.010883,-252.112396,-69.331367,71808000,0.671112,0.611942,16.000008
0.007701,16.0,0.369243,1046.9328218961118,54.159378,-252.663574,-70.244583,-251.93515,3962.710693,51542.867188,-69.969788,1.883623,0.002396,0.203793,4.114669,0.026164,0.13979,0.141859,3635.150635,0.095641,2.584198,0.021625,0.053518,0.021937,0.000996,1156.827058450381,-442.782593,-11847.90918,1294.96228,-1.200809,-5.902166,-251.458878,-69.863129,-127.000923,-256.0,128.998734,0.0,53.825008,-252.662689,-69.969849,72192000,0.6755,0.618656,16.000002
0.007747,16.0,0.301601,1047.6249781852491,53.876595,-253.192261,-70.408592,-252.490021,3958.404541,51608.382812,-70.142792,1.84714,0.002356,0.202191,4.089963,0.026063,0.138988,0.141116,3617.339355,0.094023,2.511114,0.021663,0.053574,0.021959,0.000995,1162.9408369143805,-443.617981,-11821.855469,1309.66626,-1.208468,-5.895586,-252.010147,-70.037537,-126.878975,-255.999969,129.120682,0.0,53.535717,-253.192032,-70.142929,72576000,0.667046,0.607413,16.000013
0.007628,16.0,0.217268,1046.6915871655908,53.04591,-252.594147,-70.759674,-251.841919,4009.62207,52172.152344,-70.51165,1.850267,0.002403,0.204223,4.106287,0.026271,0.136368,0.140384,3663.34668,0.090484,2.598022,0.022,0.054427,0.022318,0.001011,1169.059946346283,-443.664337,-11857.84668,1270.907593,-1.207637,-5.89467,-251.39946,-70.412552,-126.850746,-256.0,129.148941,0.0,52.689388,-252.593704,-70.511734,72960000,0.668105,0.611529,16.0
0.00776,16.0,0.284845,1046.779630063712,53.216057,-251.959961,-70.7631,-251.215271,3996.483643,51872.765625,-70.484306,1.591605,0.00239,0.200584,4.053304,0.026555,0.135258,0.140127,3634.494873,0.086927,1.319952,0.021335,0.052926,0.021614,0.000998,1175.1785871505738,-447.778412,-11965.003906,1233.321289,-1.206172,-5.938656,-250.712143,-70.387733,-127.505562,-255.999969,128.494141,0.0,52.855671,-251.96019,-70.484138,73344000,0.661103,0.60821,15.999978
0.007515,16.0,0.386359,1047.142122930598,54.389126,-251.899429,-70.817619,-251.164734,4021.963623,52194.777344,-70.557137,1.829332,0.002337,0.205958,4.10535,0.025984,0.132796,0.138031,3676.005371,0.085054,2.520738,0.022336,0.055245,0.022651,0.001026,1181.295083475113,-444.812744,-11873.889648,1275.126221,-1.204697,-5.905576,-250.683929,-70.460541,-127.041687,-255.999969,128.957993,0.0,54.058491,-251.89946,-70.557175,73728000,0.659716,0.614751,15.999998
0.007506,16.0,0.391393,1047.33761259682,54.869282,-252.284607,-71.123482,-251.538712,4005.962402,52086.785156,-70.842422,1.815946,0.002298,0.204732,4.090406,0.025987,0.132164,0.137828,3652.642578,0.086413,2.508641,0.022207,0.054953,0.022518,0.001023,1187.410410130024,-443.440338,-11875.807617,1267.230957,-1.207222,-5.90216,-251.079941,-70.745605,-126.996216,-255.999969,129.003479,0.0,54.549797,-252.284775,-70.842453,74112000,0.661951,0.621684,16.000002
0.007767,16.0,0.422735,1047.0221148882872,54.136578,-252.009644,-71.70546,-251.247223,4028.515381,52363.683594,-71.411659,1.864764,0.002251,0.204592,4.094098,0.02589,0.130853,0.137762,3662.4729,0.085644,2.412242,0.022035,0.054641,0.022341,0.001027,1193.5275521993638,-445.154663,-11890.47168,1260.780518,-1.204942,-5.909479,-250.792542,-71.326355,-127.060822,-255.999969,128.938965,0.0,53.800499,-252.009949,-71.411499,74496000,0.661212,0.625989,15.99999
0.007573,16.0,0.410381,1047.7243890168177,54.252693,-251.581451,-71.721565,-250.845032,4052.199707,52589.261719,-71.433952,1.630163,0.002203,0.20208,4.045941,0.025958,0.13032,0.136899,3641.614258,0.082499,1.295794,0.021434,0.053206,0.021696,0.001008,1199.6407264192899,-449.320648,-11986.448242,1221.530273,-1.206931,-5.930958,-250.337372,-71.350296,-127.586349,-255.999969,128.413284,0.0,53.91193,-251.581741,-71.434189,74880000,0.653534,0.620422,15.999957
0.007438,16.0,0.421508,1047.0407376633736,54.267464,-251.117477,-72.023125,-250.337418,4030.162842,52221.84375,-71.739731,1.901383,0.002377,0.211972,4.152706,0.026206,0.130505,0.138517,3737.826904,0.08533,2.515901,0.022365,0.055448,0.022688,0.001039,1205.7579090396564,-443.186371,-11900.842773,1235.908813,-1.197102,-5.911043,-249.881699,-71.668968,-126.935883,-256.0,129.063904,0.0,53.933784,-251.117294,-71.739815,75264000,0.657055,0.626858,15.999957
0.00758,16.0,0.56583,1045.9574835737396,55.092525,-251.560852,-72.063087,-250.763077,3978.916016,51645.597656,-71.771164,1.971536,0.002443,0.212027,4.143249,0.025846,0.133582,0.139172,3694.381348,0.089407,2.536098,0.02243,0.055571,0.022767,0.001037,1211.8813148736954,-440.902069,-11861.462891,1252.901611,-1.189299,-5.900767,-250.340149,-71.706863,-126.734787,-256.0,129.264984,0.0,54.779854,-251.561295,-71.771072,75648000,0.667642,0.630827,15.999962
0.007572,16.0,0.413163,1046.8982480922957,54.612461,-251.422745,-71.987808,-250.681686,3979.441406,51635.027344,-71.73996,1.934644,0.002315,0.206255,4.107791,0.025806,0.13633,0.139384,3663.328613,0.087669,2.545017,0.022105,0.054803,0.022407,0.001029,1217.999313922723,-443.39563,-11872.605469,1262.398682,-1.201971,-5.90615,-250.197708,-71.66468,-126.916298,-255.999969,129.08345,0.0,54.286621,-251.423126,-71.739906,76032000,0.659387,0.625629,15.999953
0.007693,16.0,0.356878,1046.4709385450935,54.432899,-251.639954,-71.78643,-250.841492,4008.256348,52029.011719,-71.502617,1.664826,0.002332,0.203312,4.047533,0.025802,0.138516,0.139715,3656.06665,0.086284,1.351115,0.021409,0.053228,0.021692,0.001013,1224.1197302699088,-447.649902,-12003.700195,1196.972046,-1.207183,-5.933332,-250.391449,-71.419472,-127.530106,-255.999969,128.469589,0.0,54.097996,-251.640335,-71.502434,76416000,0.660104,0.620735,15.999964
0.007825,16.0,0.431042,917.1406707824307,55.24062,-251.678726,-72.059158,-250.912979,3983.060303,51736.085938,-71.799614,1.92017,0.002403,0.208922,4.118003,0.025936,0.141003,0.140659,3751.712402,0.092121,2.592958,0.02206,0.054685,0.022399,0.001023,1231.102614959081,-442.592377,-11879.206055,1252.247314,-1.200901,-5.89256,-250.472626,-71.725288,-126.888596,-256.0,129.111099,0.0,54.928425,-251.678726,-71.799622,76800000,0.658994,0.628423,15.999943
0.007588,16.0,0.517343,1047.0281359075018,55.232296,-250.516373,-71.132751,-249.755692,4012.797852,51822.085938,-70.856834,1.836679,0.002388,0.210094,4.179126,0.025988,0.144284,0.141812,3742.253174,0.086877,2.339288,0.022294,0.055245,0.022635,0.001032,1237.2198326627413,-443.358215,-11863.785156,1286.927856,-1.19024,-5.871297,-249.304504,-70.774162,-127.073616,-256.0,128.926117,0.0,54.917431,-250.515671,-70.856873,77184000,0.667007,0.628453,15.999969
0.007748,16.0,0.496799,1047.7564395923127,54.9916,-249.851761,-71.075867,-249.057999,4021.567627,51788.734375,-70.83094,1.880965,0.002399,0.206857,4.106508,0.026018,0.144681,0.140844,3714.080566,0.085414,2.451236,0.021932,0.054381,0.022255,0.001019,1243.3326703826585,-443.825165,-11897.31543,1269.347778,-1.200149,-5.883139,-248.606415,-70.737511,-127.228638,-255.999969,128.771179,0.0,54.672905,-249.85144,-70.830872,77568000,0.682121,0.628652,15.999984
0.007682,16.0,0.449428,1047.4504435772524,54.851532,-250.237518,-71.03167,-249.478561,3999.600586,51581.960938,-70.787407,1.577863,0.002396,0.201519,4.062406,0.025753,0.147467,0.140737,3686.442871,0.086414,1.347533,0.021695,0.053852,0.022018,0.001014,1249.4472933570544,-448.419281,-11941.018555,1229.585938,-1.205211,-5.883769,-249.010788,-70.697456,-127.222092,-256.0,128.777557,0.0,54.524879,-250.237991,-70.787544,77952000,0.658498,0.609885,15.999994
0.007851,16.0,0.429462,1047.0037024068497,54.7169,-249.127731,-71.639084,-248.272583,3980.400391,51134.976562,-71.381142,1.788601,0.00244,0.198285,4.027495,0.026136,0.148299,0.139853,3686.78125,0.085986,2.364861,0.021247,0.052862,0.021561,0.001005,1255.564550526937,-443.700195,-11998.849609,1197.475464,-1.196567,-5.914218,-247.841919,-71.311142,-127.526291,-255.999969,128.473526,0.0,54.39222,-249.128296,-71.381119,78336000,0.670043,0.611473,16.000013
0.007862,16.0,0.537764,1047.5619668361676,54.352139,-248.986847,-71.089882,-248.165161,3984.79541,51126.539062,-70.85688,1.812283,0.002434,0.20428,4.077161,0.026371,0.144856,0.140226,3716.462402,0.088807,2.400017,0.021752,0.054101,0.022107,0.001024,1261.6786623080573,-443.283813,-11921.007812,1227.312866,-1.188251,-5.906118,-247.707016,-70.78109,-127.05027,-256.0,128.949524,0.0,54.020142,-248.985931,-70.856888,78720000,0.668066,0.618621,15.999989
0.007659,16.0,0.379679,1047.3357431038107,55.051853,-249.980942,-71.067314,-249.177628,3992.808594,51437.054688,-70.804298,1.803276,0.002284,0.203516,4.071599,0.025975,0.144032,0.13969,3667.552002,0.087386,2.378297,0.02137,0.053233,0.021696,0.001017,1267.7939315279325,-445.01712,-11895.099609,1260.792114,-1.198214,-5.913421,-248.715515,-70.717842,-127.108719,-255.999969,128.890991,0.0,54.732426,-249.980286,-70.804405,79104000,0.665894,0.618199,15.999976
0.00774,16.0,0.29594,1046.5777641690388,55.393288,-250.412537,-71.298256,-249.670288,3976.097412,51341.304688,-71.039062,1.578379,0.002288,0.200915,4.044718,0.025835,0.141611,0.139041,3613.513184,0.087717,1.313774,0.021038,0.05238,0.021342,0.001,1273.9137839357059,-447.919067,-11930.423828,1211.904663,-1.208841,-5.906926,-249.171158,-70.94957,-126.944176,-256.0,129.055466,0.0,55.08041,-250.412659,-71.038795,79488000,0.648855,0.611211,15.999998
0.007724,16.0,0.421983,1046.8545907501625,54.782879,-251.765305,-71.288712,-251.050949,4025.382324,52265.433594,-71.012611,1.861276,0.002222,0.192493,3.980046,0.025783,0.140926,0.136809,3571.668701,0.090778,2.482748,0.020341,0.050675,0.020598,0.000974,1280.0319373289744,-446.352325,-11876.49707,1314.632202,-1.216374,-5.943069,-250.51619,-70.909981,-127.447762,-256.0,128.551926,0.0,54.455933,-251.766388,-71.012398,79872000,0.648057,0.620929,15.99999
0.008033,16.0,0.449076,1047.8082137562026,54.132687,-252.883484,-72.035919,-252.138626,4026.797363,52557.054688,-71.742714,1.711264,0.002215,0.196401,4.03475,0.025741,0.137224,0.137213,3613.830078,0.096263,1.366856,0.021278,0.052918,0.021608,0.001003,1286.1445691068968,-446.291382,-11883.738281,1264.996704,-1.210708,-5.913396,-251.67897,-71.652069,-127.024323,-255.999969,128.975418,0.0,53.794266,-252.882629,-71.742821,80256000,0.660457,0.638888,15.999971
0.00794,16.0,0.538861,1046.9696785911708,54.601734,-253.364746,-72.04232,-252.652206,4040.984375,52843.339844,-71.751976,1.898069,0.002157,0.200956,4.033844,0.02596,0.137258,0.137769,3615.303955,0.094005,2.553782,0.021113,0.052567,0.021424,0.001003,1292.2620211839676,-444.207123,-11810.670898,1326.281006,-1.211511,-5.921765,-252.164795,-71.664291,-126.926865,-256.0,129.072937,0.0,54.275436,-253.365646,-71.751709,80640000,0.658118,0.630911,15.999983
0.007934,16.0,0.466797,1047.7432119491243,54.398506,-253.479996,-72.297028,-252.767914,4056.48999,53087.96875,-72.012512,1.960618,0.002048,0.20043,4.029224,0.025822,0.134917,0.138028,3597.004639,0.090473,2.617491,0.020985,0.052304,0.021281,0.001004,1298.3750197927156,-445.564026,-11827.598633,1317.955078,-1.220151,-5.929666,-252.272186,-71.917198,-126.999664,-256.0,129.000107,0.0,54.066448,-253.479767,-72.012344,81024000,0.659783,0.63959,15.999993
0.007991,16.0,0.396073,1047.1056196580394,54.981098,-253.365295,-72.298241,-252.608627,4098.39502,53601.515625,-72.027748,1.651089,0.00196,0.194018,3.984701,0.025645,0.132984,0.137634,3560.757568,0.085489,1.31458,0.020608,0.051407,0.020862,0.000994,1304.4916441202163,-449.566498,-11953.561523,1242.715088,-1.228118,-5.953445,-252.131805,-71.928246,-127.467415,-256.0,128.532303,0.0,54.654808,-253.364929,-72.027893,81408000,0.658002,0.632637,15.999983
0.008034,16.0,0.391611,1047.6049929377568,54.295582,-253.877136,-72.354431,-253.15535,4069.933594,53341.054688,-72.052422,1.874195,0.002059,0.196146,4.030521,0.025839,0.128803,0.136642,3641.650391,0.088895,2.589077,0.021461,0.053428,0.021758,0.001021,1310.6055855313937,-444.516205,-11796.52832,1328.216431,-1.219188,-5.919448,-252.688644,-71.966873,-126.802299,-255.999969,129.197357,0.0,53.960808,-253.876648,-72.052673,81792000,0.65669,0.624145,15.999965
0.008131,16.0,0.432112,1046.854016470015,53.951702,-253.591003,-72.199944,-252.871765,4071.219727,53285.65625,-71.925346,1.882689,0.002031,0.195986,4.022231,0.025699,0.126933,0.136397,3645.729248,0.085857,2.630133,0.021255,0.052916,0.021546,0.001011,1316.723754052321,-445.004211,-11815.71582,1314.254639,-1.217635,-5.914095,-252.405579,-71.841133,-126.849365,-255.999969,129.150314,0.0,53.611515,-253.590637,-71.925423,82176000,0.651178,0.619356,15.999976
0.007975,16.0,0.34946,1047.217159376125,54.478031,-252.916229,-72.071075,-252.161041,4073.546631,53166.625,-71.800415,1.845208,0.002039,0.197156,4.034324,0.025961,0.126637,0.137468,3660.618652,0.080944,2.469398,0.020965,0.052204,0.021237,0.001,1322.8396528482438,-445.837616,-11841.223633,1291.792847,-1.211649,-5.915202,-251.715775,-71.71508,-126.871719,-256.0,129.128036,0.0,54.147655,-252.915573,-71.800247,82560000,0.651834,0.628579,15.999989
0.008143,16.0,0.423043,1047.419420518663,54.684563,-252.741455,-71.604408,-252.017975,4030.854736,52541.375,-71.337753,1.574575,0.001993,0.192486,3.974374,0.026055,0.125793,0.137051,3625.096924,0.077369,1.245568,0.020305,0.050721,0.020547,0.000987,1328.9545154015223,-448.952423,-11955.738281,1241.914307,-1.213288,-5.944425,-251.513641,-71.24855,-127.486755,-256.0,128.513046,0.0,54.352116,-252.741699,-71.337837,82944000,0.640433,0.614524,16.000027
0.007984,16.0,0.399138,1046.4427753066986,55.605595,-252.644791,-71.690132,-251.902725,4018.949951,52367.683594,-71.422005,1.860034,0.002134,0.19812,4.055842,0.026313,0.123394,0.136108,3690.188721,0.077999,2.400939,0.021477,0.053469,0.021751,0.001024,1335.0749662399292,-444.978149,-11855.178711,1278.034058,-1.203204,-5.905188,-251.454102,-71.34124,-126.882195,-255.999969,129.117676,0.0,55.29826,-252.644669,-71.42189,83328000,0.642816,0.621436,15.99999
0.007858,16.0,0.401,1047.4340241444054,55.472206,-253.081223,-71.49128,-252.345932,4026.916992,52546.355469,-71.219185,1.802316,0.002121,0.197826,4.04931,0.02626,0.123834,0.135423,3684.487305,0.080011,2.196728,0.021446,0.053424,0.021728,0.001025,1341.1897100408871,-445.362244,-11858.21582,1274.321899,-1.200878,-5.90648,-251.897766,-71.136131,-126.871689,-255.999969,129.127945,0.0,55.161942,-253.081741,-71.219131,83712000,0.643444,0.622495,15.99998
0.007983,16.0,0.492076,1047.6728657470833,54.851418,-253.304993,-71.577431,-252.571167,4035.418701,52710.457031,-71.296349,1.869655,0.00205,0.192967,4.032779,0.026103,0.123831,0.134071,3665.791748,0.079972,2.51919,0.021241,0.052956,0.021519,0.00102,1347.3030848622323,-445.343506,-11837.214844,1292.992065,-1.205955,-5.912709,-252.120026,-71.210304,-126.848839,-256.0,129.150833,0.0,54.529995,-253.30571,-71.296333,84096000,0.643202,0.620774,15.999976
0.0079,16.0,0.549613,1047.0679072751298,54.437077,-252.833618,-71.607018,-252.089813,4066.74707,53027.867188,-71.315033,1.638201,0.001992,0.191021,3.994629,0.025738,0.123635,0.133449,3627.290283,0.078505,1.244581,0.02084,0.052037,0.021088,0.001011,1353.4199559926988,-450.792786,-11974.894531,1232.621094,-1.205499,-5.948074,-251.605545,-71.229149,-127.567062,-255.999969,128.432648,0.0,54.096741,-252.833847,-71.315048,84480000,0.638924,0.622367,16.000025
0.007802,16.0,0.471801,1047.6064048065098,55.214741,-252.507141,-71.760017,-251.756958,4042.143311,52650.703125,-71.480705,1.854057,0.002102,0.20202,4.077855,0.025811,0.122872,0.13411,3702.091309,0.078839,2.395301,0.021736,0.054149,0.022029,0.001038,1359.5336939851443,-445.844421,-11885.766602,1260.169434,-1.197293,-5.919241,-251.299896,-71.406219,-127.00058,-256.0,128.999115,0.0,54.898891,-252.507462,-71.480751,84864000,0.640306,0.623032,16.000013
0.008004,16.0,0.482527,1046.8620482841743,54.399635,-252.506546,-71.946106,-251.713242,4064.927002,52949.246094,-71.643112,1.907831,0.00213,0.203335,4.087689,0.025884,0.125464,0.135024,3701.893066,0.082642,2.39076,0.021953,0.054638,0.022251,0.001043,1365.65181568861,-444.54776,-11838.631836,1293.74646,-1.192324,-5.905485,-251.311752,-71.575539,-126.87825,-256.0,129.121384,0.0,54.067162,-252.506607,-71.643188,85248000,0.643269,0.625813,15.999992
0.007717,16.0,0.381221,1046.632932094182,54.78804,-251.584625,-72.065445,-250.819534,4023.975586,52243.199219,-71.796463,1.889819,0.002227,0.202139,4.091885,0.025779,0.128946,0.13553,3696.000977,0.082804,2.503576,0.022032,0.054809,0.022322,0.001045,1371.7712901711463,-445.3284,-11857.450195,1269.279053,-1.191788,-5.893919,-250.384766,-71.732643,-126.814148,-255.999969,129.185593,0.0,54.463875,-251.584961,-71.796425,85632000,0.641053,0.625856,15.999996
0.007973,16.0,0.403622,1047.7580611210979,53.900383,-251.007584,-71.881653,-250.220352,4060.88501,52588.804688,-71.589737,1.594023,0.002159,0.197587,4.02471,0.025624,0.132991,0.135465,3672.066406,0.079333,1.26106,0.02158,0.053715,0.021843,0.001029,1377.8841659069062,-450.155823,-11995.383789,1205.833374,-1.197431,-5.924388,-249.765121,-71.519325,-127.510635,-256.0,128.48912,0.0,53.549084,-251.007812,-71.589821,86016000,0.638664,0.619373,15.999994
0.007642,16.0,0.469856,934.9882993838792,55.063423,-251.53212,-71.864273,-250.764771,4057.337402,52653.683594,-71.577011,1.867361,0.002147,0.208506,4.081685,0.025349,0.135641,0.137895,3719.647949,0.082343,2.537163,0.022169,0.055066,0.022474,0.001042,1384.7336829980215,-444.688538,-11838.813477,1295.345947,-1.193297,-5.88775,-250.333893,-71.508064,-126.894966,-255.999969,129.104782,0.0,54.746048,-251.532043,-71.577042,86400000,0.647566,0.62397,16.000027
0.007736,16.0,0.380524,1047.3636322736145,55.620178,-250.083435,-71.736168,-249.294479,4107.959961,52997.34375,-71.443893,1.821255,0.00217,0.211006,4.138253,0.025536,0.135207,0.138602,3757.252197,0.08354,2.47189,0.022519,0.055969,0.022865,0.001058,1390.8488644878068,-445.003967,-11883.542969,1277.026611,-1.183035,-5.878797,-248.864182,-71.383156,-127.155579,-256.0,128.84404,0.0,55.311409,-250.083649,-71.443848,86784000,0.64873,0.623569,16.000023
0.007784,16.0,0.356979,1046.7161754823483,55.703045,-249.342621,-71.234863,-248.571625,4086.270996,52527.910156,-70.986351,1.787456,0.002168,0.208268,4.076845,0.025683,0.136707,0.138714,3726.884277,0.081845,2.30793,0.022239,0.055322,0.022557,0.001053,1396.967730240027,-447.560822,-11920.964844,1246.200073,-1.200022,-5.88088,-248.109772,-70.900291,-127.196236,-256.0,128.803513,0.0,55.394932,-249.343033,-70.986259,87168000,0.640478,0.620283,16.000023
0.007844,16.0,0.407479,1047.7097275409465,55.103928,-249.491241,-70.630714,-248.6996,4112.423828,52845.019531,-70.394623,1.613467,0.002121,0.207426,4.062884,0.025521,0.136852,0.138909,3727.131348,0.081766,1.251596,0.022133,0.055096,0.022451,0.001051,1403.080820397536,-449.751068,-11978.200195,1202.771851,-1.196527,-5.888409,-248.255997,-70.299126,-127.312408,-255.999969,128.687408,0.0,54.780365,-249.490845,-70.394585,87552000,0.637195,0.622389,15.999989
0.007866,16.0,0.423922,1046.9756193789328,54.147503,-249.410294,-70.384521,-248.604813,4103.46875,52683.742188,-70.132607,1.826069,0.0021,0.203409,4.023629,0.025642,0.136655,0.138146,3708.686279,0.079426,2.239001,0.021698,0.054076,0.021993,0.001039,1409.1982363263767,-447.045288,-11978.464844,1224.537231,-1.194947,-5.91487,-248.147415,-70.039207,-127.559418,-255.999969,128.440414,0.0,53.80579,-249.411087,-70.132515,87936000,0.634422,0.610592,16.000008
0.007855,16.0,0.449941,1047.8334087858286,54.105526,-249.296158,-70.704132,-248.481293,4164.211426,53461.238281,-70.430023,1.867586,0.002159,0.2095,4.070573,0.026157,0.133149,0.138233,3733.447998,0.079954,2.236247,0.022158,0.0552,0.022474,0.001057,1415.3106180906295,-446.691193,-11938.328125,1227.354736,-1.185982,-5.90295,-248.03949,-70.345032,-127.18985,-255.999969,128.809845,0.0,53.7649,-249.295792,-70.430031,88320000,0.64104,0.624296,16.000011
0.0079,16.0,0.373337,1047.028606238733,54.739948,-250.069183,-70.109413,-249.288284,4157.850586,53500.238281,-69.876427,1.787075,0.002146,0.207583,4.056683,0.026102,0.131801,0.137098,3714.594238,0.080885,2.263003,0.02176,0.054317,0.022071,0.001049,1421.4277407685915,-448.11911,-11900.164062,1260.188843,-1.196427,-5.909235,-248.822159,-69.774345,-127.122063,-255.999969,128.877594,0.0,54.410683,-250.06958,-69.876381,88704000,0.64148,0.61411,16.000008
0.007779,16.0,0.445729,1046.617923002532,55.28442,-250.382812,-70.18618,-249.620667,4106.045898,52911.574219,-69.927559,1.602661,0.00217,0.205659,4.043301,0.026187,0.128402,0.135296,3691.318848,0.079725,1.256889,0.021642,0.053956,0.021929,0.001038,1427.5472301046054,-449.161987,-11930.291992,1213.25647,-1.203628,-5.906617,-249.149261,-69.821671,-126.943558,-255.999969,129.056122,0.0,54.967541,-250.382416,-69.927666,89088000,0.63054,0.609903,15.999983
0.007954,16.0,0.470326,1047.6854285068177,53.882584,-251.601471,-70.224091,-250.898804,4168.027344,53988.117188,-69.977966,1.856174,0.002116,0.198967,3.974021,0.026064,0.131845,0.134763,3618.171875,0.076518,2.503968,0.020859,0.052127,0.021121,0.001015,1433.66048959891,-448.385468,-11886.601562,1311.100464,-1.211073,-5.931245,-250.366974,-69.860138,-127.493355,-256.0,128.506332,0.0,53.532589,-251.601913,-69.97802,89472000,0.632909,0.620153,16.000006
0.007951,16.0,0.474111,1046.5316678391127,54.683025,-253.100418,-70.827568,-252.363358,4136.211914,53924.222656,-70.548294,1.64452,0.002176,0.204419,4.025356,0.025719,0.127292,0.134518,3681.307617,0.079707,1.303732,0.021672,0.054023,0.021973,0.001038,1439.7823736190796,-447.949738,-11894.775391,1257.870605,-1.198329,-5.905536,-251.920624,-70.454681,-127.046761,-256.0,128.952911,0.0,54.353405,-253.100769,-70.548714,89856000,0.639208,0.621885,15.999993
0.007741,16.0,0.461148,1047.653340024645,54.734509,-253.178894,-71.128532,-252.45665,4153.0625,54188.558594,-70.854622,1.865206,0.002155,0.204208,4.017447,0.025951,0.129472,0.134199,3647.661377,0.078239,2.349719,0.021692,0.054039,0.021984,0.001036,1445.8957561612128,-445.461273,-11822.118164,1312.808105,-1.201003,-5.901142,-252.00531,-70.766548,-126.894897,-256.0,129.104874,0.0,54.408234,-253.17897,-70.854553,90240000,0.638297,0.617165,15.999994
0.007957,16.0,0.456108,1047.1284662423386,54.746979,-253.113449,-71.350983,-252.396912,4139.867188,54025.953125,-71.085251,1.887074,0.002157,0.202664,4.002084,0.025941,0.130352,0.133958,3618.920654,0.079242,2.424321,0.02147,0.053541,0.021759,0.001031,1452.0124070803324,-446.986694,-11837.094727,1311.481934,-1.209743,-5.910163,-251.929306,-70.99073,-127.016121,-256.0,128.983612,0.0,54.419609,-253.112823,-71.085335,90624000,0.636774,0.621685,16.000002
0.007884,16.0,0.489886,1046.575073149746,55.172134,-252.882492,-71.806267,-252.10498,4164.454102,54327.96875,-71.528427,1.670836,0.002049,0.198254,3.953487,0.025203,0.129076,0.133257,3585.66333,0.077862,1.260551,0.020892,0.05221,0.021149,0.001017,1458.1321065664292,-449.868378,-11963.149414,1239.780884,-1.212967,-5.947804,-251.657455,-71.438339,-127.530228,-256.0,128.469391,0.0,54.849911,-252.882492,-71.52858,91008000,0.6345,0.624214,15.999998
0.007752,16.0,0.359757,1047.9178196005678,55.421165,-253.539017,-71.769485,-252.815628,4155.506348,54348.3125,-71.487244,1.91482,0.002031,0.204164,4.009493,0.025197,0.127179,0.133969,3639.957275,0.07961,2.469237,0.021854,0.054472,0.02216,0.001046,1464.244113878409,-446.57251,-11837.954102,1313.331787,-1.208726,-5.910182,-252.366638,-71.404022,-127.047104,-256.0,128.952591,0.0,55.107956,-253.539642,-71.487289,91392000,0.63312,0.616935,15.999993
0.007911,16.0,0.424641,1047.6416823186692,53.801067,-253.766083,-71.747658,-253.053329,4178.952148,54701.824219,-71.47271,1.969215,0.002018,0.200541,3.978252,0.02528,0.125866,0.13372,3627.872559,0.078219,2.531216,0.02161,0.053925,0.021901,0.001042,1470.3576598525046,-446.574005,-11812.450195,1333.711792,-1.2125,-5.914492,-252.595764,-71.386147,-126.996033,-256.0,129.003632,0.0,53.453827,-253.767303,-71.472694,91776000,0.629273,0.615806,16.000006
0.007877,16.0,0.377727,1047.1212077826217,53.923702,-252.678314,-71.500443,-251.898834,4201.927734,54738.152344,-71.257065,1.88685,0.002043,0.199549,4.005425,0.025448,0.122152,0.133324,3645.856201,0.07517,2.463858,0.021624,0.053969,0.0219,0.001045,1476.4742280642192,-446.535461,-11853.543945,1274.195435,-1.20764,-5.914963,-251.48233,-71.167542,-126.812164,-256.0,129.187515,0.0,53.581474,-252.677856,-71.257027,92160000,0.631178,0.623115,15.999997
0.007773,16.0,0.420913,1047.700917358134,54.800735,-252.69371,-70.961723,-251.964783,4158.821777,54147.476562,-70.70948,1.622145,0.001937,0.19441,3.951825,0.025673,0.122254,0.132768,3604.151367,0.071744,1.227167,0.020832,0.052155,0.021071,0.001025,1482.5874336163204,-451.137115,-11951.238281,1249.919556,-1.213021,-5.951135,-251.469223,-70.611633,-127.500122,-255.999969,128.499619,0.0,54.468456,-252.694168,-70.709404,92544000,0.619159,0.606209,16.000023
0.007752,16.0,0.409037,1046.529100137581,54.859921,-252.468597,-71.072342,-251.715179,4152.95752,54025.101562,-70.799294,1.840016,0.001956,0.205846,4.048739,0.025794,0.119944,0.133367,3692.062256,0.072201,2.267764,0.021785,0.054391,0.02207,0.001054,1488.7074624101322,-446.62915,-11869.981445,1274.817749,-1.197778,-5.904627,-251.282394,-70.717903,-126.981537,-256.0,129.018295,0.0,54.535027,-252.46846,-70.799316,92928000,0.627526,0.607647,16.000011
0.007726,16.0,0.45419,1047.2254344008543,54.453857,-252.888397,-70.930168,-252.151001,4177.251465,54425.640625,-70.679688,1.856421,0.001961,0.202283,4.0337,0.025862,0.121567,0.133358,3677.488281,0.073409,2.335577,0.021808,0.054436,0.022088,0.001054,1494.8234264969826,-447.004333,-11843.599609,1295.687866,-1.200031,-5.898748,-251.719025,-70.592049,-126.922852,-256.0,129.076721,0.0,54.120583,-252.888657,-70.67968,93312000,0.622535,0.611018,16.000013
0.007731,16.0,0.455765,1046.959844350167,54.179062,-252.643524,-71.018631,-251.885208,4192.736816,54577.363281,-70.753242,1.871632,0.001881,0.200124,4.02035,0.025843,0.120256,0.132689,3656.25,0.071587,2.392907,0.021504,0.053766,0.02178,0.001048,1500.9409644126893,-447.647278,-11851.15332,1293.43103,-1.207984,-5.906624,-251.458649,-70.654106,-126.969124,-255.999969,129.030594,0.0,53.839935,-252.642807,-70.753189,93696000,0.626434,0.620928,15.999994
0.007834,16.0,0.455699,1047.6450568731536,54.760334,-252.328323,-71.300064,-251.581619,4195.869141,54576.144531,-71.016571,1.627507,0.001827,0.195588,3.976573,0.025889,0.120424,0.131525,3620.429688,0.069932,1.206794,0.020897,0.052363,0.02114,0.001033,1507.054417192936,-451.683716,-11960.814453,1249.847046,-1.216843,-5.936416,-251.110748,-70.915802,-127.58947,-255.999969,128.410263,0.0,54.426552,-252.327728,-71.016495,94080000,0.617798,0.61659,16.000002
0.007438,16.0,0.423591,1047.020262176208,55.330219,-252.221283,-71.718407,-251.475159,4201.700195,54662.84375,-71.444069,1.808898,0.001854,0.202813,4.062253,0.025877,0.121744,0.132951,3662.50293,0.070596,2.214143,0.021837,0.054536,0.022128,0.001057,1513.1715209921201,-448.337402,-11864.40918,1279.560547,-1.208642,-5.903124,-251.034149,-71.359055,-126.956062,-255.999969,129.04361,0.0,55.012543,-252.221146,-71.444069,94464000,0.62179,0.619101,16.000006
0.007823,16.0,0.459036,1046.8279758408469,55.043602,-252.301514,-72.012245,-251.527649,4178.548828,54391.070312,-71.712517,1.898039,0.001915,0.20636,4.074821,0.025578,0.123909,0.134204,3652.805664,0.074467,2.497718,0.021702,0.054251,0.021988,0.001056,1519.289754641056,-445.334503,-11818.112305,1315.048462,-1.197871,-5.898841,-251.119308,-71.644432,-126.878349,-256.0,129.121368,0.0,54.724083,-252.301102,-71.712631,94848000,0.623795,0.618473,16.000002
0.007914,16.0,0.338583,1047.659486882362,55.482327,-251.656998,-71.885162,-250.888702,4172.217773,54165.011719,-71.643219,1.89561,0.002011,0.205119,4.082824,0.025625,0.126183,0.134577,3672.507568,0.074523,2.407229,0.021623,0.054076,0.021908,0.001054,1525.4032086849213,-445.9729,-11843.383789,1280.387695,-1.195185,-5.898023,-250.459106,-71.576424,-126.778084,-256.0,129.221588,0.0,55.171947,-251.656982,-71.643021,95232000,0.629752,0.618677,15.999955
0.008011,16.0,0.388734,1047.8094741605767,54.517689,-251.393311,-71.669312,-250.606873,4174.689941,54122.613281,-71.393379,1.580012,0.002049,0.198996,4.014361,0.025748,0.129241,0.133761,3651.260742,0.07367,1.217663,0.021031,0.052657,0.021291,0.001034,1531.515696044763,-450.643127,-11982.667969,1222.889771,-1.203424,-5.92607,-250.165771,-71.321106,-127.549248,-255.999969,128.450394,0.0,54.178364,-251.393082,-71.393471,95616000,0.620779,0.602708,15.999986
0.007831,16.0,0.407123,915.405364070692,54.846375,-251.288803,-71.689476,-250.508804,4168.086426,54015.558594,-71.411179,1.872989,0.002119,0.208412,4.071218,0.025581,0.127838,0.136021,3706.19751,0.075212,2.392698,0.021496,0.053791,0.021796,0.00105,1538.5116737206777,-446.113037,-11837.621094,1296.953003,-1.194922,-5.910873,-250.071747,-71.344345,-126.884384,-255.999969,129.115326,0.0,54.521458,-251.28923,-71.411095,96000000,0.627773,0.609853,15.99998
0.007832,16.0,0.415764,1047.2525999800628,54.367035,-250.611221,-71.415031,-249.825851,4206.945801,54354.332031,-71.122261,1.862045,0.002076,0.209971,4.137344,0.025481,0.128125,0.137526,3745.920654,0.07696,2.149326,0.021661,0.054192,0.02197,0.001056,1544.6274363358816,-445.871155,-11861.839844,1298.932007,-1.169897,-5.898944,-249.391022,-71.072044,-127.149193,-256.0,128.850464,0.0,54.032349,-250.611725,-71.122086,96384000,0.630661,0.615847,15.999983
0.007901,16.0,0.445576,1046.5573475875647,54.474621,-250.854874,-70.683769,-250.105942,4172.333496,53908.246094,-70.436737,1.823562,0.00213,0.208258,4.075266,0.025626,0.13061,0.137014,3728.678955,0.075994,2.221034,0.021543,0.053911,0.021845,0.001052,1550.7473242998124,-449.041534,-11860.873047,1305.647339,-1.186684,-5.90139,-249.638077,-70.355812,-127.174561,-255.999969,128.825119,0.0,54.139458,-250.854874,-70.436653,96768000,0.628629,0.61489,15.999987
0.007887,16.0,0.527204,1047.8094802955973,54.893616,-251.185684,-70.326851,-250.408981,4191.604492,54190.800781,-70.080803,1.635706,0.002123,0.206864,4.057862,0.025312,0.129061,0.136576,3719.85791,0.076469,1.248178,0.021334,0.053432,0.021627,0.001047,1556.859913078944,-450.735291,-11923.517578,1247.938599,-1.192837,-5.911737,-249.965439,-69.983681,-127.206947,-255.999969,128.792847,0.0,54.565655,-251.185745,-70.08091,97152000,0.627953,0.6203,15.999975
0.008118,16.0,0.482293,1047.6602058377268,54.853104,-251.277283,-70.018272,-250.508514,4219.788086,54550.070312,-69.772133,1.722116,0.002075,0.201446,4.012494,0.025618,0.129384,0.135772,3721.19165,0.072212,2.167188,0.020918,0.052445,0.021185,0.001034,1562.9733208298683,-449.078369,-11933.919922,1272.630249,-1.196678,-5.937136,-250.037827,-69.672371,-127.574341,-255.999969,128.425308,0.0,54.523563,-251.277771,-69.772095,97536000,0.619094,0.605423,15.999978
0.007766,16.0,0.54578,1046.6169259483422,54.717125,-250.608688,-70.831436,-249.775284,4214.704102,54395.597656,-70.55397,1.866122,0.002056,0.206239,4.053453,0.025644,0.129184,0.136394,3731.55127,0.073073,2.21618,0.021446,0.053696,0.021736,0.001051,1569.0928768078486,-447.199341,-11884.625,1276.079834,-1.191868,-5.910686,-249.371704,-70.464035,-127.135094,-255.999969,128.864578,0.0,54.388245,-250.609573,-70.554138,97920000,0.641279,0.627347,15.999994
0.007796,16.0,0.458788,1047.394887017176,55.253281,-251.128479,-70.844246,-250.343643,4194.875977,54263.304688,-70.592346,1.841061,0.002027,0.204827,4.047421,0.025842,0.130783,0.136626,3702.984619,0.075101,2.261157,0.021292,0.053334,0.021576,0.001046,1575.2078974723815,-447.161469,-11847.818359,1302.729126,-1.192548,-5.911439,-249.904037,-70.507362,-127.033958,-256.0,128.965683,0.0,54.935177,-251.12796,-70.592148,98304000,0.633973,0.617168,15.999979
0.007826,16.0,0.410514,1047.1690744901173,55.346024,-251.411911,-70.906937,-250.657104,4182.112793,54166.863281,-70.650002,1.558979,0.002017,0.202088,4.032772,0.02584,0.130578,0.134807,3683.643555,0.077816,1.216115,0.021054,0.052755,0.021328,0.001037,1581.3243896126746,-450.173828,-11925.522461,1226.648315,-1.202245,-5.919958,-250.191483,-70.561394,-127.020134,-255.999969,128.979721,0.0,55.027977,-251.411865,-70.650017,98688000,0.621763,0.607601,16.0
0.007849,16.0,0.395713,1047.8936049986453,55.200245,-252.166122,-70.919472,-251.433304,4222.324219,54861.894531,-70.657021,1.822132,0.001939,0.192578,3.969437,0.025985,0.134248,0.13312,3603.082031,0.076868,2.4081,0.02054,0.051526,0.020789,0.00102,1587.4365130503973,-449.564331,-11886.399414,1311.92334,-1.217847,-5.954952,-250.924667,-70.550102,-127.487625,-255.999969,128.512085,0.0,54.877922,-252.166687,-70.656975,99072000,0.622483,0.611997,15.999992
0.007916,16.0,0.361745,1047.2622170486372,55.215847,-253.158356,-71.524849,-252.401932,4198.411133,54799.605469,-71.248138,1.647248,0.001951,0.200508,4.019027,0.025806,0.129628,0.133726,3666.01123,0.07859,1.275313,0.021338,0.053475,0.021648,0.001049,1593.5523337244988,-449.612823,-11882.999023,1262.802979,-1.210645,-5.930517,-251.958374,-71.155777,-126.961876,-255.999969,129.037888,0.0,54.896282,-253.157791,-71.248146,99456000,0.628723,0.622389,15.999979
0.00803,16.0,0.464412,1048.3476403991438,55.245724,-253.777191,-71.372513,-253.07135,4186.8125,54774.726562,-71.105347,1.8752,0.001937,0.197887,4.004043,0.02577,0.128252,0.132823,3656.970215,0.07826,2.573222,0.0209,0.052427,0.021188,0.001034,1599.6617936770122,-448.1539,-11811.357422,1340.540039,-1.21217,-5.930874,-252.594742,-71.013733,-127.037323,-255.999969,128.962296,0.0,54.927422,-253.777603,-71.105324,99840000,0.620031,0.611824,15.999983
0.007882,16.0,0.425518,1047.5350624988257,55.212547,-254.054703,-71.278236,-253.341812,4185.175781,54800.160156,-71.028488,1.871392,0.001952,0.194855,3.997041,0.025756,0.127398,0.132222,3620.712402,0.079581,2.445441,0.020723,0.052025,0.021003,0.00103,1605.7759489814441,-448.222443,-11839.091797,1314.404175,-1.213136,-5.930649,-252.876938,-70.934502,-127.052643,-256.0,128.947067,0.0,54.893894,-254.054733,-71.028297,100224000,0.620025,0.611159,15.999992
0.008034,16.0,0.43569,1047.7088681207536,53.818378,-254.413254,-71.487404,-253.6539,4219.027832,55329.011719,-71.236824,1.655665,0.001883,0.190902,3.941748,0.025772,0.129186,0.131241,3593.299561,0.081296,1.203715,0.020187,0.050687,0.020432,0.001007,1611.8892144282659,-451.881378,-11965.196289,1243.470947,-1.22014,-5.953371,-253.222076,-71.136383,-127.568169,-255.999969,128.43158,0.0,53.466225,-254.413254,-71.236938,100608000,0.616431,0.618799,15.999984
0.007901,16.0,0.458824,1048.3174866822799,54.004581,-254.604813,-71.706581,-253.876877,4227.210449,55499.78125,-71.422707,1.88496,0.001936,0.199116,3.996066,0.025573,0.124186,0.132032,3644.735596,0.081346,2.356345,0.02072,0.052018,0.020994,0.00103,1617.9988801757495,-447.677826,-11803.530273,1335.876343,-1.216805,-5.941782,-253.427032,-71.328644,-126.916794,-255.999969,129.082932,0.0,53.660332,-254.604324,-71.422714,100992000,0.620858,0.619694,16.000002
0.008096,16.0,0.490513,1048.109490969165,55.741943,-254.466095,-71.709877,-253.763931,4234.953613,55580.800781,-71.428047,1.87617,0.001879,0.199785,3.986799,0.025136,0.121069,0.132529,3659.03833,0.075865,2.278619,0.020774,0.052144,0.021033,0.001034,1624.109812414646,-447.439331,-11793.705078,1336.24585,-1.209164,-5.924814,-253.305969,-71.345642,-126.825195,-256.0,129.174561,0.0,55.434204,-254.466125,-71.427971,101376000,0.615712,0.612457,15.999994
0.007883,16.0,0.373259,1047.7686580954617,54.833347,-254.116394,-71.508217,-253.368668,4269.435059,55933.621094,-71.258789,1.936488,0.001914,0.200399,3.986722,0.025358,0.118134,0.132462,3662.455078,0.071856,2.354412,0.020643,0.051883,0.020899,0.001034,1630.2227159937222,-448.606445,-11831.706055,1303.402954,-1.209762,-5.926045,-252.944275,-71.165047,-126.865356,-255.999969,129.134369,0.0,54.505634,-254.116379,-71.258675,101760000,0.621159,0.627167,15.999992
0.007921,16.0,0.406656,1048.5418438859642,54.214146,-253.645996,-71.485115,-252.908234,4244.967773,55509.679688,-71.195015,1.621356,0.001807,0.196933,3.944234,0.025013,0.116389,0.131944,3626.955322,0.069092,1.167597,0.01994,0.05028,0.020163,0.001018,1636.3310976664225,-453.0495,-11931.373047,1269.802856,-1.210546,-5.95833,-252.437698,-71.103767,-127.481522,-256.0,128.518204,0.0,53.86713,-253.645386,-71.195023,102144000,0.609895,0.61809,15.999996
0.007754,16.0,0.402542,1048.1809968128443,54.748699,-253.999481,-72.102249,-253.263824,4205.759766,55123.472656,-71.817253,1.853419,0.00191,0.20955,4.011239,0.025337,0.117058,0.133842,3683.952881,0.069782,2.315079,0.020903,0.052529,0.021156,0.001047,1642.4415327548982,-447.731995,-11822.714844,1311.32373,-1.20407,-5.922915,-252.831268,-71.743477,-126.862915,-256.0,129.136856,0.0,54.420845,-253.998703,-71.816917,102528000,0.616178,0.621291,15.999987
0.007644,16.0,0.382526,1047.3510050362481,55.269508,-253.815308,-71.746315,-253.06456,4214.537109,55166.1875,-71.476662,1.851194,0.001892,0.208087,4.025774,0.025314,0.117926,0.134139,3678.297607,0.070279,2.23604,0.020979,0.052714,0.021235,0.00105,1648.556909195582,-447.477417,-11843.853516,1290.427612,-1.201647,-5.92167,-252.645294,-71.400444,-126.867989,-256.0,129.131607,0.0,54.952789,-253.815659,-71.476685,102912000,0.615698,0.617446,15.999996
0.007882,16.0,0.43974,1048.3483364163487,55.546295,-253.826065,-71.466507,-253.086441,4191.693848,54851.464844,-71.198708,1.841291,0.001905,0.205744,4.017673,0.025388,0.117798,0.133742,3686.770508,0.069379,2.29337,0.020731,0.052143,0.020989,0.001042,1654.6663155039153,-448.596191,-11838.53418,1302.230469,-1.202834,-5.925021,-252.652832,-71.116058,-126.921669,-255.999969,129.077957,0.0,55.233692,-253.827148,-71.198532,103296000,0.616719,0.616419,16.000036
0.007821,16.0,0.353075,1047.7918853518906,55.041187,-253.259933,-71.282356,-252.514679,4203.012207,54868.699219,-70.98999,1.640585,0.001852,0.203155,3.974564,0.025354,0.116628,0.132854,3652.906006,0.066446,1.177353,0.020107,0.050706,0.020333,0.001027,1660.778997329871,-452.856049,-11952.12207,1253.929077,-1.203065,-5.961626,-252.036774,-70.902428,-127.532509,-256.0,128.467209,0.0,54.711975,-253.259888,-70.990013,103680000,0.617448,0.617156,15.999982
0.007441,16.0,0.367374,1048.3057070677596,57.190964,-253.617554,-71.504082,-252.875137,4197.668457,54888.175781,-71.236565,1.879582,0.001892,0.211922,4.057122,0.025587,0.117379,0.133184,3716.845215,0.068499,2.345722,0.021257,0.053382,0.021539,0.001059,1666.888711198171,-447.908234,-11818.370117,1303.585083,-1.205435,-5.913762,-252.449081,-71.148407,-126.74054,-256.0,129.259186,0.0,56.913368,-253.617767,-71.23645,104064000,0.619697,0.624068,15.99999
0.007577,16.0,0.454982,1047.6158123650594,56.085354,-253.857147,-71.425789,-253.118698,4185.430176,54769.839844,-71.154922,1.84286,0.001808,0.208528,4.051032,0.025279,0.118539,0.1333,3700.341309,0.071511,2.263785,0.021063,0.052964,0.021336,0.001057,1673.0024234175683,-446.726318,-11821.051758,1316.298828,-1.202556,-5.927557,-252.680603,-71.073906,-126.906235,-255.999969,129.093399,0.0,55.785866,-253.857391,-71.15493,104448000,0.617911,0.612128,16.00001
0.007857,16.0,0.433275,1048.2395424047927,55.287399,-253.474045,-71.429428,-252.727417,4183.229492,54661.5,-71.175247,1.870019,0.001785,0.206258,4.038367,0.025337,0.118459,0.132613,3697.434082,0.072479,2.299668,0.020862,0.052439,0.021118,0.001046,1679.1125180562337,-448.171173,-11841.003906,1299.562012,-1.209755,-5.93119,-252.284454,-71.084297,-126.92408,-256.0,129.075638,0.0,54.970505,-253.473618,-71.175117,104832000,0.62028,0.618031,15.999996
0.007671,16.0,0.425789,1047.8016295730192,54.529831,-253.311142,-71.219246,-252.539078,4204.559082,54884.152344,-70.952324,1.570131,0.00177,0.20061,3.993953,0.025582,0.118412,0.132014,3685.140625,0.071371,1.180879,0.020338,0.051268,0.020574,0.001036,1685.2252454280854,-452.260498,-11972.956055,1236.845947,-1.207243,-5.963986,-252.08815,-70.865234,-127.575249,-256.0,128.424362,0.0,54.189678,-253.311752,-70.952415,105216000,0.615199,0.606675,15.999984
0.007728,16.0,0.422966,937.2098829987264,54.55817,-253.198013,-71.8722,-252.424774,4174.006836,54512.878906,-71.585541,1.833465,0.001847,0.203049,4.040533,0.025476,0.118897,0.132408,3735.936279,0.078973,2.364542,0.021097,0.053065,0.021378,0.001059,1692.0586512247721,-446.48996,-11823.490234,1311.334351,-1.208934,-5.920757,-252.012512,-71.506241,-126.883301,-256.0,129.116394,0.0,54.226303,-253.198074,-71.585655,105600000,0.622023,0.613414,15.99999
0.00769,16.0,0.566949,1048.3863178387637,55.026104,-252.715744,-71.572746,-251.959641,4226.182617,55069.40625,-71.29985,1.793082,0.001771,0.200052,4.073108,0.025329,0.117927,0.132525,3703.393066,0.076668,2.150012,0.021219,0.053334,0.021494,0.001062,1698.167795352141,-448.388672,-11869.318359,1291.61084,-1.196802,-5.921139,-251.521515,-71.226776,-127.12532,-256.0,128.87442,0.0,54.702847,-252.715912,-71.299957,105984000,0.619269,0.613852,16.000013
0.007872,16.0,0.46292,1047.0437938765112,55.538921,-252.636856,-71.366486,-251.895355,4200.290527,54699.988281,-71.104752,1.76914,0.001719,0.200284,4.016298,0.025279,0.118209,0.131726,3705.41626,0.075828,2.141083,0.02091,0.05265,0.021178,0.001056,1704.2848319013913,-449.825439,-11895.990234,1275.741943,-1.209565,-5.936944,-251.428436,-71.013138,-127.219505,-255.999969,128.780197,0.0,55.224136,-252.636749,-71.104668,106368000,0.612465,0.616815,16.000031
0.007687,16.0,0.453331,1047.6334572739088,55.213657,-252.748688,-71.325867,-251.959167,4220.90918,54977.714844,-71.070091,1.595582,0.001746,0.198999,4.014569,0.025311,0.119344,0.13219,3704.900879,0.076908,1.176592,0.0209,0.052584,0.021155,0.001053,1710.3984727978707,-452.015076,-11950.931641,1218.218018,-1.208601,-5.934138,-251.544724,-70.977684,-127.171387,-256.0,128.828293,0.0,54.891167,-252.748413,-71.069939,106752000,0.613483,0.618805,16.000038
0.007869,16.0,0.400195,1048.353776300304,54.379864,-252.425354,-71.034821,-251.651398,4223.451172,54920.882812,-70.781631,1.726671,0.001759,0.195768,3.977763,0.025484,0.119131,0.131594,3700.198242,0.072943,2.12211,0.020341,0.051299,0.020583,0.001037,1716.5079790711402,-450.049957,-11943.393555,1265.752319,-1.211725,-5.96355,-251.190018,-70.68676,-127.591064,-255.999969,128.408646,0.0,54.038864,-252.425827,-70.78154,107136000,0.605044,0.606214,15.999998
0.007738,16.0,0.382054,1047.3904883005291,55.833813,-252.558838,-71.160057,-251.779877,4201.847168,54678.003906,-70.907257,1.809782,0.001806,0.198161,4.004416,0.02536,0.117983,0.130617,3707.089355,0.076438,2.130731,0.021052,0.052895,0.021312,0.001053,1722.6230450590451,-448.261749,-11884.401367,1272.58252,-1.208946,-5.918488,-251.36615,-70.811485,-127.087372,-256.0,128.912323,0.0,55.526447,-252.558533,-70.907394,107520000,0.613982,0.618496,16.000021
0.007831,16.0,0.463038,1048.2896483533802,55.334324,-252.888748,-70.966721,-252.13208,4231.583496,55126.714844,-70.720993,1.802269,0.001796,0.195824,3.994935,0.025294,0.117914,0.13098,3673.130615,0.075018,2.03769,0.020901,0.052549,0.02115,0.00105,1728.7330047806104,-449.435486,-11867.904297,1293.015625,-1.20977,-5.9289,-251.694794,-70.620331,-127.114677,-256.0,128.884964,0.0,55.016819,-252.888565,-70.720963,107904000,0.610416,0.618936,16.000013
0.007602,16.0,0.382923,1048.4298593892026,55.30154,-253.177399,-70.90921,-252.439804,4219.531738,55030.75,-70.653183,1.621559,0.001801,0.194445,3.985377,0.025405,0.117116,0.130147,3680.551514,0.07096,1.165737,0.020806,0.052304,0.021058,0.001044,1734.841888531049,-450.991119,-11888.706055,1257.549438,-1.211271,-5.922317,-251.997711,-70.551689,-126.953033,-255.999969,129.046631,0.0,54.98177,-253.178268,-70.653145,108288000,0.608501,0.615185,16.000002
0.007831,16.0,0.28039,1047.372865197157,54.586712,-253.212021,-70.967865,-252.48204,4266.260742,55655.65625,-70.702797,1.825645,0.001761,0.187929,3.922465,0.025251,0.117853,0.12897,3633.699951,0.068679,2.231114,0.020058,0.050528,0.020275,0.001019,1740.9569648424783,-449.601959,-11868.554688,1330.550049,-1.218014,-5.949107,-252.006927,-70.594719,-127.494926,-256.0,128.504761,0.0,54.250477,-253.212601,-70.702675,108672000,0.604736,0.616273,16.000004
0.007649,16.0,0.311004,1048.3533286609577,54.781322,-253.792892,-71.740112,-253.07019,4276.003906,55976.773438,-71.46006,1.669599,0.001881,0.197655,3.973283,0.02521,0.11779,0.12983,3693.929688,0.069582,1.193306,0.02108,0.052878,0.021358,0.001044,1747.0664751370748,-451.129883,-11864.839844,1283.649658,-1.203642,-5.896453,-252.648117,-71.381378,-126.973717,-256.0,129.026016,0.0,54.448463,-253.79213,-71.46022,109056000,0.613212,0.618043,15.999948
0.007954,16.0,0.374781,1048.1597447845827,53.939175,-253.966324,-71.874565,-253.248123,4255.987305,55769.796875,-71.578934,1.951673,0.001856,0.196216,3.963699,0.025026,0.117904,0.129224,3670.799316,0.070403,2.241724,0.020859,0.05233,0.021129,0.001034,1753.1769696831702,-447.491608,-11778.334961,1362.033936,-1.206293,-5.897673,-252.823807,-71.49707,-126.928719,-255.999969,129.070953,0.0,53.593357,-253.965942,-71.579025,109440000,0.614005,0.623325,15.999971
0.007868,16.0,0.449015,1047.0733543002057,54.040657,-253.620178,-71.944084,-252.927109,4234.888184,55432.628906,-71.681786,1.877163,0.001826,0.194762,3.946886,0.024749,0.118264,0.12909,3670.239014,0.069957,2.410712,0.02077,0.052111,0.021043,0.00103,1759.2938256820044,-447.893921,-11811.56543,1332.041626,-1.20781,-5.900189,-252.468887,-71.602829,-126.95713,-256.0,129.042618,0.0,53.698162,-253.620117,-71.681877,109824000,0.612933,0.61901,15.999961
0.00796,16.0,0.403893,1048.112264911957,54.03373,-253.613892,-72.336609,-252.85141,4268.628418,55891.519531,-72.05407,1.632135,0.00178,0.191401,3.905602,0.024696,0.118431,0.128477,3638.493408,0.067156,1.186992,0.020457,0.051396,0.020702,0.001024,1765.4045666098596,-452.585663,-11949.875,1256.308594,-1.210455,-5.935517,-252.425873,-71.980339,-127.53598,-256.0,128.46376,0.0,53.683838,-253.614136,-72.05397,110208000,0.613528,0.617724,15.99999
0.007947,16.0,0.477192,1047.460765931139,54.931587,-253.609146,-72.061066,-252.868378,4255.39209,55695.796875,-71.786713,1.883017,0.001849,0.203583,3.974947,0.024518,0.119792,0.130354,3725.195312,0.066633,2.340415,0.02138,0.053631,0.021668,0.001058,1771.519187517961,-448.313873,-11826.748047,1317.204834,-1.203979,-5.909554,-252.447952,-71.715424,-126.956268,-255.999969,129.043411,0.0,54.606754,-253.60968,-71.786644,110592000,0.614321,0.615646,15.999953
0.008085,16.0,0.468922,1048.347235071903,55.759354,-253.700897,-71.769447,-252.989456,4272.734863,55918.378906,-71.490372,1.869589,0.001819,0.202766,3.964484,0.024543,0.121065,0.130681,3705.244385,0.066959,2.353579,0.0213,0.053418,0.021581,0.001054,1777.6285023490589,-448.172577,-11785.591797,1350.714478,-1.200768,-5.911122,-252.542145,-71.420067,-126.880943,-255.999969,129.11879,0.0,55.451397,-253.700241,-71.490211,110976000,0.608471,0.608177,15.999987
0.008118,16.0,0.442242,1047.3474988864834,54.937572,-253.497955,-71.588928,-252.759064,4301.614258,56228.4375,-71.344902,1.826933,0.001862,0.202036,3.96316,0.024709,0.121588,0.130691,3710.535889,0.06606,2.269221,0.021281,0.053381,0.021553,0.001055,1783.7437990387282,-449.547943,-11830.544922,1317.150269,-1.205521,-5.914746,-252.329407,-71.260162,-126.981323,-255.999969,129.018295,0.0,54.611313,-253.497543,-71.344986,111360000,0.611416,0.620852,15.999987
0.008032,16.0,0.53742,1048.0448896057744,54.847874,-253.363525,-71.215996,-252.620346,4301.969727,56171.683594,-70.953796,1.622745,0.001836,0.20068,3.924395,0.024858,0.121157,0.130534,3689.389404,0.064364,1.153529,0.020667,0.05202,0.020907,0.001045,1789.8549755533536,-453.090759,-11929.737305,1275.835205,-1.211904,-5.949032,-252.16214,-70.860779,-127.524734,-255.999969,128.475006,0.0,54.514828,-253.363708,-70.953773,111744000,0.602817,0.608791,15.999976
0.007955,16.0,0.456956,1047.11236392592,55.720863,-253.119415,-71.252274,-252.369461,4288.333496,55937.140625,-70.979477,1.872144,0.001928,0.212277,4.00415,0.025163,0.120914,0.131587,3794.947266,0.062927,2.213373,0.021469,0.053936,0.021755,0.001071,1795.9735752463341,-448.981171,-11834.015625,1304.86145,-1.197409,-5.912945,-251.949249,-70.901886,-126.899147,-255.999969,129.100494,0.0,55.410854,-253.119659,-70.97934,112128000,0.605726,0.608729,15.999962
0.007894,16.0,0.449593,1047.134472145806,55.618546,-253.297211,-71.18792,-252.556931,4276.416504,55818.9375,-70.93174,1.821172,0.001878,0.210764,4.000537,0.025255,0.119968,0.131274,3753.443848,0.065382,2.11847,0.021286,0.05347,0.021543,0.001064,1802.0900840918223,-448.152283,-11831.419922,1305.262207,-1.198276,-5.904354,-252.139938,-70.850296,-126.885506,-255.999969,129.114243,0.0,55.3064,-253.297577,-70.93203,112512000,0.604319,0.613478,16.0
0.007717,16.0,0.529041,1048.2994564194394,54.603218,-253.176956,-71.010841,-252.430435,4288.444824,55932.207031,-70.739075,1.873153,0.00187,0.206126,3.991822,0.025338,0.119755,0.130998,3717.299561,0.066635,2.152443,0.020979,0.052738,0.021214,0.001054,1808.1997573018075,-448.528046,-11833.791016,1310.929077,-1.201931,-5.901783,-252.020035,-70.650986,-126.961792,-255.999969,129.037903,0.0,54.271267,-253.177338,-70.739204,112896000,0.602261,0.610666,15.999992
0.007897,16.0,0.476178,1048.1298569755668,54.592964,-252.91423,-71.101555,-252.188599,4307.289062,56136.925781,-70.818695,1.624823,0.001833,0.19982,3.93443,0.025578,0.120096,0.130133,3667.778564,0.065176,1.157505,0.020211,0.050964,0.020423,0.001033,1814.3104178349176,-453.069702,-11922.749023,1282.944824,-1.208376,-5.933122,-251.723206,-70.728096,-127.526009,-256.0,128.473694,0.0,54.253998,-252.914139,-70.818642,113280000,0.59752,0.60564,15.999993
0.007724,16.0,0.453728,1047.9987621453522,55.574051,-252.624054,-71.574013,-251.866241,4239.140137,55221.371094,-71.304924,1.853154,0.001975,0.209324,4.011354,0.02566,0.118344,0.130841,3755.529541,0.069415,2.210041,0.020925,0.052685,0.021176,0.001058,1820.4218846241633,-447.670959,-11842.702148,1294.292969,-1.200656,-5.903155,-251.453125,-71.226562,-126.893486,-256.0,129.106125,0.0,55.261936,-252.623459,-71.304985,113664000,0.605075,0.616807,16.000002
0.007849,16.0,0.482397,1047.4552835390093,55.696522,-253.263199,-71.469444,-252.538162,4233.628418,55282.347656,-71.200058,1.878323,0.001941,0.211186,4.014214,0.025744,0.119131,0.130588,3726.181885,0.071636,2.215182,0.020896,0.052643,0.021153,0.001059,1826.536502099037,-447.393524,-11809.198242,1319.817871,-1.197856,-5.902513,-252.107315,-71.125374,-126.815781,-255.999969,129.183929,0.0,55.387436,-253.262909,-71.199982,114048000,0.602818,0.611006,15.999994
0.007826,16.0,0.443009,1047.9583793158633,55.041,-253.130524,-71.434174,-252.39502,4266.45752,55678.640625,-71.163841,1.909623,0.001943,0.20978,4.022945,0.025806,0.119713,0.131101,3707.808594,0.072893,2.398359,0.020735,0.052284,0.020985,0.001056,1832.6482204596202,-448.538788,-11806.889648,1325.606201,-1.196608,-5.912664,-251.958603,-71.087486,-126.840012,-255.999969,129.159592,0.0,54.718483,-253.129623,-71.16375,114432000,0.607863,0.615117,16.00001
0.007909,16.0,0.473467,1048.2347825171776,54.553909,-252.721542,-71.361542,-251.945099,4263.760254,55542.113281,-71.100578,1.60243,0.001859,0.203869,3.962382,0.025747,0.121458,0.130952,3647.243896,0.073761,1.163282,0.020285,0.051255,0.020499,0.001047,1838.7582419276237,-451.591217,-11973.869141,1232.611938,-1.206225,-5.94529,-251.511292,-71.015823,-127.549271,-256.0,128.450485,0.0,54.214172,-252.721588,-71.100685,114816000,0.602025,0.609864,16.000027
0.007607,16.0,0.377708,912.9236480910472,55.773682,-253.187088,-71.400803,-252.439285,4250.405762,55469.574219,-71.135262,1.885329,0.001953,0.207563,4.021413,0.025474,0.121751,0.132153,3716.161621,0.07486,2.363812,0.021234,0.053462,0.021507,0.001072,1845.7732267816862,-447.297272,-11803.330078,1315.838867,-1.194091,-5.910552,-252.019302,-71.065422,-126.718544,-255.999969,129.281113,0.0,55.466244,-253.187119,-71.1353,115200000,0.607261,0.606343,16.000013
0.007804,16.0,0.401613,1047.499200146771,55.749569,-252.524521,-70.58268,-251.77449,4307.570801,56002.464844,-70.325645,1.811382,0.001926,0.206815,4.071829,0.025693,0.121895,0.133469,3743.611572,0.075064,2.180152,0.02102,0.053028,0.021285,0.001072,1851.887559835116,-448.420776,-11839.926758,1323.643066,-1.18356,-5.92272,-251.328995,-70.249077,-127.151489,-255.999969,128.848129,0.0,55.440407,-252.524796,-70.325737,115584000,0.610815,0.607941,16.00001
0.007851,16.0,0.366829,1047.9673438415948,56.418678,-252.727417,-70.219025,-251.980835,4302.693848,55952.464844,-69.98085,1.750833,0.001871,0.206736,4.017985,0.025293,0.121449,0.13297,3723.927246,0.074204,2.096065,0.020726,0.05233,0.020986,0.001062,1857.999192627271,-449.331543,-11866.974609,1300.0802,-1.193683,-5.929921,-251.532272,-69.889816,-127.177238,-255.999969,128.822433,0.0,56.121933,-252.728119,-69.980972,115968000,0.606104,0.602702,15.999983
0.007728,16.0,0.328497,1047.40332491895,55.506531,-253.053741,-70.221687,-252.277496,4274.621094,55653.238281,-69.960251,1.575523,0.001845,0.207039,4.010846,0.025192,0.121434,0.132779,3722.731201,0.074212,1.169484,0.020751,0.052352,0.021004,0.00106,1864.114138607184,-452.377441,-11924.023438,1253.668701,-1.192941,-5.925956,-251.868912,-69.870949,-127.25312,-256.0,128.746567,0.0,55.187706,-253.053513,-69.96006,116352000,0.603734,0.599857,15.99998
0.0078,16.0,0.393352,1048.2367091169044,54.959969,-252.311234,-70.109261,-251.541306,4294.321289,55738.675781,-69.853493,1.756375,0.001862,0.203663,3.98026,0.025205,0.122216,0.132763,3737.925537,0.072663,2.143414,0.020285,0.051308,0.020527,0.00105,1870.2241712013881,-450.505615,-11937.446289,1273.37854,-1.198035,-5.955809,-251.080475,-69.758636,-127.603165,-255.999969,128.396484,0.0,54.630119,-252.311035,-69.853645,116736000,0.60366,0.596074,15.999984
0.007667,16.0,0.350785,1047.8976390970904,55.329212,-252.098221,-70.74411,-251.291794,4295.584961,55755.183594,-70.482544,1.843779,0.001855,0.208506,4.027018,0.025081,0.121325,0.132445,3766.299316,0.074515,2.136885,0.020878,0.05273,0.021154,0.00107,1876.3362247427306,-449.078522,-11884.989258,1284.600708,-1.195484,-5.929506,-250.884766,-70.399887,-127.205002,-255.999969,128.794647,0.0,55.009933,-252.097916,-70.482719,117120000,0.614897,0.602889,15.999993
0.007585,16.0,0.517345,1046.7196093813163,55.152748,-252.291229,-70.560776,-251.496414,4311.092773,55988.804688,-70.308197,1.892138,0.001845,0.205939,4.01387,0.025338,0.120919,0.132001,3754.417969,0.07434,2.33558,0.020882,0.052695,0.021149,0.001066,1882.4551563620566,-449.851166,-11853.782227,1302.55896,-1.190096,-5.926191,-251.085052,-70.226303,-127.064964,-255.999969,128.934738,0.0,54.828938,-252.291748,-70.308266,117504000,0.616159,0.604923,15.999972
0.00769,16.0,0.531049,1047.3680382567316,55.030224,-252.11113,-70.664864,-251.369644,4285.470703,55637.375,-70.408127,1.602365,0.001819,0.203873,4.001834,0.025473,0.120945,0.131107,3738.233643,0.072771,1.17403,0.020533,0.051907,0.020791,0.001058,1888.5702645023664,-452.674744,-11892.31543,1261.351196,-1.204269,-5.925959,-250.905899,-70.318138,-127.01049,-256.0,128.989136,0.0,54.702427,-252.110565,-70.408142,117888000,0.605742,0.596521,15.999971
0.007945,16.0,0.435176,1047.8465044082875,55.062187,-253.096161,-70.538788,-252.379456,4329.276367,56427.988281,-70.286842,1.863928,0.001749,0.195791,3.944345,0.025121,0.120953,0.129395,3663.702637,0.06846,2.293945,0.019833,0.050238,0.020056,0.001035,1894.6826188524565,-451.13736,-11840.935547,1356.499023,-1.21841,-5.959965,-251.877853,-70.175278,-127.462791,-256.0,128.53688,0.0,54.73423,-253.096512,-70.286751,118272000,0.604495,0.60497,15.999986
0.007692,16.0,0.376554,1047.4933603731467,55.469738,-254.1465,-71.47522,-253.410858,4279.964844,56083.777344,-71.187508,1.680434,0.001924,0.20739,4.005484,0.025658,0.122408,0.131212,3729.778076,0.073168,1.219117,0.020981,0.052915,0.02126,0.001067,1900.7969692309698,-451.425415,-11842.429688,1305.90686,-1.211243,-5.918602,-252.98735,-71.095413,-126.968948,-256.0,129.030701,0.0,55.1511,-254.145981,-71.187698,118656000,0.612231,0.618089,15.999992
0.007895,16.0,0.474091,1047.9129664999623,54.779011,-253.961914,-71.889465,-253.234085,4305.544922,56412.847656,-71.610497,1.904109,0.001866,0.206576,4.000278,0.025657,0.121818,0.130856,3727.190674,0.072577,2.348471,0.020928,0.052752,0.021205,0.001062,1906.9089854002,-448.88913,-11778.822266,1355.907959,-1.214901,-5.923298,-252.795166,-71.523628,-126.858376,-255.999969,129.14122,0.0,54.448822,-253.961746,-71.610497,119040000,0.61188,0.617251,16.000002
0.008097,16.0,0.389619,1047.195939604689,54.641182,-254.363052,-71.509834,-253.659332,4297.477051,56366.015625,-71.276566,1.812966,0.001824,0.203797,3.969306,0.025735,0.12215,0.130945,3684.941895,0.071057,2.326383,0.020619,0.052027,0.020879,0.001053,1913.025174621741,-449.842957,-11802.132812,1344.953613,-1.221414,-5.93384,-253.195541,-71.180679,-126.972397,-256.0,129.027283,0.0,54.308662,-254.363098,-71.276497,119424000,0.606081,0.608553,16.000002
0.00797,16.0,0.420598,1047.4978744061684,54.461449,-254.388168,-71.294418,-253.626099,4325.982422,56721.824219,-71.053139,1.599826,0.001795,0.19777,3.915125,0.025882,0.124392,0.13028,3649.888672,0.068982,1.179363,0.020284,0.051229,0.020524,0.001042,1919.1395116488138,-453.4487,-11946.369141,1263.448364,-1.228591,-5.957047,-253.19873,-70.946579,-127.563904,-256.0,128.435822,0.0,54.119656,-254.388596,-71.053154,119808000,0.605989,0.606125,15.999996
0.008003,16.0,0.304442,1048.0522938638271,55.166813,-254.660187,-71.463448,-253.931854,4325.40625,56790.441406,-71.199097,1.895088,0.001836,0.203218,3.959276,0.025342,0.121868,0.130864,3688.452881,0.070874,2.510808,0.020804,0.052504,0.02108,0.001062,1925.250681567192,-449.127167,-11796.135742,1354.092529,-1.21893,-5.931901,-253.501389,-71.104424,-127.01107,-255.999969,128.988632,0.0,54.84528,-254.660263,-71.199287,120192000,0.606147,0.607835,16.000006
0.007908,16.0,0.392818,1047.6234429281456,56.046177,-254.451462,-71.733688,-253.721542,4355.86377,57165.523438,-71.463112,1.902563,0.001788,0.203159,3.950596,0.025472,0.119458,0.13047,3690.853271,0.069115,2.304996,0.020875,0.052647,0.021148,0.001062,1931.3644222537675,-450.161835,-11784.074219,1352.929688,-1.220787,-5.924591,-253.295975,-71.368729,-126.868027,-255.999969,129.131668,0.0,55.741253,-254.451141,-71.463058,120576000,0.605617,0.61397,15.999982
0.007847,16.0,0.452306,1048.395426856157,56.258358,-253.675034,-71.582085,-252.924393,4389.169434,57409.261719,-71.334923,1.853003,0.001808,0.204313,3.964356,0.025674,0.117118,0.130159,3699.539551,0.067582,2.205998,0.020635,0.052084,0.020902,0.001055,1937.4735035777092,-450.497192,-11816.897461,1315.077271,-1.217779,-5.917555,-252.510376,-71.238716,-126.815208,-256.0,129.184586,0.0,55.957848,-253.674606,-71.334679,120960000,0.60723,0.618797,16.000004
0.008089,16.0,0.452011,1047.3764096586708,55.1208,-253.544128,-71.204742,-252.81665,4365.938477,57045.625,-70.93679,1.593498,0.001694,0.198459,3.907363,0.025672,0.116586,0.12925,3660.315186,0.066548,1.132244,0.019996,0.050609,0.020226,0.001039,1943.5885101079941,-454.361542,-11934.087891,1272.47876,-1.224351,-5.95608,-252.342087,-70.833679,-127.521767,-255.999969,128.477921,0.0,54.78817,-253.544357,-70.936996,121344000,0.597438,0.60317,16.000006
0.007691,16.0,0.444046,1047.9729147848584,55.375244,-253.094086,-71.884277,-252.332626,4316.702148,56350.085938,-71.61515,1.849373,0.001789,0.206841,3.980617,0.026068,0.116591,0.130744,3721.236572,0.066334,2.37085,0.020744,0.052435,0.021008,0.001068,1949.700127184391,-448.883026,-11825.774414,1308.401367,-1.209996,-5.922702,-251.91069,-71.535645,-126.853172,-256.0,129.1465,0.0,55.058357,-253.093628,-71.615227,121728000,0.609184,0.612798,15.999972
0.007457,16.0,0.371321,1048.0208150670496,55.728123,-253.761292,-71.6241,-253.03212,4309.213867,56383.097656,-71.368179,1.818825,0.001798,0.20202,3.955278,0.025898,0.115337,0.129185,3695.470215,0.066888,2.237027,0.020557,0.05201,0.020811,0.001064,1955.8115654706955,-448.971863,-11830.025391,1303.649048,-1.217167,-5.927456,-252.589661,-71.278648,-126.846771,-255.999969,129.152908,0.0,55.417904,-253.760788,-71.368195,122112000,0.603504,0.608032,15.999969
0.007765,16.0,0.410109,1047.2566774920654,55.599155,-254.114105,-71.693069,-253.367554,4318.845215,56588.410156,-71.42411,1.859437,0.001745,0.201949,3.950503,0.025678,0.113692,0.128133,3676.250244,0.067268,2.234988,0.020334,0.051462,0.020576,0.001055,1961.927345709006,-450.178284,-11833.775391,1317.989624,-1.221041,-5.939053,-252.937958,-71.33049,-127.016029,-256.0,128.983627,0.0,55.285431,-254.113998,-71.423965,122496000,0.60261,0.610628,15.999972
0.007641,16.0,0.403923,1048.434401971754,55.531208,-253.862701,-71.484604,-253.121719,4331.647949,56686.171875,-71.21434,1.588597,0.001695,0.197526,3.912259,0.025863,0.113652,0.127854,3650.021729,0.064183,1.127507,0.019807,0.050276,0.020026,0.001044,1968.036213183403,-454.826447,-11936.676758,1269.85022,-1.222779,-5.972978,-252.651886,-71.116425,-127.517174,-255.999969,128.482498,0.0,55.208839,-253.863602,-71.214333,122880000,0.595006,0.607122,15.999982
0.007717,16.0,0.448188,1047.5650860517896,56.404926,-253.873077,-71.997337,-253.124817,4328.587402,56688.925781,-71.730377,1.847559,0.001703,0.208491,3.980352,0.025601,0.114285,0.128455,3720.455078,0.067738,2.115462,0.020478,0.051847,0.020726,0.001064,1974.1502405881881,-450.129028,-11840.786133,1309.643677,-1.223204,-5.93905,-252.694565,-71.640251,-127.003036,-256.0,128.996597,0.0,56.10611,-253.87352,-71.73037,123264000,0.598569,0.611608,15.999993
0.007746,16.0,0.3095,1047.282588957023,56.12328,-254.702286,-71.985992,-253.971146,4295.442383,56433.609375,-71.702492,1.873745,0.001704,0.208755,3.972027,0.025368,0.115261,0.129701,3693.985352,0.070664,2.267082,0.020229,0.051264,0.020468,0.001057,1980.2659266750018,-449.273834,-11784.017578,1351.760498,-1.217022,-5.944905,-253.536499,-71.621758,-126.865143,-256.0,129.134567,0.0,55.819164,-254.702621,-71.702362,123648000,0.594844,0.604223,15.999978
0.007842,16.0,0.440544,1048.0624971396664,55.7234,-254.348785,-72.09024,-253.58725,4302.732422,56458.238281,-71.837181,1.854608,0.001668,0.205286,3.974169,0.024833,0.114683,0.128991,3672.655273,0.069105,2.339741,0.020091,0.05095,0.020324,0.001053,1986.3769210974376,-449.035248,-11829.429688,1305.015137,-1.215928,-5.947924,-253.171478,-71.758286,-126.854332,-255.999969,129.145386,0.0,55.413677,-254.348648,-71.837105,124032000,0.595894,0.608236,15.999958
0.008005,16.0,0.547205,1047.3264182132132,56.626141,-254.148285,-71.842018,-253.375458,4289.5625,56218.582031,-71.580856,1.585209,0.001596,0.202159,3.924365,0.024447,0.115456,0.128672,3650.740234,0.067906,1.126577,0.019545,0.049687,0.01975,0.001039,1992.4922458489737,-453.271942,-11964.010742,1245.107666,-1.220349,-5.979619,-252.937866,-71.495514,-127.558578,-256.0,128.441132,0.0,56.326946,-254.147934,-71.580803,124416000,0.589662,0.60218,15.999992
0.007833,16.0,0.515661,932.6287573542735,55.799358,-254.26593,-71.990501,-253.50325,4275.545898,56073.609375,-71.715706,1.866041,0.001667,0.206906,3.980518,0.024302,0.115882,0.13016,3701.943359,0.072638,2.206577,0.020474,0.05188,0.020722,0.001068,1999.35916989247,-447.505798,-11821.255859,1320.931763,-1.208386,-5.941587,-253.092789,-71.642052,-126.946823,-256.0,129.052872,0.0,55.490665,-254.265732,-71.715752,124800000,0.597377,0.60834,16.000006
0.007815,16.0,0.400153,1047.2840980188028,55.482582,-254.327576,-71.631561,-253.599518,4318.256836,56623.339844,-71.367157,1.795783,0.00163,0.204017,4.022922,0.024484,0.117189,0.130183,3729.279541,0.073659,2.048672,0.020553,0.052051,0.020808,0.001069,2005.4748098572095,-449.047699,-11820.294922,1333.987793,-1.199164,-5.938907,-253.158417,-71.297707,-127.052345,-256.0,128.947388,0.0,55.165379,-254.327118,-71.366943,125184000,0.598384,0.604346,16.000031
0.007838,16.0,0.354041,1048.0062216694962,55.598316,-254.470734,-71.010002,-253.744553,4290.134766,56233.609375,-70.763329,1.812807,0.001641,0.202057,3.967138,0.024232,0.117272,0.129462,3697.932861,0.073115,2.050092,0.020383,0.051634,0.020627,0.001062,2011.5863454818725,-450.110535,-11850.963867,1310.55249,-1.206685,-5.94378,-253.301392,-70.672791,-127.113708,-256.0,128.885971,0.0,55.284077,-254.470291,-70.763374,125568000,0.594021,0.606223,16.000002
0.007877,16.0,0.392,1047.3475792525128,55.588024,-254.305145,-71.053139,-253.534668,4352.969238,57014.808594,-70.795341,1.637333,0.001661,0.198465,3.958921,0.024366,0.117366,0.129887,3670.135742,0.072471,1.142403,0.020329,0.051479,0.020566,0.001058,2017.7017050306001,-453.460175,-11908.978516,1262.000488,-1.202621,-5.946464,-253.130554,-70.707939,-127.17495,-256.0,128.824753,0.0,55.270378,-254.305435,-70.795349,125952000,0.594444,0.610014,15.999993
0.007868,16.0,0.417025,1048.221631480092,55.454098,-253.627472,-70.973793,-252.846649,4335.325684,56626.566406,-70.7052,1.750326,0.00166,0.190552,3.9171,0.024704,0.115495,0.12886,3659.848877,0.069553,1.938147,0.019955,0.050611,0.020172,0.001049,2023.8117853879928,-451.589539,-11933.201172,1276.498779,-1.208405,-5.980634,-252.404755,-70.612991,-127.581284,-256.0,128.418442,0.0,55.133415,-253.627106,-70.705223,126336000,0.592726,0.60435,15.999974
0.007579,16.0,0.354602,1046.7946574006778,55.809563,-253.676285,-71.372345,-252.907959,4317.836426,56449.492188,-71.098694,1.818586,0.001738,0.196359,3.964365,0.025133,0.115164,0.128542,3696.774658,0.071266,2.014618,0.020754,0.052464,0.021003,0.001071,2029.9302272319794,-450.674713,-11871.828125,1284.366699,-1.204025,-5.938309,-252.493118,-71.013329,-127.055405,-255.999969,128.944244,0.0,55.497192,-253.675491,-71.098763,126720000,0.600086,0.615689,16.000002
0.007791,16.0,0.307556,1048.0791627128497,55.442574,-253.168625,-71.529518,-252.383575,4319.131348,56365.09375,-71.245674,1.868567,0.00178,0.198044,3.959789,0.025372,0.115122,0.128081,3693.187256,0.07209,2.070701,0.0207,0.052287,0.020957,0.001063,2036.0412605007489,-450.820984,-11868.756836,1284.530396,-1.204038,-5.937662,-251.974625,-71.161827,-127.024757,-256.0,128.974899,0.0,55.123936,-253.16893,-71.245621,127104000,0.604123,0.618729,16.000006
0.007799,16.0,0.280911,1048.04931564411,55.487724,-253.134171,-71.468437,-252.386566,4335.682129,56578.625,-71.203278,1.685218,0.001756,0.195783,3.944159,0.025641,0.113517,0.127404,3682.250244,0.068736,1.122435,0.020456,0.051764,0.020701,0.001061,2042.1524762590727,-454.355835,-11917.141602,1246.610596,-1.207065,-5.95428,-251.9245,-71.111908,-127.093933,-256.0,128.905792,0.0,55.167099,-253.134415,-71.203255,127488000,0.599318,0.625336,15.999992
0.007806,16.0,0.428771,1047.0866998192307,55.314655,-253.477478,-71.446548,-252.730286,4380.685059,57239.183594,-71.159416,1.899035,0.001762,0.192348,3.893986,0.025521,0.112382,0.126755,3615.494629,0.06559,2.254573,0.019843,0.050316,0.020059,0.001041,2048.2693425218263,-452.937958,-11907.664062,1299.852539,-1.214069,-5.988595,-252.240417,-71.061569,-127.545776,-255.999969,128.453995,0.0,54.99004,-253.476913,-71.158951,127872000,0.597618,0.62159,15.999989
0.007694,16.0,0.461306,1048.1992788170046,55.992275,-254.633804,-71.849396,-253.887039,4360.649414,57261.253906,-71.563965,1.652738,0.001823,0.199854,3.946843,0.02559,0.113381,0.127422,3687.83252,0.068966,1.154817,0.020766,0.052509,0.021021,0.001072,2054.3797596851987,-452.765045,-11881.146484,1279.178711,-1.21103,-5.95149,-253.457428,-71.481461,-127.075401,-255.999969,128.924194,0.0,55.683285,-254.633713,-71.564423,128256000,0.599116,0.615625,15.999989
0.007552,16.0,0.291619,1047.9293239058109,55.786808,-254.809784,-71.736572,-254.081207,4356.592773,57240.390625,-71.481903,1.849187,0.001808,0.20085,3.932627,0.025528,0.11344,0.126859,3680.132324,0.067812,2.186048,0.020697,0.052299,0.020948,0.001065,2060.491659681002,-450.995331,-11830.97168,1314.657959,-1.21218,-5.946424,-253.646515,-71.396606,-126.945999,-256.0,129.053635,0.0,55.476295,-254.810272,-71.481819,128640000,0.592288,0.614096,16.00001
0.007477,16.0,0.326256,1046.988011606872,55.02763,-254.986877,-71.188812,-254.278458,4367.705566,57379.476562,-70.95015,1.84572,0.001785,0.203268,3.931817,0.025314,0.114312,0.126771,3676.752686,0.067302,2.324873,0.020594,0.052062,0.020839,0.001063,2066.6089500983558,-451.834534,-11831.836914,1320.54187,-1.2103,-5.938993,-253.835022,-70.85817,-127.005478,-255.999969,128.994156,0.0,54.699131,-254.986435,-70.950012,129024000,0.590628,0.609604,16.000017
0.007837,16.0,0.319188,1048.3700184974725,55.05909,-254.702316,-71.186127,-253.922775,4383.905762,57515.152344,-70.916306,1.615731,0.001714,0.195863,3.875253,0.025072,0.116261,0.126414,3620.085205,0.06502,1.126036,0.019921,0.05049,0.020126,0.001044,2072.7183060884477,-454.780579,-11950.985352,1261.123291,-1.211681,-5.974531,-253.507233,-70.823586,-127.573334,-256.0,128.426315,0.0,54.727467,-254.701538,-70.91655,129408000,0.593027,0.607636,15.999989
0.007586,16.0,0.541788,1047.2425479727021,56.215931,-255.237396,-71.490883,-254.500565,4354.154785,57275.253906,-71.222336,1.916204,0.001701,0.204255,3.925714,0.024826,0.114792,0.126836,3672.188965,0.068538,2.274283,0.020626,0.052211,0.020875,0.001071,2078.834190809727,-449.518372,-11810.057617,1343.564209,-1.210596,-5.943449,-254.086746,-71.135544,-127.041122,-256.0,128.958649,0.0,55.91449,-255.237793,-71.222107,129792000,0.59027,0.609585,16.000002
0.007545,16.0,0.454897,1048.3197076714682,56.387234,-255.23938,-71.429153,-254.50975,4359.475098,57341.75,-71.162445,1.872587,0.001702,0.206166,3.924056,0.02456,0.11326,0.126282,3705.487549,0.066982,2.180793,0.020491,0.051921,0.020738,0.001069,2084.9437578082084,-449.369568,-11809.1875,1330.812622,-1.207318,-5.948053,-254.086502,-71.081154,-126.906601,-256.0,129.093185,0.0,56.089314,-255.23938,-71.162445,130176000,0.584996,0.603486,16.000006
0.007577,16.0,0.377284,1047.4831947442924,55.980412,-255.183289,-71.086655,-254.436722,4372.873047,57473.027344,-70.851013,1.815104,0.001643,0.205075,3.923174,0.024593,0.112663,0.126064,3708.060547,0.066039,2.069269,0.020275,0.051403,0.020512,0.001062,2091.058330345154,-450.173523,-11838.904297,1305.574585,-1.206322,-5.948694,-254.028473,-70.765167,-126.94323,-256.0,129.056427,0.0,55.673901,-255.182831,-70.851028,130560000,0.584524,0.601551,16.000002
0.007534,16.0,0.488905,1047.02640296858,55.828175,-254.89415,-70.975372,-254.139587,4361.955078,57256.246094,-70.707626,1.598234,0.001601,0.199959,3.870848,0.024896,0.111726,0.124973,3656.048584,0.064423,1.087146,0.019598,0.049837,0.01981,0.001043,2097.175358617306,-454.644379,-11938.069336,1271.910034,-1.209475,-5.983847,-253.701294,-70.616821,-127.553543,-255.999969,128.446182,0.0,55.511311,-254.894119,-70.707527,130944000,0.577923,0.599464,15.999971
0.007436,16.0,0.50205,1048.0509387615275,56.43129,-254.887054,-71.453735,-254.123932,4326.421387,56827.136719,-71.180183,1.797184,0.00159,0.206971,3.932599,0.024894,0.110396,0.124508,3740.628174,0.067196,2.086401,0.020256,0.051417,0.020508,0.001065,2103.286541799704,-449.409485,-11837.251953,1306.177002,-1.210095,-5.95407,-253.721786,-71.094574,-126.940193,-255.999969,129.059525,0.0,56.134007,-254.886795,-71.18013,131328000,0.583106,0.606819,16.000017
0.007454,16.0,0.380745,1047.0382777310597,56.135765,-254.870575,-71.459846,-254.125137,4345.871094,57084.453125,-71.203018,1.777918,0.001608,0.207722,3.937276,0.025017,0.11085,0.12543,3729.82959,0.066646,2.092876,0.020283,0.051433,0.020531,0.001062,2109.403592300415,-449.962341,-11834.740234,1304.165527,-1.205647,-5.957214,-253.701691,-71.125999,-126.88961,-256.0,129.110092,0.0,55.83239,-254.870667,-71.20295,131712000,0.582769,0.599913,16.000006
0.007385,16.0,0.317585,1047.8522247279784,55.728928,-255.399078,-71.300194,-254.674011,4347.613281,57213.96875,-71.037292,1.788018,0.001602,0.20641,3.932332,0.025139,0.10851,0.125086,3724.905273,0.067033,2.069991,0.020138,0.051111,0.020372,0.00106,2115.515951625506,-450.696533,-11812.80957,1326.374023,-1.212274,-5.958956,-254.23996,-70.950722,-126.884575,-255.999969,129.115158,0.0,55.416843,-255.399811,-71.037422,132096000,0.581857,0.598941,15.99999
0.007509,16.0,0.300385,1048.1907598694502,55.235058,-255.00119,-71.444778,-254.239929,4391.162109,57704.808594,-71.175072,1.567863,0.001564,0.203763,3.900826,0.025158,0.108255,0.125107,3708.002686,0.064387,1.09591,0.019576,0.049802,0.019796,0.001043,2121.626296174526,-454.903198,-11944.216797,1267.233643,-1.21274,-5.984167,-253.809219,-71.089455,-127.565811,-256.0,128.433945,0.0,54.905342,-255.001251,-71.175018,132480000,0.577588,0.601591,16.000027
0.00747,16.0,0.37402,1047.2874477973828,56.74564,-254.973557,-71.737183,-254.22052,4321.265625,56805.59375,-71.464752,1.811142,0.001643,0.210006,3.959459,0.025372,0.109141,0.125248,3726.884277,0.067479,2.126561,0.020534,0.052006,0.020783,0.001069,2127.7419672369956,-450.687531,-11815.694336,1315.708008,-1.214475,-5.943025,-253.823349,-71.379356,-126.806969,-256.0,129.192734,0.0,56.453487,-254.974213,-71.464882,132864000,0.580658,0.609644,16.000015
0.007482,16.0,0.491573,1047.7389473032922,55.520271,-255.010315,-71.881027,-254.251999,4319.461426,56800.253906,-71.598793,1.832791,0.001642,0.209415,3.962225,0.024992,0.109983,0.126148,3707.981934,0.072606,2.118736,0.020385,0.051715,0.020629,0.00107,2133.854896791776,-448.589417,-11788.191406,1342.545288,-1.208209,-5.948713,-253.853226,-71.523735,-126.821739,-255.999969,129.177887,0.0,55.204079,-255.010178,-71.59874,133248000,0.581789,0.606845,16.000004
0.007602,16.0,0.388178,1048.0242152506705,56.144005,-254.392441,-72.026299,-253.636459,4302.160156,56452.628906,-71.765297,1.851671,0.00164,0.204975,3.955671,0.024827,0.110083,0.126179,3685.585205,0.071435,2.217312,0.020163,0.051186,0.020399,0.001062,2139.9662011583646,-449.142487,-11819.473633,1310.921021,-1.210975,-5.953099,-253.21814,-71.688736,-126.812752,-256.0,129.186966,0.0,55.843266,-254.391647,-71.765358,133632000,0.581153,0.611314,16.0
0.007796,16.0,0.429922,1047.3475356641563,56.14323,-254.2547,-71.5886,-253.472855,4342.461426,56908.371094,-71.332466,1.576107,0.001615,0.199403,3.909945,0.024719,0.110405,0.126156,3645.061523,0.067985,1.103349,0.019671,0.050022,0.019877,0.001047,2146.081440381209,-453.741333,-11955.142578,1252.481689,-1.214277,-5.980881,-253.052414,-71.250175,-127.539246,-255.999969,128.460419,0.0,55.832588,-254.255142,-71.332382,134016000,0.577369,0.597883,16.0
0.007524,16.0,0.455587,917.080359772939,57.058784,-254.181168,-71.606804,-253.413971,4290.321777,56213.953125,-71.349022,1.802218,0.001715,0.206075,3.971642,0.024827,0.110584,0.127447,3701.90625,0.071948,2.221075,0.020521,0.05206,0.020771,0.001077,2153.0664503455164,-448.90799,-11808.708008,1327.614258,-1.205614,-5.941099,-253.014145,-71.275826,-126.874481,-255.999969,129.125244,0.0,56.773952,-254.181061,-71.349045,134400000,0.58426,0.598404,15.99999
0.007863,16.0,0.427087,1047.4841982183796,55.159668,-253.367645,-71.375748,-252.583145,4354.666504,56855.625,-71.098747,1.814281,0.001699,0.200733,4.005922,0.024714,0.111352,0.127188,3711.92041,0.069348,2.090874,0.020568,0.052188,0.020823,0.00108,2159.1808220386506,-448.536987,-11833.601562,1325.824707,-1.200619,-5.943109,-252.180191,-71.024971,-127.108749,-255.999969,128.891052,0.0,54.83654,-253.367432,-71.098824,134784000,0.586928,0.599419,16.000013
0.007732,16.0,0.358397,1047.2297139329803,55.292728,-253.30249,-71.262833,-252.549179,4335.585449,56589.785156,-71.001907,1.814634,0.001703,0.203304,3.968075,0.024466,0.1109,0.127448,3699.305908,0.070018,2.033488,0.020142,0.05117,0.020387,0.001064,2165.2967930515606,-450.772675,-11846.402344,1316.126709,-1.207347,-5.953863,-252.10463,-70.918884,-127.117783,-256.0,128.881821,0.0,54.970253,-253.302338,-71.00209,135168000,0.583035,0.599996,15.999996
0.007763,16.0,0.432937,1048.0999701889302,55.570297,-253.524521,-71.706581,-252.734543,4378.325684,57229.808594,-71.437233,1.622786,0.001693,0.20072,3.963225,0.024308,0.113493,0.127783,3700.885742,0.069865,1.105972,0.020027,0.050897,0.020264,0.001061,2171.407746100426,-453.314087,-11919.30957,1260.012207,-1.2129,-5.959747,-252.323044,-71.351585,-127.259888,-256.0,128.739899,0.0,55.251469,-253.523682,-71.43721,135552000,0.587466,0.612062,15.99999
0.007698,16.0,0.287885,1048.0064855745256,54.962692,-253.648117,-71.588745,-252.879395,4407.757324,57635.957031,-71.32975,1.749699,0.001725,0.197323,3.933386,0.02491,0.113043,0.127352,3702.157227,0.067053,1.899987,0.019635,0.049929,0.019858,0.001044,2177.519366669655,-453.180084,-11924.34668,1290.41626,-1.216427,-5.979116,-252.433136,-71.244034,-127.615829,-255.999969,128.38382,0.0,54.629379,-253.648682,-71.329758,135936000,0.58194,0.600168,16.000029
0.007499,16.0,0.36669,1047.1942081528646,55.85714,-253.677872,-71.605751,-252.909698,4397.250488,57506.96875,-71.322868,1.782542,0.001756,0.20552,3.982993,0.025092,0.113462,0.128012,3755.878174,0.069535,2.018031,0.020479,0.051934,0.020739,0.001072,2183.635642572244,-451.583832,-11852.632812,1302.309937,-1.206572,-5.935017,-252.50589,-71.242096,-127.033516,-256.0,128.966187,0.0,55.544685,-253.677994,-71.322685,136320000,0.58716,0.610041,16.000011
0.007852,16.0,0.35155,1048.2687548848232,55.929817,-252.877106,-71.771278,-252.062958,4411.742188,57524.671875,-71.508736,1.870383,0.001773,0.203725,3.978529,0.025119,0.115504,0.128102,3741.746582,0.067679,2.075893,0.020462,0.051872,0.020715,0.00107,2189.7455286820727,-450.655914,-11866.393555,1298.270386,-1.203529,-5.940265,-251.677414,-71.43235,-127.140335,-256.0,128.859344,0.0,55.620438,-252.877213,-71.508804,136704000,0.597119,0.61536,15.999998
0.007466,16.0,0.366795,1047.9368124422022,55.868439,-252.882996,-71.539467,-252.138184,4356.970215,56808.210938,-71.273773,1.651468,0.00178,0.206468,3.976099,0.025175,0.115226,0.128178,3756.670898,0.065331,1.131182,0.020454,0.051883,0.020708,0.001072,2195.85734975338,-453.458038,-11870.37207,1274.649048,-1.209048,-5.941788,-251.685379,-71.190956,-126.915688,-255.999969,129.083908,0.0,55.555218,-252.882477,-71.273819,137088000,0.589549,0.607334,16.0
0.008019,16.0,0.357076,1047.2565106593715,55.018394,-253.146683,-71.342575,-252.401688,4422.399414,57704.632812,-71.08667,1.869506,0.001721,0.202697,3.923466,0.025311,0.11846,0.127916,3689.725586,0.06415,2.209419,0.019908,0.050596,0.020125,0.001056,2201.9734217246373,-453.499481,-11874.453125,1333.970947,-1.219015,-5.969435,-251.926254,-70.986435,-127.549294,-256.0,128.450424,0.0,54.685604,-253.146317,-71.086258,137472000,0.590385,0.61336,15.999992
0.007829,16.0,0.379556,1048.0119676007912,55.87767,-254.257202,-71.260651,-253.511765,4397.330566,57611.386719,-71.011482,1.622885,0.001785,0.206636,3.960519,0.025359,0.115522,0.128688,3759.653564,0.067131,1.13878,0.020931,0.052976,0.021203,0.001084,2208.084798781077,-453.079163,-11855.107422,1296.857788,-1.208665,-5.931676,-253.098206,-70.922768,-126.989021,-256.0,129.010727,0.0,55.566326,-254.257095,-71.011787,137856000,0.590678,0.609967,15.999993
0.007833,16.0,0.453889,1047.1551944713515,55.617741,-254.214081,-71.146049,-253.477478,4407.241211,57722.03125,-70.863533,1.830138,0.001776,0.20781,3.957094,0.02526,0.113819,0.127379,3734.480225,0.067174,2.22352,0.020942,0.053027,0.021205,0.001088,2214.2012533187867,-450.386993,-11794.810547,1348.173096,-1.204552,-5.93295,-253.051086,-70.778366,-126.925949,-256.0,129.073715,0.0,55.302197,-254.213928,-70.863541,138240000,0.594341,0.604394,15.999989
0.007892,16.0,0.340649,1047.9666156002677,55.909973,-253.941513,-71.203712,-253.211273,4412.842773,57740.179688,-70.958794,1.831273,0.001773,0.205786,3.942923,0.025214,0.112103,0.127634,3719.744873,0.064787,2.30584,0.020672,0.05241,0.020936,0.00108,2220.312900710106,-451.229706,-11814.805664,1333.842896,-1.209102,-5.944186,-252.761734,-70.86911,-126.973892,-256.0,129.025787,0.0,55.60099,-253.941666,-70.95916,138624000,0.592525,0.608486,15.999969
0.008319,16.0,0.372426,1047.1686067560206,55.317551,-254.172394,-71.11026,-253.387314,4442.607422,58163.433594,-70.853439,1.614659,0.001729,0.198864,3.881089,0.025157,0.111726,0.127578,3655.099365,0.062693,1.128621,0.020054,0.050954,0.020272,0.001063,2226.429297995567,-454.809875,-11930.820312,1278.479248,-1.210184,-5.982213,-252.962357,-70.764534,-127.54496,-255.999969,128.454697,0.0,54.989143,-254.172272,-70.853271,139008000,0.586375,0.599948,16.000006
0.007815,16.0,0.471896,1047.979567264224,55.44014,-254.612,-71.609825,-253.863022,4399.121094,57742.867188,-71.338554,1.894897,0.001727,0.207115,3.929057,0.024961,0.115491,0.129022,3736.301514,0.06683,2.11352,0.020884,0.052888,0.021146,0.001086,2232.541023536523,-450.637665,-11791.107422,1358.70752,-1.208112,-5.937256,-253.453751,-71.258163,-126.991783,-256.0,129.007919,0.0,55.120899,-254.612335,-71.338455,139392000,0.592314,0.607157,16.000006
0.008302,16.0,0.385533,1047.4163518949408,55.166901,-254.650162,-71.329903,-253.9151,4425.94043,58079.859375,-71.068794,1.822924,0.001686,0.204064,3.9053,0.024846,0.113226,0.127318,3714.927979,0.067345,2.217085,0.020736,0.052567,0.020998,0.001083,2238.655869805813,-451.40094,-11802.99707,1351.613525,-1.2105,-5.942079,-253.490524,-70.983727,-127.032227,-256.0,128.967484,0.0,54.84111,-254.650223,-71.06884,139776000,0.586749,0.600515,15.99999
0.00801,16.0,0.386977,1048.1609357757936,55.550343,-254.312057,-71.282471,-253.560852,4450.220703,58314.261719,-71.034439,1.801197,0.001704,0.20197,3.905949,0.02487,0.112156,0.12689,3714.370361,0.06638,2.070659,0.020508,0.052014,0.020759,0.001075,2244.766444496314,-452.078918,-11827.873047,1321.400146,-1.211215,-5.950874,-253.137161,-70.945282,-126.971954,-256.0,129.027832,0.0,55.232697,-254.312042,-71.034584,140160000,0.586204,0.605797,16.000006
0.008098,16.0,0.379661,1047.5733938305025,55.477337,-254.095032,-70.913513,-253.334473,4445.163086,58164.875,-70.656227,1.598784,0.001661,0.196486,3.856528,0.025028,0.111673,0.12604,3650.299561,0.064198,1.081994,0.019841,0.050481,0.020052,0.001059,2250.8804467837017,-455.54126,-11921.182617,1287.545044,-1.219112,-5.981358,-252.887833,-70.555519,-127.532051,-255.999969,128.467575,0.0,55.152256,-254.095078,-70.656242,140544000,0.577497,0.597354,15.999978
0.007851,16.0,0.422756,1048.0231595956325,56.132801,-253.971085,-71.504593,-253.201523,4429.665039,57982.902344,-71.232552,1.877691,0.001775,0.210089,3.944619,0.025157,0.112201,0.128048,3735.092041,0.0649,2.271953,0.020813,0.052779,0.021066,0.00109,2256.9918645183247,-450.585907,-11815.40918,1330.051025,-1.203152,-5.937717,-252.802689,-71.155861,-126.948532,-255.999969,129.051163,0.0,55.826614,-253.970825,-71.232452,140928000,0.584002,0.605434,16.0
0.007723,16.0,0.39501,1047.8961139492403,56.423016,-254.234665,-71.516319,-253.481598,4394.051758,57579.84375,-71.241707,1.823574,0.00176,0.207397,3.930743,0.024868,0.113133,0.12776,3715.92627,0.066691,2.1042,0.020495,0.052043,0.020738,0.001081,2263.1038953940074,-450.863037,-11803.963867,1334.756104,-1.205629,-5.941228,-253.070892,-71.165154,-126.878174,-255.999969,129.12146,0.0,56.124115,-254.234909,-71.241966,141312000,0.579586,0.60122,15.999993
0.007707,16.0,0.354741,1047.2116264242338,56.220005,-254.149933,-71.671448,-253.392441,4388.950195,57506.933594,-71.40007,1.835124,0.001713,0.202943,3.924336,0.024953,0.11411,0.127088,3691.822998,0.066745,2.111454,0.020352,0.0517,0.020592,0.001076,2269.219970615705,-450.888702,-11838.960938,1317.125366,-1.214246,-5.943021,-252.981949,-71.313858,-127.051529,-255.999969,128.948242,0.0,55.916969,-254.150772,-71.39994,141696000,0.581637,0.608637,15.999975
0.007952,16.0,0.375683,1047.9853667731702,55.709965,-253.965118,-71.793129,-253.221558,4414.26123,57813.320312,-71.52446,1.577468,0.001691,0.19842,3.884155,0.025263,0.112532,0.126284,3637.71167,0.065638,1.074425,0.019843,0.050527,0.020052,0.001063,2275.331599120299,-455.946045,-11925.839844,1290.132935,-1.221237,-5.97341,-252.765076,-71.436157,-127.60025,-255.999969,128.399445,0.0,55.388988,-253.965439,-71.52433,142080000,0.576166,0.603758,15.99999
0.007634,16.0,0.352776,1047.8511230622216,56.075462,-253.998566,-71.958504,-253.240204,4389.523926,57506.289062,-71.682884,1.799835,0.001708,0.205161,3.959832,0.02532,0.110742,0.127157,3688.78418,0.062874,2.096812,0.020469,0.052026,0.020712,0.001084,2281.443992626667,-451.518158,-11822.070312,1334.207031,-1.217759,-5.951796,-252.819855,-71.59938,-127.047585,-256.0,128.952042,0.0,55.767551,-253.998108,-71.683006,142464000,0.57664,0.60779,15.999969
0.007688,16.0,0.414654,1046.9986685585864,56.051468,-254.800766,-72.428009,-254.057129,4385.578125,57674.296875,-72.133476,1.863534,0.001666,0.20654,3.95988,0.025376,0.113276,0.127999,3673.875732,0.067797,2.133635,0.02078,0.052719,0.021033,0.001091,2287.5613851388293,-450.897064,-11787.318359,1356.630615,-1.217248,-5.93689,-253.652771,-72.059799,-126.930489,-256.0,129.069138,0.0,55.744026,-254.801208,-72.133423,142848000,0.580002,0.607185,15.999996
0.007624,16.0,0.383245,1048.1279819248512,55.164837,-254.641617,-72.005966,-253.906387,4409.233398,57915.125,-71.765594,1.797271,0.001672,0.205142,3.951136,0.025336,0.11315,0.127697,3670.403076,0.06811,2.212754,0.020504,0.052117,0.020744,0.001087,2293.6720568617184,-451.181915,-11798.258789,1334.228394,-1.215851,-5.939057,-253.487793,-71.687943,-126.813194,-255.999969,129.186508,0.0,54.840958,-254.641754,-71.76548,143232000,0.580991,0.6031,15.999987
0.007765,16.0,0.382275,1047.3544104100847,55.275448,-254.208725,-71.898697,-253.431229,4417.191895,57908.246094,-71.630051,1.608613,0.001639,0.198791,3.899812,0.025362,0.112745,0.126389,3638.900879,0.066539,1.100628,0.019857,0.050567,0.020071,0.001064,2299.787238764763,-454.859924,-11926.769531,1282.142212,-1.222742,-5.97678,-253.01004,-71.542206,-127.540596,-256.0,128.459076,0.0,54.947399,-254.209351,-71.630066,143616000,0.576959,0.603999,15.99999
0.007726,16.0,0.410006,937.0211498574761,57.020245,-254.209641,-72.304642,-253.461929,4409.380859,57845.691406,-72.040512,1.890114,0.001703,0.205481,3.951158,0.025756,0.114681,0.129187,3679.219971,0.066962,2.099587,0.020998,0.053268,0.021262,0.001101,2306.6220364173255,-449.751465,-11797.134766,1342.342041,-1.206737,-5.927321,-253.057892,-71.97506,-126.897736,-255.999969,129.102036,0.0,56.735188,-254.210205,-72.04052,144000000,0.583085,0.608512,15.999994
0.007639,16.0,0.332139,1047.0800205503529,57.095604,-253.837585,-71.431755,-253.092438,4454.239746,58277.355469,-71.155266,1.80322,0.001677,0.205956,4.003463,0.025783,0.115582,0.129091,3707.577637,0.067939,1.947896,0.021087,0.053429,0.021336,0.001101,2312.7387808084486,-450.604706,-11794.069336,1362.868652,-1.196953,-5.918458,-252.685791,-71.081856,-127.063423,-255.999969,128.936279,0.0,56.809204,-253.837875,-71.155151,144384000,0.585475,0.607865,15.999998
0.007709,16.0,0.332043,1047.3371406258238,56.1698,-253.422073,-71.421486,-252.672607,4440.990723,58013.726562,-71.15921,1.819164,0.001739,0.205403,3.960948,0.025592,0.117541,0.129356,3710.962891,0.067726,1.939638,0.020953,0.053133,0.021206,0.001097,2318.854169134299,-451.780365,-11816.383789,1353.575439,-1.205691,-5.924891,-252.25444,-71.07428,-127.181664,-256.0,128.818176,0.0,55.863186,-253.422379,-71.159119,144768000,0.587691,0.613558,16.000006
0.00766,16.0,0.280052,1047.6065097428527,55.310524,-253.257202,-71.279945,-252.485123,4433.615234,57868.613281,-71.024414,1.637896,0.001743,0.203333,3.932095,0.02531,0.118418,0.129736,3688.105225,0.068972,1.098518,0.020888,0.052948,0.021124,0.001094,2324.968183437983,-454.669952,-11881.412109,1303.730713,-1.209464,-5.921653,-252.089203,-70.932579,-127.30452,-255.999969,128.69519,0.0,54.984352,-253.257034,-71.024467,145152000,0.588306,0.614343,15.999993
0.007824,16.0,0.33155,1047.4199313900629,54.269764,-252.709564,-71.219894,-251.953629,4446.506348,57916.867188,-70.954506,1.796492,0.001801,0.198963,3.891015,0.025315,0.118674,0.129143,3666.790039,0.064707,1.915357,0.020339,0.051681,0.020558,0.001078,2331.0830771525702,-452.875732,-11863.086914,1347.348022,-1.211777,-5.941993,-251.511536,-70.862877,-127.575615,-255.999969,128.424072,0.0,53.924416,-252.709351,-70.954674,145536000,0.583604,0.607084,15.999982
0.007848,16.0,0.336174,1048.1033647477284,55.409027,-252.501373,-71.273857,-251.729828,4417.625977,57492.96875,-71.020065,1.860894,0.001833,0.20508,3.941262,0.0254,0.118327,0.129383,3721.790283,0.066484,1.968644,0.020958,0.053125,0.021197,0.001097,2337.1938996513686,-451.452423,-11810.898438,1348.48999,-1.209923,-5.91191,-251.327103,-70.92334,-127.079468,-256.0,128.920166,0.0,55.088531,-252.501251,-71.019958,145920000,0.588812,0.622906,16.000006
0.007855,16.0,0.343346,1042.5879679554778,55.725533,-252.149765,-71.075409,-251.38324,4389.432129,57028.75,-70.821419,1.76994,0.001782,0.20381,3.94318,0.025582,0.11736,0.12896,3709.116943,0.067053,2.012731,0.02068,0.052494,0.020918,0.00109,2343.337130999565,-452.36026,-11840.438477,1325.80957,-1.203464,-5.914152,-250.967514,-70.733742,-127.139221,-255.999969,128.860596,0.0,55.41003,-252.149582,-70.821388,146304000,0.587343,0.610322,15.999992
0.007896,16.0,0.386676,1047.931743026141,55.852097,-252.383545,-70.827499,-251.623276,4391.45166,57088.117188,-70.575783,1.559775,0.001779,0.200029,3.934216,0.025447,0.115783,0.128228,3700.744629,0.065738,1.094719,0.020536,0.052154,0.02077,0.001085,2349.449135518074,-454.156982,-11877.523438,1283.105957,-1.211779,-5.928609,-251.192825,-70.477966,-127.064926,-255.999969,128.934799,0.0,55.537212,-252.383606,-70.575951,146688000,0.583558,0.603563,15.99999
0.007984,16.0,0.351841,1048.7761906177602,55.198978,-252.507263,-70.736641,-251.752731,4411.143066,57365.125,-70.475998,1.784671,0.001775,0.194915,3.880186,0.02551,0.113932,0.127178,3644.830566,0.062251,2.158002,0.019668,0.050139,0.019869,0.00106,2355.556146053473,-454.11795,-11870.234375,1332.150513,-1.224599,-5.972095,-251.275711,-70.36084,-127.482521,-256.0,128.517197,0.0,54.870327,-252.507858,-70.475891,147072000,0.582064,0.607194,15.99999
0.008111,16.0,0.450439,1048.3239831874428,55.742115,-253.575211,-71.567711,-252.836517,4382.294434,57298.617188,-71.291351,1.608053,0.001745,0.202579,3.922861,0.025788,0.114022,0.127076,3698.604248,0.064737,1.101675,0.020668,0.05252,0.02091,0.001094,2361.6657947619756,-453.99823,-11845.454102,1303.53418,-1.216109,-5.923018,-252.412918,-71.202011,-126.949699,-256.0,129.049927,0.0,55.425003,-253.574234,-71.291611,147456000,0.584294,0.607461,15.999982
0.007977,16.0,0.378172,1049.0072157239824,55.851734,-253.72702,-71.57869,-252.979553,4421.333008,57839.488281,-71.31572,1.762616,0.001746,0.199415,3.914129,0.025702,0.113139,0.125873,3684.175293,0.063827,2.075506,0.020531,0.052194,0.020773,0.001089,2367.771363377571,-452.216217,-11799.828125,1341.325684,-1.218516,-5.93341,-252.559998,-71.225082,-126.889526,-255.999969,129.110031,0.0,55.53812,-253.727417,-71.315575,147840000,0.581199,0.605576,16.000006
0.007776,16.0,0.45225,1048.1293283592804,55.430386,-254.276337,-71.412178,-253.571671,4393.992188,57592.835938,-71.153809,1.817933,0.001649,0.196269,3.902451,0.025674,0.111866,0.125481,3661.315186,0.063029,2.27844,0.020282,0.051583,0.020514,0.001079,2373.882093711694,-453.053406,-11816.097656,1330.869019,-1.218255,-5.942325,-253.113556,-71.062622,-126.939224,-256.0,129.06044,0.0,55.108833,-254.276703,-71.153748,148224000,0.578055,0.600253,16.000008
0.00769,16.0,0.360054,1049.1868255041663,55.487923,-253.849991,-71.344299,-253.062103,4429.743164,57944.371094,-71.099663,1.588642,0.001626,0.194377,3.858338,0.025816,0.110566,0.125183,3613.98999,0.061289,1.044116,0.01972,0.05028,0.019919,0.001064,2379.9867774009704,-456.769867,-11962.222656,1245.860962,-1.220709,-5.971612,-252.648026,-71.002716,-127.513054,-255.999969,128.486588,0.0,55.162312,-253.849289,-71.099709,148608000,0.577211,0.604413,15.999983
0.007538,16.0,0.392275,1048.3072838995604,57.076542,-254.42662,-71.23822,-253.690887,4403.025391,57721.648438,-70.977753,1.812763,0.001699,0.200099,3.900291,0.025595,0.110423,0.125661,3675.180908,0.062142,2.165048,0.020416,0.051965,0.020662,0.001089,2386.0966709454856,-452.72226,-11809.004883,1340.204346,-1.214748,-5.936255,-253.272583,-70.885849,-126.96476,-255.999969,129.034988,0.0,56.787907,-254.426804,-70.977837,148992000,0.578103,0.601819,16.000006
0.007527,16.0,0.402976,1047.8337141875595,56.703125,-254.975815,-71.283043,-254.258743,4411.945312,57965.078125,-71.006279,1.817551,0.001664,0.197766,3.886504,0.025272,0.110326,0.125681,3657.552246,0.063751,2.160024,0.02046,0.051993,0.020697,0.001084,2392.209068961938,-452.567078,-11802.865234,1343.499146,-1.210721,-5.934292,-253.837082,-70.9216,-126.938103,-256.0,129.061661,0.0,56.407017,-254.975418,-71.006279,149376000,0.572884,0.596531,15.999983
0.007498,16.0,0.338292,1048.8302484700757,56.046959,-254.937119,-71.326859,-254.20079,4457.961426,58560.0,-71.086716,1.772453,0.00164,0.19899,3.88011,0.025241,0.109458,0.124872,3673.881348,0.064504,2.08543,0.020358,0.051807,0.020592,0.001086,2398.315730293592,-453.503082,-11824.181641,1317.562866,-1.214978,-5.94725,-253.785553,-70.9972,-126.882538,-256.0,129.117065,0.0,55.737484,-254.936768,-71.086479,149760000,0.571487,0.600471,15.999984
0.007558,16.0,0.393032,1049.2152911119883,55.415062,-254.504608,-70.924812,-253.745209,4452.849121,58354.761719,-70.678368,1.533966,0.001601,0.195738,3.830649,0.025134,0.108125,0.12426,3630.306885,0.061442,1.023324,0.019813,0.050514,0.020022,0.001068,2404.4201029857,-457.322662,-11948.563477,1261.557495,-1.220875,-5.982162,-253.311188,-70.580017,-127.528023,-256.0,128.47168,0.0,55.08604,-254.50502,-70.678474,150144000,0.567579,0.590066,16.00001
0.007521,16.0,0.508753,1048.9428684511463,55.475651,-254.634521,-71.54567,-253.885941,4418.087402,57983.0625,-71.275291,1.824719,0.001686,0.204731,3.887856,0.025032,0.105915,0.124012,3699.750977,0.06333,2.240628,0.020679,0.052577,0.020927,0.001097,2410.526062075297,-452.466034,-11823.241211,1320.061279,-1.217297,-5.941957,-253.481689,-71.189636,-126.908424,-256.0,129.091309,0.0,55.154285,-254.63446,-71.275146,150528000,0.572023,0.596324,15.999987
0.007477,16.0,0.375865,1048.4181154669877,55.940281,-254.780807,-71.733681,-254.035126,4423.221191,58100.304688,-71.468948,1.784285,0.001661,0.203081,3.875072,0.02514,0.105554,0.124183,3682.770508,0.063001,2.029711,0.020409,0.051917,0.020641,0.001087,2416.635058482488,-452.807648,-11828.836914,1313.772461,-1.217143,-5.943108,-253.630615,-71.386452,-126.897926,-256.0,129.101791,0.0,55.629097,-254.781601,-71.46891,150912000,0.571358,0.59847,15.999978
0.007563,16.0,0.45145,1048.8858651946937,55.874493,-255.110825,-71.565514,-254.372223,4431.431641,58268.230469,-71.316452,1.783045,0.001664,0.202076,3.880986,0.025095,0.105522,0.123795,3677.975342,0.063276,1.998153,0.020193,0.051453,0.020415,0.001084,2422.7415412068367,-451.891907,-11802.054688,1333.893188,-1.217769,-5.952424,-253.957626,-71.230293,-126.840645,-255.999969,129.159058,0.0,55.564369,-255.109833,-71.31646,151296000,0.569681,0.597937,15.999969
0.007766,16.0,0.407329,1048.911834800399,56.135036,-254.781204,-71.454323,-254.026749,4419.073242,58021.796875,-71.20507,1.57875,0.001611,0.200674,3.839219,0.025079,0.105541,0.123777,3643.793701,0.062025,1.031166,0.019734,0.050338,0.019934,0.001067,2428.847606563568,-456.022064,-11935.339844,1277.191772,-1.223696,-5.984925,-253.590576,-71.113022,-127.565147,-255.999969,128.434464,0.0,55.82201,-254.781189,-71.205101,151680000,0.566365,0.593208,15.99999
0.007535,16.0,0.371753,1048.0380235235186,56.015118,-254.752335,-71.613647,-254.005386,4408.894531,57896.628906,-71.345009,1.782621,0.001766,0.210211,3.929335,0.02573,0.105566,0.124802,3715.862549,0.059695,2.001004,0.020391,0.051916,0.020626,0.00109,2434.9588656584424,-452.352081,-11823.225586,1320.424927,-1.212016,-5.95479,-253.588623,-71.265579,-126.912987,-256.0,129.086868,0.0,55.704983,-254.752014,-71.345177,152064000,0.571787,0.597501,15.999974
0.00748,16.0,0.453231,1048.107618037487,56.662197,-255.703827,-71.83152,-254.962769,4398.45459,57989.144531,-71.54985,1.815836,0.001694,0.209624,3.910655,0.025316,0.105173,0.124533,3691.743652,0.059097,2.129146,0.020177,0.051431,0.020398,0.001086,2441.069645766417,-451.133026,-11791.260742,1345.37439,-1.213805,-5.959822,-254.554138,-71.47139,-126.855103,-255.999969,129.144714,0.0,56.367634,-255.703537,-71.549957,152448000,0.570972,0.600111,15.999986
0.007566,16.0,0.373798,1048.6677201928396,56.612751,-255.797867,-71.695168,-255.071732,4384.722168,57819.664062,-71.455925,1.805175,0.00173,0.206917,3.893129,0.025131,0.104651,0.124128,3662.8396,0.06245,2.105299,0.019803,0.050556,0.020016,0.001074,2447.1772216161094,-450.934631,-11806.737305,1330.714233,-1.220145,-5.964906,-254.647659,-71.369659,-126.865028,-256.0,129.134735,0.0,56.31789,-255.798431,-71.455925,152832000,0.568529,0.599177,15.999958
0.007857,16.0,0.400904,1048.6350478476063,55.946453,-255.169495,-71.765923,-254.362045,4393.383789,57785.757812,-71.498184,1.57651,0.001693,0.199687,3.853585,0.02516,0.105495,0.124442,3617.489014,0.059717,1.033048,0.019137,0.048986,0.019322,0.001053,2453.2850461483004,-454.435242,-11962.236328,1248.070312,-1.219225,-6.005361,-253.965408,-71.413086,-127.558716,-255.999969,128.440903,0.0,55.631542,-255.170013,-71.498215,153216000,0.567438,0.600307,15.999989
0.007326,16.0,0.485581,914.5427865944803,57.464531,-255.60321,-71.763893,-254.862289,4362.331543,57484.566406,-71.511986,1.792213,0.001707,0.208079,3.908858,0.025157,0.105615,0.125546,3669.245605,0.061393,1.980301,0.020035,0.0511,0.020246,0.001082,2460.287641453743,-450.757996,-11791.595703,1337.135864,-1.210037,-5.956371,-254.45697,-71.436935,-126.779793,-255.999969,129.219818,0.0,57.185047,-255.603058,-71.512054,153600000,0.568873,0.599619,15.999978
0.007427,16.0,0.36274,1049.019932122525,55.755272,-255.36554,-71.439621,-254.612122,4429.20459,58282.148438,-71.162407,1.767257,0.001689,0.21122,3.965942,0.025057,0.105145,0.126754,3692.141846,0.061332,1.971987,0.020135,0.05137,0.020366,0.001087,2466.3930656790735,-450.980133,-11832.266602,1339.018066,-1.203393,-5.955781,-254.212189,-71.091805,-127.202927,-256.0,128.796783,0.0,55.441193,-255.365311,-71.162399,153984000,0.573602,0.589938,15.999965
0.007382,16.0,0.44634,1048.1565074303983,56.28931,-255.131805,-71.309578,-254.396515,4428.180176,58210.152344,-71.070068,1.712847,0.001689,0.209485,3.930746,0.024962,0.106056,0.125783,3695.914307,0.06375,1.814256,0.020188,0.0515,0.020422,0.001089,2472.5035797317823,-452.772125,-11839.336914,1325.742432,-1.214211,-5.95562,-253.974899,-70.984558,-127.12307,-255.999969,128.876785,0.0,55.984795,-255.132431,-71.070175,154368000,0.573631,0.593839,15.999948
0.007421,16.0,0.508791,1048.9259185451122,56.284801,-255.206787,-71.283997,-254.435699,4411.79248,58002.976562,-71.028542,1.582521,0.00164,0.205219,3.905145,0.024468,0.105342,0.125304,3675.44751,0.063488,1.062774,0.020113,0.05132,0.020342,0.001086,2478.609739836057,-454.029327,-11887.4375,1280.268311,-1.213831,-5.955812,-254.049545,-70.939003,-127.136475,-255.999969,128.86322,0.0,55.9785,-255.206268,-71.028549,154752000,0.575815,0.600795,15.999958
0.007496,16.0,0.32915,1048.1016603040644,55.262718,-254.855576,-71.247612,-254.094315,4435.346191,58235.707031,-70.989853,1.779306,0.001638,0.203527,3.885001,0.024391,0.104828,0.125415,3689.52124,0.064102,1.861208,0.019625,0.050133,0.019843,0.001066,2484.720600827535,-453.322998,-11880.128906,1331.199585,-1.218511,-5.989701,-253.658752,-70.896408,-127.579849,-255.999969,128.41983,0.0,54.934753,-254.854919,-70.989922,155136000,0.571378,0.597585,15.99999
0.007097,16.0,0.406987,1048.9553161737663,55.934067,-254.530136,-71.551544,-253.75592,4444.655273,58308.441406,-71.279053,1.796295,0.001688,0.208718,3.931811,0.02482,0.105185,0.12585,3728.92627,0.065489,2.070255,0.020359,0.051891,0.020605,0.001093,2490.826466067632,-451.842316,-11843.186523,1314.106567,-1.215177,-5.948917,-253.364899,-71.190346,-127.054573,-256.0,128.945221,0.0,55.622673,-254.529358,-71.279144,155520000,0.576781,0.607053,16.00001
0.007338,16.0,0.410067,1048.047030330588,56.201984,-254.491043,-71.787231,-253.726456,4407.76709,57840.398438,-71.519089,1.785181,0.001706,0.209633,3.926701,0.025091,0.106764,0.12556,3737.605225,0.065811,1.918681,0.020164,0.051409,0.020408,0.001084,2496.9376613020895,-452.267883,-11828.292969,1334.162598,-1.220017,-5.956973,-253.317871,-71.432076,-127.101875,-256.0,128.89769,0.0,55.896214,-254.491074,-71.519051,155904000,0.576503,0.602898,15.999979
0.007123,16.0,0.433766,1048.786695511576,56.401821,-254.478012,-72.027122,-253.717377,4394.931152,57689.648438,-71.772247,1.581369,0.001714,0.2112,3.949046,0.024957,0.105818,0.124685,3770.322998,0.065062,1.072332,0.020221,0.051587,0.020473,0.001089,2503.044508822759,-454.212708,-11857.419922,1285.170898,-1.223849,-5.956807,-253.306168,-71.688057,-126.883698,-255.999969,129.115952,0.0,56.099781,-254.4785,-71.772163,156288000,0.574099,0.600281,15.999959
0.007466,16.0,0.367294,1047.7754156785309,55.696239,-254.492233,-71.704102,-253.756226,4442.106934,58292.542969,-71.44709,1.828097,0.001699,0.201642,3.890889,0.025081,0.107213,0.123979,3713.314941,0.064412,2.125683,0.019704,0.05033,0.019922,0.00107,2509.1591229716937,-454.538239,-11843.959961,1363.551514,-1.227214,-5.990624,-253.289032,-71.351967,-127.529739,-255.999969,128.470078,0.0,55.376251,-254.491669,-71.446899,156672000,0.568002,0.60149,15.999987
0.007481,16.0,0.364417,1049.0514723351926,56.12117,-255.125687,-71.803154,-254.375763,4406.502441,57966.144531,-71.548111,1.594236,0.001767,0.208373,3.927031,0.025148,0.107016,0.124713,3766.5979,0.064935,1.085872,0.020574,0.052397,0.020832,0.001099,2515.2645732919377,-453.703796,-11842.919922,1312.189941,-1.222094,-5.946856,-253.977493,-71.461617,-127.014069,-255.999969,128.985672,0.0,55.812904,-255.126312,-71.548286,157056000,0.573381,0.599884,15.999983
0.007456,16.0,0.5195,1048.76576993277,56.04351,-255.160553,-72.025093,-254.430939,4424.200684,58229.972656,-71.732582,1.875961,0.001759,0.210418,3.9344,0.02543,0.107763,0.125102,3754.955078,0.065111,2.039349,0.020444,0.052114,0.020693,0.001098,2521.3716026107472,-451.617401,-11774.329102,1365.803711,-1.224198,-5.948498,-254.011429,-71.646515,-126.885078,-256.0,129.114716,0.0,55.735313,-255.160629,-71.732605,157440000,0.57245,0.601695,15.999996
0.007475,16.0,0.435541,1048.3494616461182,55.862667,-255.173706,-71.896774,-254.460266,4430.196289,58303.8125,-71.668106,1.83867,0.001751,0.206542,3.920624,0.025551,0.108359,0.12478,3722.54126,0.063329,2.171987,0.020209,0.051559,0.020443,0.001091,2527.4812740445136,-452.021149,-11811.205078,1334.713623,-1.225821,-5.949367,-254.02449,-71.578499,-126.938919,-256.0,129.060684,0.0,55.551407,-255.173294,-71.66806,157824000,0.571684,0.602585,16.000002
0.007562,16.0,0.457682,1048.8875687745308,55.566555,-255.243683,-71.771095,-254.467285,4454.62207,58618.113281,-71.518631,1.581392,0.00168,0.199042,3.865676,0.025222,0.108549,0.123811,3675.422607,0.061562,1.049433,0.019693,0.050314,0.019902,0.001072,2533.587510561943,-456.021454,-11918.905273,1289.938232,-1.227281,-5.984377,-254.062668,-71.42643,-127.528259,-256.0,128.471573,0.0,55.242626,-255.244431,-71.518608,158208000,0.567323,0.598915,15.999971
0.00756,16.0,0.315667,1048.643044201087,55.497574,-255.388885,-71.863678,-254.64949,4430.055176,58342.984375,-71.590515,1.827301,0.00173,0.206226,3.919964,0.025052,0.107172,0.124966,3731.736572,0.062189,2.090071,0.020603,0.052485,0.020845,0.001104,2539.6952714482945,-451.776337,-11789.444336,1355.736084,-1.211964,-5.942158,-254.250458,-71.513397,-126.934273,-255.999969,129.065414,0.0,55.177319,-255.388519,-71.590149,158592000,0.573672,0.602783,15.999993
0.007621,16.0,0.378775,1047.9523237281287,56.230766,-255.338638,-71.710091,-254.616272,4440.302246,58455.605469,-71.44001,1.821928,0.001719,0.206589,3.910726,0.024971,0.107336,0.124007,3726.306396,0.064945,2.095176,0.020587,0.052511,0.020832,0.001109,2545.8069579044977,-451.786743,-11770.369141,1371.795532,-1.217452,-5.943316,-254.20047,-71.358177,-126.903854,-256.0,129.095886,0.0,55.926895,-255.338623,-71.440086,158976000,0.568082,0.594969,15.99998
0.007449,16.0,0.357648,1047.9381215663557,56.6203,-255.131836,-71.671791,-254.389313,4462.058105,58689.898438,-71.435455,1.834344,0.001731,0.206141,3.906636,0.025007,0.10817,0.124188,3730.284668,0.063808,1.93818,0.020502,0.052272,0.020734,0.001104,2551.9188371539117,-452.348022,-11799.875977,1334.577637,-1.219477,-5.937871,-253.994125,-71.34565,-126.821106,-255.999969,129.17865,0.0,56.324253,-255.131226,-71.435402,159360000,0.570477,0.6067,15.999996
0.007698,16.0,0.351957,1049.2132905132619,56.030357,-254.814789,-71.332535,-254.062241,4468.695312,58675.632812,-71.086327,1.576602,0.001659,0.200962,3.860407,0.02504,0.108753,0.123678,3682.766357,0.063648,1.045731,0.019875,0.050765,0.020083,0.001081,2558.0233121116958,-456.208954,-11927.880859,1284.944702,-1.221651,-5.972306,-253.637421,-70.990532,-127.566277,-256.0,128.433411,0.0,55.714321,-254.815079,-71.086487,159744000,0.566566,0.600305,15.999969
0.007229,16.0,0.28791,1047.9699997490188,56.20261,-254.805542,-71.40757,-254.062225,4444.45459,58363.488281,-71.14122,1.863263,0.001779,0.206556,3.924765,0.02491,0.106676,0.123727,3729.828369,0.065021,2.12115,0.020844,0.053059,0.02108,0.001113,2564.134973359108,-451.660461,-11806.919922,1336.512573,-1.212322,-5.924003,-253.677231,-71.05529,-126.917778,-255.999969,129.081955,0.0,55.898083,-254.805832,-71.141258,160128000,0.567716,0.601186,15.999945
0.007365,16.0,0.407363,1048.8316998423231,55.739243,-254.671982,-71.772362,-253.921097,4461.525391,58586.921875,-71.504944,1.844699,0.001783,0.208455,3.924774,0.025198,0.108439,0.124642,3720.776855,0.064685,2.023424,0.020684,0.052683,0.020918,0.001108,2570.241560002168,-451.781067,-11816.670898,1331.323608,-1.219195,-5.931499,-253.533768,-71.416016,-126.962585,-255.999969,129.037186,0.0,55.425026,-254.671982,-71.504982,160512000,0.566166,0.608025,15.999947
0.007424,16.0,0.315946,1047.8588722664924,55.895119,-254.454437,-71.934586,-253.707169,4502.099121,59086.632812,-71.676376,1.835474,0.001782,0.207675,3.919589,0.025233,0.109224,0.124505,3727.848389,0.064471,2.074722,0.020451,0.052119,0.020673,0.0011,2576.3538884361583,-452.394287,-11811.34082,1342.171387,-1.220734,-5.930407,-253.311981,-71.589935,-127.011513,-255.999969,128.98822,0.0,55.583881,-254.453751,-71.67627,160896000,0.565968,0.606816,15.999955
0.007518,16.0,0.433532,1049.0988179861392,55.306599,-253.744827,-71.591393,-252.977249,4482.204102,58630.820312,-71.328476,1.593316,0.001695,0.20377,3.880487,0.024935,0.110453,0.124504,3673.416992,0.064216,1.035246,0.019801,0.050573,0.020001,0.001077,2582.4589792966844,-456.341675,-11943.178711,1269.644653,-1.221044,-5.965325,-252.556122,-71.23835,-127.564842,-256.0,128.43483,0.0,54.975811,-253.745026,-71.32859,161280000,0.560546,0.600051,15.999947
0.007213,16.0,0.431982,1048.2022217335336,55.967609,-253.16127,-72.085709,-252.387054,4470.674805,58389.28125,-71.80883,1.818431,0.001803,0.214065,3.957421,0.025168,0.109894,0.125503,3737.489014,0.062768,2.037688,0.020923,0.053253,0.021169,0.001116,2588.5693171024323,-452.769653,-11826.231445,1312.12207,-1.214937,-5.918405,-252.005234,-71.73069,-126.855614,-256.0,129.144058,0.0,55.657318,-253.161606,-71.8088,161664000,0.56723,0.607728,15.99995
0.007598,16.0,0.487845,1048.9438521800676,55.961235,-253.674271,-72.229668,-252.924393,4434.960449,58055.742188,-71.961487,1.847638,0.001717,0.209188,3.937443,0.025081,0.110178,0.125871,3689.929688,0.065467,2.092363,0.020572,0.052391,0.020807,0.001101,2594.675790087382,-451.644897,-11791.318359,1353.012329,-1.228486,-5.931942,-252.515976,-71.876068,-126.926613,-255.999969,129.073074,0.0,55.649696,-253.67421,-71.961578,162048000,0.564371,0.601113,15.999978
0.007332,16.0,0.369432,1048.8468018650285,55.545845,-253.697159,-72.355484,-252.935394,4468.083984,58501.457031,-72.078644,1.874296,0.00169,0.21065,3.943002,0.025099,0.109557,0.126144,3716.085205,0.064132,2.067251,0.020271,0.051778,0.0205,0.001101,2600.782429822286,-452.616455,-11814.581055,1328.890259,-1.229395,-5.946048,-252.523804,-71.992508,-126.90863,-255.999969,129.09108,0.0,55.227318,-253.696854,-72.078407,162432000,0.566884,0.605279,15.999969
0.007717,16.0,0.346378,1048.1034172656884,55.687855,-252.908646,-72.424194,-252.114456,4494.222168,58665.683594,-72.19072,1.603322,0.001636,0.206033,3.899209,0.025347,0.109881,0.126197,3695.979004,0.062556,1.030809,0.019764,0.050484,0.019966,0.001075,2606.893261396885,-456.05307,-11945.609375,1262.131348,-1.234963,-5.973973,-251.692032,-72.101158,-127.516991,-256.0,128.482681,0.0,55.365746,-252.908844,-72.190849,162816000,0.564711,0.605149,15.999996
0.00725,16.0,0.408541,932.0994983032931,56.770615,-253.682083,-71.837372,-252.930679,4438.337891,58063.125,-71.582573,1.827281,0.001681,0.213479,3.945314,0.025031,0.109934,0.126997,3775.400635,0.066417,2.073319,0.020547,0.052322,0.020791,0.001098,2613.7641007264456,-451.721313,-11793.517578,1347.064819,-1.221776,-5.93653,-252.517807,-71.498009,-126.888809,-256.0,129.110916,0.0,56.477074,-253.682037,-71.582382,163200000,0.568563,0.597147,16.000002
0.007221,16.0,0.325155,1048.7398369230393,55.762722,-253.066727,-71.573792,-252.304199,4510.291504,58841.507812,-71.301498,1.761376,0.001721,0.216537,4.001022,0.025291,0.110068,0.128313,3782.675293,0.066821,1.9983,0.020716,0.052768,0.020969,0.001108,2619.8713559826215,-451.712524,-11815.429688,1341.019287,-1.207393,-5.927993,-251.896896,-71.228355,-127.047394,-256.0,128.952209,0.0,55.448246,-253.066666,-71.301605,163584000,0.570412,0.592923,15.999997
0.007376,16.0,0.319588,1047.5520076824903,56.208519,-253.145126,-71.478485,-252.38298,4485.087402,58521.65625,-71.217934,1.795081,0.001685,0.215577,3.946094,0.025343,0.110679,0.127947,3786.205322,0.06544,2.033805,0.02052,0.052308,0.02077,0.001102,2625.9854899366696,-453.377991,-11830.15332,1339.382935,-1.216624,-5.942718,-251.960266,-71.131966,-127.161186,-256.0,128.83847,0.0,55.901718,-253.144806,-71.217834,163968000,0.574019,0.596202,15.999997
0.007214,16.0,0.295171,1048.546247500227,56.074436,-253.247849,-71.803238,-252.457367,4467.29834,58335.550781,-71.549995,1.597806,0.001674,0.214668,3.933455,0.025257,0.110897,0.128686,3784.145508,0.067572,1.054837,0.020252,0.051703,0.020496,0.001095,2632.09398141702,-454.990082,-11898.938477,1282.063599,-1.213879,-5.954031,-252.054977,-71.470116,-127.260063,-255.999969,128.739563,0.0,55.763065,-253.247147,-71.550018,164352000,0.570899,0.602978,16.000034
0.007398,16.0,0.363776,1048.9502102558677,55.53487,-253.31044,-70.957573,-252.543625,4470.808105,58325.546875,-70.72229,1.71341,0.001656,0.210111,3.903506,0.025601,0.112031,0.127901,3775.04126,0.065339,1.881018,0.019982,0.051087,0.020211,0.001089,2638.2000056346255,-454.170868,-11903.879883,1308.215454,-1.222103,-5.978553,-252.095566,-70.622208,-127.579308,-255.999969,128.420441,0.0,55.212082,-253.310165,-70.722313,164736000,0.56745,0.592521,15.999983
0.007203,16.0,0.491295,1047.9241972894667,55.791561,-253.301147,-71.158035,-252.519562,4482.289551,58487.578125,-70.904167,1.748178,0.001676,0.215798,3.946548,0.025632,0.111803,0.128901,3795.017578,0.06629,1.936413,0.020433,0.052183,0.020686,0.001106,2644.3119000355405,-453.159576,-11845.954102,1326.920654,-1.217391,-5.949119,-252.112534,-70.809341,-127.196877,-256.0,128.802765,0.0,55.475933,-253.301834,-70.904228,165120000,0.575176,0.599354,15.999987
0.00744,16.0,0.353806,1048.5275356374218,55.36676,-253.231201,-71.101631,-252.459167,4485.771484,58514.253906,-70.851288,1.684226,0.001672,0.212017,3.942698,0.025448,0.112355,0.127993,3770.021729,0.065003,1.867753,0.020394,0.052028,0.020636,0.0011,2650.4202135364217,-454.329651,-11845.756836,1329.928345,-1.215775,-5.950846,-252.039825,-70.756241,-127.213364,-256.0,128.78624,0.0,55.041187,-253.231873,-70.851242,165504000,0.574583,0.600954,16.000002
0.007422,16.0,0.363504,1048.445495839036,55.78109,-253.588623,-71.274803,-252.81572,4467.84375,58378.605469,-71.00959,1.568572,0.001697,0.208495,3.938943,0.02563,0.112072,0.127409,3752.328857,0.063169,1.036301,0.020164,0.051533,0.020401,0.001097,2656.529091787338,-456.050873,-11860.382812,1295.05542,-1.223915,-5.958674,-252.398499,-70.907883,-126.994293,-255.999969,129.005402,0.0,55.463577,-253.589188,-71.009789,165888000,0.570643,0.604302,15.999989
0.007663,16.0,0.293168,1048.550068182656,55.784199,-253.570618,-71.249924,-252.807663,4484.967773,58598.726562,-70.99482,1.794091,0.001615,0.201814,3.883575,0.025702,0.114395,0.126327,3698.787842,0.06272,2.037619,0.019516,0.049987,0.019723,0.001075,2662.6373506148657,-454.856628,-11865.891602,1342.505981,-1.229734,-5.991908,-252.350388,-70.887077,-127.535271,-255.999969,128.464447,0.0,55.466557,-253.570831,-70.994553,166272000,0.563925,0.603325,15.999998
0.007274,16.0,0.31293,1048.7371108731147,57.09935,-254.579178,-71.697365,-253.837143,4430.465332,58151.488281,-71.443298,1.56664,0.001671,0.20562,3.920404,0.025714,0.112267,0.125712,3730.621582,0.064061,1.051625,0.020454,0.052166,0.020702,0.001101,2668.7446694453556,-454.479401,-11842.500977,1315.285034,-1.223357,-5.940488,-253.429138,-71.353195,-127.033058,-256.0,128.966583,0.0,56.810116,-254.579681,-71.444008,166656000,0.566825,0.600817,15.999984
0.007639,16.0,0.275444,1048.2397115975232,56.123928,-254.702057,-71.388123,-253.957428,4444.15332,58330.246094,-71.133583,1.758217,0.001697,0.202971,3.911171,0.025502,0.110946,0.124721,3712.446045,0.063034,1.956201,0.020255,0.051701,0.020492,0.001095,2674.8547460238137,-452.649994,-11774.399414,1369.544556,-1.22603,-5.954187,-253.543289,-71.037521,-126.912979,-255.999969,129.0867,0.0,55.814629,-254.701935,-71.133858,167040000,0.561987,0.593777,15.999959
0.007466,16.0,0.22481,1049.0119129393092,56.590782,-254.887955,-71.294174,-254.16008,4457.002441,58534.351562,-71.056908,1.766855,0.001606,0.199521,3.9009,0.025087,0.109515,0.124479,3684.467529,0.06105,1.873943,0.01992,0.050936,0.020143,0.001087,2680.9602853417396,-453.122314,-11783.126953,1351.214844,-1.223713,-5.962222,-253.725906,-70.960365,-126.812393,-256.0,129.187286,0.0,56.293941,-254.888138,-71.057068,167424000,0.559961,0.596174,15.999989
0.007483,16.0,0.219766,1048.4183386318161,55.795319,-255.064163,-71.19236,-254.287247,4487.998047,58962.976562,-70.946602,1.535426,0.00155,0.195247,3.857234,0.024878,0.108699,0.122859,3668.452881,0.058933,0.997378,0.019426,0.049735,0.019625,0.001068,2687.0693979819616,-456.997711,-11918.522461,1288.844116,-1.221986,-5.994419,-253.873825,-70.849869,-127.503677,-256.0,128.49614,0.0,55.475052,-255.064453,-70.946548,167808000,0.558206,0.59493,15.99999
0.00741,16.0,0.313262,1049.1683634634417,55.906563,-255.743973,-71.162498,-255.008728,4455.258789,58688.902344,-70.909462,1.759701,0.001548,0.200509,3.887246,0.024499,0.10879,0.124085,3698.463623,0.061349,1.957275,0.020202,0.05157,0.020441,0.001093,2693.1740677952766,-452.488251,-11785.983398,1372.754639,-1.212894,-5.955458,-254.605209,-70.822876,-127.062729,-256.0,128.937057,0.0,55.594498,-255.743698,-70.909325,168192000,0.561139,0.592031,16.000006
0.007361,16.0,0.374446,1048.4302716051059,56.383816,-255.842865,-71.013245,-255.111038,4456.246094,58710.675781,-70.751617,1.765806,0.001534,0.199759,3.883118,0.024541,0.108604,0.123841,3702.688721,0.061482,1.976522,0.020362,0.05194,0.020599,0.001098,2699.283073739211,-452.408325,-11777.289062,1363.862061,-1.209289,-5.942121,-254.720428,-70.66835,-126.887924,-255.999969,129.111847,0.0,56.081451,-255.843033,-70.751907,168576000,0.560844,0.586999,16.000013
0.00727,16.0,0.429825,1048.9017577466852,56.238979,-255.459183,-71.3582,-254.713211,4477.811523,58937.582031,-71.091164,1.71742,0.001478,0.199191,3.876338,0.024579,0.108173,0.12329,3683.814941,0.061069,1.873278,0.020138,0.051465,0.020369,0.001096,2705.389489118258,-454.269958,-11807.499023,1335.921265,-1.21565,-5.948484,-254.318954,-71.00428,-126.891342,-256.0,129.108292,0.0,55.931812,-255.459137,-71.09108,168960000,0.566844,0.594652,15.999971
0.007417,16.0,0.502751,1048.3340416366518,55.944275,-254.833649,-71.785095,-254.080246,4485.206055,58931.289062,-71.503441,1.553772,0.001435,0.196274,3.835406,0.024732,0.109011,0.12355,3653.551025,0.057911,0.9909,0.019484,0.049886,0.019682,0.001072,2711.4990246971447,-457.914734,-11922.775391,1287.437866,-1.222226,-5.992974,-253.640686,-71.418846,-127.522667,-255.999969,128.477036,0.0,55.626045,-254.833832,-71.503418,169344000,0.557106,0.59344,16.000023
0.007228,16.0,0.432766,1048.6712686442042,56.170555,-255.056824,-72.227325,-254.291626,4463.388184,58730.421875,-71.953705,1.811668,0.001483,0.201071,3.896797,0.024959,0.107922,0.123583,3737.216064,0.059206,1.900457,0.020301,0.051802,0.020533,0.001097,2717.606641793251,-453.206329,-11816.578125,1334.210693,-1.216127,-5.949491,-253.909378,-71.877403,-126.976227,-256.0,129.023544,0.0,55.863167,-255.05629,-71.953796,169728000,0.56445,0.607473,15.99999
0.006938,16.0,0.408759,1048.5531257043385,56.610775,-255.176285,-72.315155,-254.425552,4463.616211,58770.28125,-72.033882,1.782511,0.00152,0.201763,3.891662,0.025142,0.109258,0.123337,3729.554688,0.061567,1.910537,0.020406,0.052045,0.020634,0.0011,2723.7149267991385,-454.116669,-11800.938477,1336.157104,-1.215082,-5.935702,-254.044418,-71.959663,-126.829475,-256.0,129.170181,0.0,56.311375,-255.17572,-72.033585,170112000,0.565165,0.608303,15.999993
0.007147,16.0,0.370488,1047.7414677818017,56.481777,-254.908203,-71.978172,-254.158615,4477.06543,58859.808594,-71.73127,1.789907,0.001513,0.201305,3.891758,0.024993,0.109586,0.122646,3720.772217,0.062378,1.926133,0.020325,0.051854,0.020544,0.001098,2729.8278765598934,-453.896423,-11818.101562,1322.70459,-1.223315,-5.942575,-253.766327,-71.643486,-126.869194,-255.999969,129.130493,0.0,56.180717,-254.907791,-71.731277,170496000,0.559905,0.606954,15.99998
0.007419,16.0,0.332182,1049.0223890766727,55.538376,-254.234497,-71.821442,-253.458252,4491.933105,58886.792969,-71.570297,1.551074,0.001507,0.199353,3.854251,0.025278,0.11032,0.122428,3706.519043,0.062001,0.993076,0.019863,0.050763,0.020066,0.001083,2735.9334226528804,-457.695526,-11951.563477,1261.844604,-1.225562,-5.974169,-253.047226,-71.47908,-127.557251,-256.0,128.442368,0.0,55.211098,-254.23494,-71.570251,170880000,0.559162,0.602364,16.000002
0.006997,16.0,0.326927,1048.8417243239933,56.018394,-253.981537,-72.005501,-253.222305,4496.771484,58910.648438,-71.742928,1.78853,0.001647,0.206164,3.924217,0.025413,0.109911,0.122861,3766.105225,0.064899,1.989864,0.020873,0.05315,0.021116,0.001116,2742.040071062247,-453.213501,-11820.956055,1318.874023,-1.218899,-5.927207,-252.834351,-71.661522,-126.866188,-256.0,129.133469,0.0,55.707531,-253.981689,-71.742836,171264000,0.564176,0.602835,16.000002
0.00704,16.0,0.258289,1047.848271422076,56.791714,-254.013565,-71.883049,-253.244034,4489.174316,58805.371094,-71.622833,1.81953,0.001672,0.206264,3.917913,0.02536,0.109856,0.122896,3758.090576,0.066419,1.981748,0.020632,0.052621,0.020866,0.001112,2748.152478547891,-452.719147,-11814.578125,1324.511353,-1.213843,-5.931526,-252.861191,-71.542931,-126.863792,-255.999969,129.135941,0.0,56.496918,-254.013519,-71.623039,171648000,0.567211,0.606134,15.999996
0.006919,16.0,0.167513,1047.6571473879906,56.782463,-253.795288,-71.614723,-253.052887,4486.208496,58701.503906,-71.376709,1.812008,0.001652,0.202544,3.901427,0.025068,0.111844,0.122516,3726.347412,0.065698,1.92707,0.020552,0.052381,0.020772,0.001106,2754.2659392197925,-452.825287,-11819.170898,1321.708008,-1.215041,-5.920866,-252.649063,-71.290237,-126.880325,-255.999969,129.119415,0.0,56.489407,-253.795044,-71.376663,172032000,0.56761,0.606625,15.999997
0.006905,16.0,0.196109,1048.8531649116048,55.973442,-253.64122,-71.421295,-252.866699,4486.012207,58641.5625,-71.181351,1.574432,0.001593,0.201532,3.859,0.024909,0.113558,0.122526,3693.583984,0.065725,1.029995,0.020146,0.051468,0.020351,0.001097,2760.372460401058,-456.248047,-11943.56543,1266.681763,-1.219424,-5.952314,-252.462494,-71.090118,-127.54023,-255.999969,128.459488,0.0,55.657475,-253.640823,-71.181374,172416000,0.561749,0.599411,16.000032
0.006997,16.0,0.308202,916.4433337831339,57.05278,-253.557144,-72.038872,-252.783585,4485.295898,58669.683594,-71.751221,1.918389,0.001692,0.207141,3.90516,0.025061,0.114233,0.123809,3738.981201,0.066614,2.00615,0.020854,0.053155,0.0211,0.00112,2767.3605185349784,-451.841064,-11815.999023,1335.254761,-1.215379,-5.926254,-252.400146,-71.667343,-126.99395,-256.0,129.005753,0.0,56.765133,-253.557678,-71.751213,172800000,0.570145,0.615786,15.99999
0.007076,16.0,0.364892,1048.1483957154564,56.33836,-253.071899,-71.701134,-252.313995,4548.726562,59362.148438,-71.444977,1.771047,0.001634,0.206435,3.959233,0.02507,0.113727,0.124576,3730.856934,0.065623,1.856097,0.020787,0.052993,0.021023,0.001118,2773.4710418423015,-451.429077,-11816.557617,1346.784302,-1.203099,-5.920936,-251.908707,-71.370705,-127.118935,-256.0,128.880692,0.0,56.034725,-253.072418,-71.444862,173184000,0.572691,0.608865,16.000023
0.006788,16.0,0.36161,1048.7083509538568,56.810268,-252.985687,-71.605721,-252.217255,4507.237305,58792.820312,-71.330589,1.783726,0.00162,0.209435,3.919007,0.024961,0.114822,0.125264,3724.522217,0.065096,1.886381,0.0206,0.052566,0.02083,0.001114,2779.5782977581025,-452.930328,-11831.463867,1329.281738,-1.21571,-5.921593,-251.821594,-71.243309,-127.078163,-255.999969,128.921555,0.0,56.516697,-252.986084,-71.330475,173568000,0.570287,0.60483,16.000017
0.007018,16.0,0.339731,1048.6701399923588,56.646385,-252.791794,-71.813782,-252.023407,4542.239746,59223.429688,-71.577515,1.593702,0.001613,0.209718,3.913068,0.024748,0.11498,0.125428,3737.147705,0.063776,1.051776,0.020449,0.052255,0.020675,0.001113,2785.685822757085,-455.884369,-11890.741211,1284.630615,-1.217797,-5.928512,-251.61647,-71.488091,-127.19474,-255.999969,128.804977,0.0,56.345474,-252.79158,-71.577438,173952000,0.569496,0.614568,16.000025
0.00717,16.0,0.317501,1048.7590924442932,55.815258,-253.178513,-71.001221,-252.421875,4512.273438,58844.46875,-70.77623,1.679046,0.001553,0.206416,3.880743,0.024872,0.116119,0.12492,3712.813232,0.062144,1.777559,0.020158,0.05148,0.020371,0.001095,2791.792841231823,-453.441376,-11886.796875,1324.127197,-1.224064,-5.952598,-251.989456,-70.677567,-127.574905,-256.0,128.424774,0.0,55.499317,-253.178909,-70.776222,174336000,0.564053,0.588289,16.000017
0.007104,16.0,0.326694,1047.6624151835158,56.240154,-252.882477,-71.400116,-252.097427,4548.538574,59282.601562,-71.126694,1.741128,0.001637,0.210299,3.940588,0.02535,0.113631,0.124689,3767.671631,0.062772,1.774638,0.020671,0.052737,0.020903,0.001116,2797.9062262972197,-452.991211,-11833.751953,1332.294556,-1.217527,-5.936267,-251.700439,-71.035233,-127.130737,-255.999969,128.868927,0.0,55.933529,-252.882751,-71.12664,174720000,0.570786,0.601174,16.000011
0.006857,16.0,0.276224,1048.7493290411273,57.302177,-252.893463,-71.483215,-252.133347,4534.603516,59120.015625,-71.220337,1.786668,0.001632,0.208555,3.927227,0.025444,0.111564,0.124569,3755.061035,0.061687,1.789461,0.020505,0.052379,0.020734,0.001114,2804.0132630546887,-453.217194,-11812.941406,1345.875,-1.217054,-5.94066,-251.708725,-71.131325,-127.055771,-256.0,128.943878,0.0,57.017448,-252.893661,-71.220352,175104000,0.565444,0.601012,16.000004
0.006925,16.0,0.211083,1048.7543995415203,55.89669,-253.403854,-71.560287,-252.635178,4531.412598,59197.113281,-71.30867,1.597362,0.00163,0.207539,3.932989,0.025406,0.110067,0.124434,3756.022705,0.060866,1.026131,0.020265,0.051864,0.02049,0.001111,2810.1204393665,-455.586426,-11864.162109,1290.898926,-1.216199,-5.949247,-252.223755,-71.222107,-126.994934,-255.999969,129.004776,0.0,55.580681,-253.40419,-71.308815,175488000,0.562598,0.602144,16.000029
0.007227,16.0,0.194244,1048.0381108152196,55.516171,-253.441833,-71.388268,-252.687241,4558.608398,59548.40625,-71.131195,1.803404,0.00158,0.201236,3.877593,0.0255,0.110046,0.123193,3709.396973,0.059329,1.988315,0.019574,0.050192,0.019765,0.001085,2816.2315858920415,-454.88269,-11869.21875,1336.457031,-1.228957,-5.98343,-252.229065,-71.027496,-127.507927,-255.999969,128.49176,0.0,55.191124,-253.442337,-71.131248,175872000,0.560739,0.602533,16.000013
0.006748,16.0,0.302788,1048.0818328275466,56.36755,-254.56781,-71.64753,-253.823349,4500.957031,59070.117188,-71.386505,1.611494,0.001692,0.20383,3.912683,0.025654,0.109197,0.122974,3734.239746,0.062171,1.062675,0.020656,0.052771,0.020899,0.001122,2822.3426278988522,-454.88382,-11838.493164,1313.880859,-1.212001,-5.934995,-253.423492,-71.305885,-126.974541,-256.0,129.025146,0.0,56.062729,-254.567642,-71.386528,176256000,0.565632,0.601715,16.000002
0.006757,16.0,0.239134,1049.4047927136767,55.503838,-254.927643,-71.642586,-254.197784,4521.122559,59419.007812,-71.377586,1.811314,0.001667,0.200113,3.899237,0.02558,0.10923,0.122425,3715.795654,0.061675,2.056013,0.02045,0.052293,0.020683,0.001116,2828.445992636681,-453.041565,-11778.320312,1366.967163,-1.216758,-5.944707,-253.782974,-71.293121,-126.922356,-256.0,129.077408,0.0,55.182827,-254.927979,-71.377449,176640000,0.562319,0.599215,15.999984
0.007045,16.0,0.217557,1048.2317514116178,56.198536,-254.801437,-71.583397,-254.075699,4562.470703,59929.332031,-71.340988,1.82833,0.001658,0.200415,3.895923,0.025596,0.109958,0.123061,3709.825684,0.062003,2.145838,0.020242,0.051752,0.020469,0.001104,2834.5560633500418,-453.664917,-11786.795898,1358.074707,-1.219714,-5.942267,-253.658691,-71.252731,-126.91153,-256.0,129.088104,0.0,55.891899,-254.801056,-71.340965,177024000,0.558279,0.599106,16.000004
0.006888,16.0,0.312211,1048.7635108588345,56.291687,-254.716782,-71.209152,-253.935959,4549.174805,59690.785156,-70.975121,1.588472,0.001534,0.193931,3.842034,0.025074,0.109184,0.121968,3668.587646,0.060237,1.002999,0.01953,0.050127,0.019731,0.001087,2840.663114841779,-457.285004,-11920.369141,1292.41687,-1.22618,-5.988848,-253.52739,-70.873489,-127.555145,-256.0,128.444504,0.0,55.980499,-254.717285,-70.975281,177408000,0.554935,0.597913,15.999987
0.006975,16.0,0.285317,1047.8664068362816,57.397896,-255.316666,-71.707359,-254.573456,4538.564453,59736.589844,-71.430618,1.840433,0.001647,0.201826,3.890486,0.025126,0.108426,0.123419,3729.95752,0.062976,2.029642,0.020425,0.052191,0.020672,0.001109,2846.775356165568,-453.757202,-11776.756836,1371.916016,-1.213381,-5.94551,-254.180954,-71.349319,-126.949165,-256.0,129.050476,0.0,57.115738,-255.316162,-71.43055,177792000,0.558692,0.601585,15.999994
0.006821,16.0,0.384096,1048.6796827417577,56.981239,-255.15419,-71.684402,-254.424728,4558.658691,59965.378906,-71.412437,1.844994,0.001633,0.199793,3.882231,0.025317,0.107662,0.122309,3717.705322,0.062078,1.949327,0.020388,0.052151,0.020619,0.001114,2852.882795182864,-453.487427,-11754.999023,1393.505127,-1.215221,-5.944562,-254.017868,-71.329117,-126.950256,-256.0,129.049484,0.0,56.689541,-255.154434,-71.412292,178176000,0.556251,0.601243,15.999989
0.006876,16.0,0.374249,1047.8162922577892,56.079868,-254.805588,-71.769272,-254.030502,4556.743164,59858.949219,-71.517471,1.800372,0.001596,0.197412,3.878601,0.025174,0.106261,0.121581,3702.53125,0.061875,2.034321,0.020288,0.051948,0.020514,0.001114,2858.995292965571,-453.867615,-11795.791016,1352.590454,-1.217717,-5.946509,-253.657761,-71.432518,-126.945053,-256.0,129.054672,0.0,55.770657,-254.80574,-71.517387,178560000,0.558879,0.604326,16.000013
0.006836,16.0,0.349714,1048.4510739146506,56.24226,-254.450806,-71.555801,-253.68985,4559.384766,59796.800781,-71.309647,1.599731,0.00156,0.194653,3.838398,0.025193,0.106175,0.121092,3687.503906,0.059628,0.999207,0.019666,0.050477,0.019867,0.001094,2865.1040361762048,-457.558655,-11922.588867,1288.089966,-1.224389,-5.989065,-253.256729,-71.217148,-127.531288,-255.999969,128.468414,0.0,55.928734,-254.450912,-71.309555,178944000,0.551846,0.597142,16.000011
0.006745,16.0,0.361631,1048.636241284697,56.956436,-254.433838,-71.631409,-253.66687,4535.626953,59485.316406,-71.374168,1.769252,0.001629,0.202945,3.911742,0.025414,0.104468,0.122061,3754.209717,0.062159,1.916343,0.020541,0.052503,0.02078,0.001118,2871.2136261582373,-453.452789,-11809.780273,1337.491211,-1.220032,-5.947412,-253.27771,-71.283943,-126.938164,-255.999969,129.061462,0.0,56.664616,-254.434082,-71.374268,179328000,0.559365,0.603888,16.000006
0.006644,16.0,0.24886,1047.953394241305,56.642563,-254.505371,-71.747231,-253.743698,4525.717773,59384.03125,-71.483986,1.781513,0.001637,0.20348,3.899389,0.025328,0.104326,0.122027,3732.359863,0.061937,1.962127,0.02043,0.052284,0.02066,0.001119,2877.3254470825195,-453.292572,-11819.483398,1332.270752,-1.225035,-5.9468,-253.353073,-71.39312,-126.984299,-256.0,129.015335,0.0,56.34354,-254.505646,-71.484032,179712000,0.555966,0.599301,15.999992
0.007003,16.0,0.218404,1048.7634282266288,57.001698,-254.45192,-71.863091,-253.694565,4517.770508,59277.917969,-71.61869,1.760363,0.001613,0.202132,3.898663,0.025505,0.104623,0.121947,3704.83667,0.060679,1.911861,0.020244,0.051842,0.020462,0.001114,2883.432461019357,-453.385712,-11840.569336,1309.867188,-1.226366,-5.950592,-253.29512,-71.531822,-126.970345,-255.999969,129.029327,0.0,56.712467,-254.451828,-71.618591,180096000,0.554815,0.59411,16.000023
0.006805,16.0,0.235823,1048.8733132469713,56.277332,-254.511414,-71.714798,-253.746292,4531.231934,59455.167969,-71.458321,1.556946,0.001587,0.198289,3.866189,0.025474,0.105289,0.121213,3670.86084,0.060297,1.001656,0.019844,0.05083,0.02004,0.001095,2889.5387927095094,-458.002533,-11941.75293,1278.370117,-1.229835,-5.983503,-253.326096,-71.366615,-127.62133,-256.0,128.378326,0.0,55.964428,-254.512726,-71.458328,180480000,0.549345,0.590177,16.000011
0.006682,16.0,0.290936,1048.14768836786,57.078579,-254.335205,-71.942581,-253.572037,4524.174316,59342.28125,-71.679077,1.808845,0.001619,0.211605,3.936911,0.02542,0.103308,0.122017,3747.03833,0.061118,1.959586,0.020601,0.052691,0.020836,0.001125,2895.649347595374,-453.966522,-11821.485352,1330.624146,-1.221104,-5.950935,-253.174377,-71.596329,-126.981537,-256.0,129.018158,0.0,56.78915,-254.334396,-71.679001,180864000,0.556246,0.599341,15.999998
0.006855,16.0,0.290726,1048.7519131122383,57.30085,-255.071854,-72.282753,-254.31897,4512.886719,59391.902344,-72.003212,1.820862,0.001546,0.206365,3.917253,0.025104,0.105382,0.12232,3727.622559,0.063003,1.956991,0.020491,0.052393,0.020721,0.001118,2901.756340102355,-452.981384,-11782.048828,1362.55896,-1.223303,-5.951518,-253.926254,-71.926163,-126.916298,-256.0,129.083405,0.0,57.015881,-255.071823,-72.003197,181248000,0.556438,0.596283,15.999998
0.006953,16.0,0.359612,1048.1060595397182,56.525917,-254.584732,-72.378418,-253.8237,4535.480469,59586.382812,-72.132126,1.829636,0.001565,0.206033,3.915828,0.024846,0.106335,0.122536,3713.891602,0.062884,2.026612,0.020243,0.051822,0.020463,0.001112,2907.867173421383,-453.651337,-11813.029297,1333.434937,-1.228709,-5.957076,-253.420166,-72.046928,-126.927864,-256.0,129.071762,0.0,56.225555,-254.584229,-72.132034,181632000,0.560976,0.606693,15.999989
0.006785,16.0,0.378773,1048.2816239566725,56.923649,-254.598038,-71.969116,-253.806503,4541.115723,59621.695312,-71.723038,1.562771,0.001489,0.201838,3.865837,0.024627,0.10713,0.122351,3664.834961,0.062074,1.023612,0.019686,0.050427,0.019885,0.001086,2913.977232114474,-457.473633,-11927.592773,1285.720093,-1.228961,-5.989723,-253.404617,-71.63472,-127.558876,-256.0,128.440857,0.0,56.624336,-254.597931,-71.722908,182016000,0.555429,0.596165,16.000006
0.006903,16.0,0.421398,935.2168273226035,57.350712,-254.57399,-72.317825,-253.796478,4541.924805,59659.476562,-72.04261,1.779745,0.001602,0.210541,3.933439,0.024603,0.108045,0.123965,3740.745361,0.064396,1.924126,0.020479,0.052334,0.020714,0.001114,2920.825098828475,-453.05957,-11795.226562,1349.830688,-1.218169,-5.945929,-253.420792,-71.97168,-126.919968,-255.999969,129.079605,0.0,57.066376,-254.57373,-72.04248,182400000,0.5616,0.595839,16.000006
0.006937,16.0,0.408236,1048.9695541182798,56.898556,-253.710678,-72.039558,-252.932037,4546.793945,59503.734375,-71.753616,1.780953,0.001598,0.208567,3.985751,0.024767,0.108224,0.124822,3769.148193,0.065847,1.850599,0.020516,0.05244,0.020756,0.001117,2926.9308707197506,-452.330414,-11780.354492,1376.471802,-1.201777,-5.947967,-252.536316,-71.689171,-127.045158,-256.0,128.954498,0.0,56.606598,-253.710678,-71.753593,182784000,0.564898,0.605093,16.000013
0.006806,16.0,0.346764,1047.7700656340721,57.882256,-253.653046,-71.839806,-252.904251,4517.649902,59098.515625,-71.586998,1.819881,0.001567,0.207355,3.932934,0.024669,0.109157,0.124645,3754.050537,0.064641,2.061351,0.020281,0.051895,0.020511,0.00111,2933.043670519193,-454.471649,-11823.044922,1345.052979,-1.217392,-5.964292,-252.462845,-71.502708,-127.136063,-256.0,128.863586,0.0,57.608665,-253.652771,-71.587036,183168000,0.561144,0.60603,16.0
0.006663,16.0,0.328919,1049.1233739731633,56.927238,-254.163437,-71.847565,-253.352783,4523.948242,59282.742188,-71.581169,1.645218,0.001557,0.2022,3.913977,0.024608,0.108902,0.124959,3734.208008,0.063501,1.030808,0.020001,0.051272,0.020222,0.001105,2939.148608163993,-455.932251,-11877.583008,1301.247681,-1.220848,-5.970229,-252.977127,-71.491287,-127.22937,-255.999969,128.77037,0.0,56.630901,-254.162949,-71.581177,183552000,0.562229,0.609889,15.999998
0.006743,16.0,0.274712,1048.0626730952333,55.695641,-253.722534,-71.523605,-252.937836,4497.102539,58810.128906,-71.288795,1.762169,0.001546,0.200846,3.893077,0.024694,0.107167,0.1243,3716.641846,0.061329,1.834089,0.019478,0.05005,0.019683,0.001089,2945.259805707137,-454.574951,-11891.522461,1318.238159,-1.223542,-6.001608,-252.499252,-71.196976,-127.551964,-256.0,128.44783,0.0,55.375134,-253.723129,-71.288727,183936000,0.555531,0.596242,16.000002
0.006609,16.0,0.276655,1048.7511230024631,56.112167,-254.154755,-71.771858,-253.377563,4518.776855,59212.976562,-71.492744,1.726564,0.001604,0.204078,3.938058,0.025039,0.107646,0.124453,3761.968506,0.063275,1.78394,0.020114,0.051534,0.02034,0.001108,2951.366795329253,-453.866211,-11816.697266,1348.754028,-1.220632,-5.964967,-252.974014,-71.407486,-127.115593,-255.999969,128.884064,0.0,55.801765,-254.155045,-71.492798,184320000,0.56121,0.597372,15.999996
0.00667,16.0,0.098568,1048.140528317726,56.044449,-254.013977,-71.961761,-253.235626,4529.927734,59344.179688,-71.702431,1.759872,0.001612,0.206552,3.937816,0.025311,0.107214,0.124902,3764.141357,0.062097,1.889586,0.019881,0.051003,0.020103,0.001102,2957.4774205883346,-453.646698,-11828.201172,1330.908691,-1.220917,-5.967688,-252.827164,-71.616928,-127.054497,-256.0,128.945221,0.0,55.733109,-254.013687,-71.702393,184704000,0.561883,0.606094,16.00001
0.00669,16.0,0.192202,1048.8575957304038,57.091484,-254.150726,-72.264801,-253.374619,4505.771973,59087.304688,-71.998123,1.590083,0.00157,0.206702,3.940836,0.02538,0.107211,0.124431,3766.561279,0.061176,1.010881,0.019841,0.050914,0.020058,0.001102,2963.5839293201766,-455.642822,-11843.983398,1300.771118,-1.224507,-5.96923,-252.967041,-71.912933,-126.891289,-255.999969,129.108337,0.0,56.80122,-254.15123,-71.997856,185088000,0.559443,0.610092,15.999987
0.006776,16.0,0.202754,1047.9962779339423,56.129868,-254.215469,-72.163406,-253.459595,4550.586426,59685.714844,-71.906151,1.772616,0.001509,0.200092,3.880746,0.025461,0.107582,0.123571,3682.662354,0.059314,1.967838,0.019254,0.049512,0.019433,0.001082,2969.6953761935233,-455.877075,-11847.277344,1356.974121,-1.237476,-6.006719,-252.997803,-71.807777,-127.483841,-256.0,128.515884,0.0,55.816181,-254.216232,-71.905777,185472000,0.553427,0.605552,15.99999
0.006527,16.0,0.335262,1048.4512834434242,58.006504,-255.563065,-72.349365,-254.815491,4487.122559,59171.40625,-72.081375,1.591132,0.001555,0.206111,3.928179,0.025453,0.104975,0.123376,3749.974365,0.062535,1.010233,0.019911,0.051057,0.020133,0.001101,2975.804153764248,-455.676758,-11811.811523,1336.925781,-1.226556,-5.968468,-254.41095,-71.998154,-126.93071,-255.999969,129.069031,0.0,57.734879,-255.563202,-72.081757,185856000,0.555851,0.605922,15.999993
0.006443,16.0,0.327876,1048.5871207579407,58.533993,-255.652481,-72.425858,-254.919952,4520.864746,59646.027344,-72.152473,1.764831,0.001561,0.210719,3.930514,0.025255,0.107506,0.12384,3755.136719,0.061393,1.924631,0.019859,0.050933,0.020081,0.001099,2981.912202314536,-453.967773,-11753.666992,1381.408691,-1.224603,-5.9655,-254.505875,-72.074638,-126.810829,-256.0,129.188843,0.0,58.273579,-255.652252,-72.152382,186240000,0.553494,0.601195,15.999994
0.006486,16.0,0.319819,1047.9509559291257,57.310032,-255.732956,-72.177124,-254.999481,4550.085449,60027.710938,-71.932724,1.793831,0.001545,0.208773,3.906955,0.025217,0.108925,0.123846,3732.140869,0.061616,1.932505,0.019777,0.050744,0.019986,0.001098,2988.023808292548,-454.625824,-11776.069336,1371.093628,-1.228019,-5.967555,-254.58345,-71.844711,-126.92556,-255.999969,129.074173,0.0,57.024689,-255.732788,-71.932755,186624000,0.557135,0.605932,15.999978
0.006501,16.0,0.367574,1048.765071312433,56.859543,-255.713272,-71.723053,-254.94754,4558.000488,60081.09375,-71.490372,1.524652,0.001496,0.206351,3.867387,0.025016,0.109951,0.123707,3696.154541,0.060285,0.979197,0.019284,0.049519,0.019477,0.001076,2994.1308426300684,-458.42807,-11901.258789,1313.600342,-1.229265,-6.004309,-254.527817,-71.394432,-127.564339,-255.999969,128.435379,0.0,56.558277,-255.713913,-71.490242,187008000,0.554428,0.600924,15.999986
0.006513,16.0,0.362598,1048.5737342342293,58.091572,-256.155151,-71.805016,-255.409973,4519.711914,59686.925781,-71.544762,1.807177,0.001542,0.21067,3.900339,0.024926,0.109601,0.124809,3725.247314,0.062297,2.074885,0.020117,0.051562,0.020341,0.00111,3000.2389978329343,-453.391022,-11747.829102,1401.43103,-1.217872,-5.959815,-255.022873,-71.459335,-126.958603,-255.999969,129.041199,0.0,57.823051,-256.155304,-71.544731,187392000,0.557627,0.605592,15.999989
0.006456,16.0,0.289503,1047.7648219755313,58.123329,-256.199768,-71.536339,-255.467255,4519.868164,59677.179688,-71.274239,1.765602,0.001532,0.210854,3.890097,0.024865,0.109662,0.124563,3734.083252,0.062342,2.039565,0.020061,0.051407,0.020276,0.001107,3006.3517765045167,-453.776672,-11762.365234,1382.619385,-1.215613,-5.959123,-255.071564,-71.189919,-126.912209,-255.999969,129.087494,0.0,57.854984,-256.199829,-71.274139,187776000,0.553026,0.596954,15.999983
0.006593,16.0,0.360262,1048.779800584192,57.427166,-255.915039,-71.45533,-255.164261,4525.135742,59671.109375,-71.214874,1.70849,0.001553,0.208005,3.876892,0.024802,0.10718,0.123566,3734.814697,0.060042,1.927056,0.019796,0.050754,0.02001,0.001095,3012.4586003899576,-454.378693,-11790.211914,1351.783569,-1.218215,-5.969253,-254.770081,-71.126656,-126.876167,-256.0,129.123657,0.0,57.144207,-255.914459,-71.214981,188160000,0.553196,0.597368,15.999989
0.006516,16.0,0.262108,1048.29863014676,57.072552,-255.650192,-71.210014,-254.887024,4522.009277,59547.769531,-70.953796,1.515953,0.001489,0.202022,3.832094,0.024797,0.107793,0.123709,3687.796875,0.057239,0.952461,0.01914,0.049214,0.019331,0.001074,3018.56830534935,-458.796448,-11899.818359,1308.364868,-1.219487,-6.008803,-254.461456,-70.86058,-127.493736,-256.0,128.505951,0.0,56.775806,-255.650497,-70.953545,188544000,0.548875,0.593643,15.999986
0.00653,16.0,0.28332,1047.7507053233355,57.807022,-255.918335,-71.54792,-255.168289,4468.641113,58936.0,-71.287445,1.752673,0.001545,0.204842,3.885958,0.024758,0.106535,0.123586,3740.431396,0.059883,2.017001,0.020037,0.051363,0.020265,0.001106,3024.68117424647,-453.237885,-11782.162109,1363.501587,-1.211991,-5.957407,-254.784058,-71.20739,-126.924271,-256.0,129.075333,0.0,57.533165,-255.918182,-71.28759,188928000,0.555556,0.596669,15.999974
0.006398,16.0,0.242614,1048.896759594414,57.554535,-255.968033,-71.53157,-255.224289,4460.713379,58842.335938,-71.257683,1.772668,0.001566,0.207676,3.891948,0.024871,0.106416,0.123372,3752.916748,0.06161,2.007218,0.020102,0.051509,0.020334,0.001107,3030.787318412463,-453.458252,-11773.227539,1345.077026,-1.212327,-5.949111,-254.843063,-71.173721,-126.648773,-255.999969,129.350983,0.0,57.275246,-255.967575,-71.257301,189312000,0.556111,0.602067,15.999974
0.006385,16.0,0.281849,1048.0297827068696,56.941769,-255.652786,-71.805695,-254.904663,4503.257812,59356.390625,-71.541664,1.809469,0.001538,0.202845,3.866765,0.024772,0.105984,0.122732,3708.943604,0.06067,1.858021,0.019705,0.050559,0.019917,0.001094,3036.8986489295958,-454.052155,-11800.05957,1343.349121,-1.219231,-5.967854,-254.501953,-71.452736,-126.893738,-256.0,129.105927,0.0,56.649963,-255.653198,-71.541512,189696000,0.557098,0.60946,15.999976
0.006468,16.0,0.290713,1048.7780215491991,56.982704,-255.565231,-71.78289,-254.806519,4520.274902,59557.578125,-71.517731,1.524696,0.001502,0.197187,3.826252,0.024736,0.106451,0.122439,3692.167236,0.05982,0.960096,0.019206,0.049435,0.019402,0.001083,3043.0054974198342,-459.003082,-11924.295898,1290.932739,-1.225381,-6.006655,-254.376144,-71.425377,-127.562416,-255.999969,128.437286,0.0,56.684135,-255.565689,-71.517769,190080000,0.551583,0.60296,15.999987
0.006329,16.0,0.291561,1048.2052813200467,57.332855,-255.378143,-72.283844,-254.610306,4505.001465,59356.027344,-71.996986,1.763507,0.001588,0.205205,3.900419,0.025285,0.105116,0.1236,3739.960693,0.060822,1.919296,0.020034,0.05141,0.02026,0.001112,3049.1157134890555,-454.06662,-11812.058594,1334.87439,-1.215586,-5.967465,-254.219223,-71.921486,-126.928604,-256.0,129.071045,0.0,57.047829,-255.378128,-71.996834,190464000,0.561852,0.608648,16.000013
0.006298,16.0,0.343639,1048.6630342527797,56.887489,-255.692474,-72.550491,-254.927139,4506.981445,59477.507812,-72.272095,1.689674,0.001591,0.204791,3.883048,0.025173,0.105622,0.123044,3715.32959,0.06319,1.868694,0.019888,0.051034,0.020114,0.001103,3055.2232981761294,-454.25238,-11810.950195,1332.50415,-1.221525,-5.968134,-254.541733,-72.198174,-126.891975,-256.0,129.107635,0.0,56.593678,-255.693375,-72.272003,190848000,0.559314,0.60452,16.000002
0.006232,16.0,0.303026,1048.8293564757605,56.665932,-255.215042,-71.960411,-254.448349,4519.040527,59475.09375,-71.726585,1.718208,0.001583,0.204824,3.881344,0.025239,0.107019,0.122987,3721.283203,0.063225,1.915714,0.019792,0.050753,0.020012,0.001095,3061.3298652331036,-454.456696,-11856.12793,1294.289429,-1.221336,-5.967256,-254.054199,-71.641846,-126.959953,-255.999969,129.039688,0.0,56.367527,-255.215164,-71.726479,191232000,0.559253,0.604214,15.999989
0.006478,16.0,0.146871,1047.8930827566355,57.017323,-254.900375,-71.61702,-254.136017,4546.185059,59733.199219,-71.359451,1.50256,0.001546,0.198928,3.840544,0.025615,0.108125,0.122538,3677.411377,0.059833,0.966227,0.019562,0.050216,0.019759,0.001089,3067.441885439555,-458.982574,-11947.891602,1263.021362,-1.222733,-5.993417,-253.711411,-71.271782,-127.518738,-255.999969,128.480835,0.0,56.719555,-254.900146,-71.359589,191616000,0.551513,0.59251,16.0
0.006216,16.0,0.251433,918.1260521430581,58.307621,-254.915222,-72.109482,-254.126785,4470.76416,58783.582031,-71.840927,1.8176,0.001654,0.207391,3.891138,0.025586,0.110024,0.124989,3743.205566,0.06393,2.178819,0.020473,0.052374,0.020715,0.001119,3074.4171088496846,-452.656982,-11782.467773,1347.977905,-1.20888,-5.937116,-253.778015,-71.772537,-126.77803,-255.999969,129.221725,0.0,58.045242,-254.91449,-71.840851,192000000,0.562069,0.601696,16.000011
0.006232,16.0,0.161496,1048.0227804332308,57.260525,-253.573761,-71.345161,-252.794601,4540.619629,59329.945312,-71.097321,1.720376,0.001613,0.206311,3.944179,0.025643,0.112058,0.125528,3766.496338,0.064456,1.862665,0.020521,0.052498,0.020767,0.001121,3080.5283709645273,-453.54834,-11837.097656,1328.72644,-1.198672,-5.942473,-252.402023,-71.025597,-127.122559,-256.0,128.877213,0.0,56.973854,-253.57341,-71.097321,192384000,0.564791,0.599142,16.000011
0.006238,16.0,0.180479,1047.9472616623252,57.276821,-253.512726,-70.988388,-252.768494,4541.22998,59304.960938,-70.740173,1.67973,0.00156,0.204908,3.907032,0.025645,0.112742,0.124631,3763.287598,0.061684,1.792454,0.020537,0.052502,0.020781,0.001118,3086.640057214101,-456.132507,-11832.368164,1330.381714,-1.21176,-5.929643,-252.35672,-70.65287,-127.06646,-255.999969,128.933212,0.0,56.988224,-253.512253,-70.740166,192768000,0.557884,0.588727,15.99999
0.006342,16.0,0.256898,1048.930519394426,56.867413,-253.48642,-71.110497,-252.708618,4554.415527,59482.085938,-70.866913,1.505429,0.001519,0.204657,3.889323,0.02529,0.113153,0.124771,3766.24585,0.05958,0.985332,0.020091,0.051385,0.020321,0.001097,3092.7460245172183,-457.838501,-11872.851562,1306.114136,-1.21379,-5.938205,-252.320984,-70.777985,-127.211136,-255.999969,128.788574,0.0,56.568493,-253.48587,-70.866913,193152000,0.557419,0.593528,15.99998
0.006605,16.0,0.191853,1047.9887803648242,56.4226,-253.598511,-70.7873,-252.825958,4537.841797,59259.273438,-70.55883,1.652858,0.001495,0.199195,3.860413,0.025197,0.113643,0.123765,3748.321045,0.056277,1.801791,0.019619,0.050246,0.019828,0.00108,3098.857530860106,-455.046539,-11869.919922,1341.2677,-1.219267,-5.968898,-252.406158,-70.465263,-127.561699,-255.999969,128.437973,0.0,56.11763,-253.598663,-70.558876,193536000,0.553963,0.578623,15.999983
0.006429,16.0,0.214016,1048.725351189418,56.32922,-253.385742,-71.511856,-252.591522,4530.568848,59171.675781,-71.218857,1.763672,0.001549,0.202772,3.908107,0.025088,0.113982,0.124452,3754.631592,0.060041,1.898129,0.02042,0.052146,0.020659,0.001107,3104.9648943980533,-453.047913,-11792.926758,1369.39563,-1.213834,-5.933546,-252.219879,-71.13855,-127.092705,-255.999969,128.906982,0.0,56.024818,-253.38533,-71.21917,193920000,0.565068,0.590483,15.999984
0.006686,16.0,0.168904,1048.3564703329794,55.663239,-252.981628,-71.526192,-252.22171,4542.549805,59246.6875,-71.299728,1.67786,0.001485,0.204604,3.905644,0.025014,0.113636,0.124886,3768.537598,0.059901,1.747674,0.02017,0.051587,0.0204,0.001102,3111.074264260133,-454.08017,-11828.488281,1333.491699,-1.218342,-5.94099,-251.803101,-71.216553,-127.078979,-256.0,128.9207,0.0,55.344261,-252.981918,-71.29982,194304000,0.55873,0.590453,15.999992
0.006587,16.0,0.263014,1047.9267670686736,56.076088,-253.970932,-71.389877,-253.213165,4512.85498,59074.953125,-71.133545,1.536641,0.001442,0.204702,3.897033,0.024884,0.111896,0.123495,3762.136963,0.057628,1.000335,0.019785,0.050715,0.020009,0.001092,3117.186244861285,-456.620422,-11841.811523,1308.96875,-1.226302,-5.968312,-252.786377,-71.038139,-126.941696,-256.0,129.057968,0.0,55.764126,-253.971222,-71.133362,194688000,0.555187,0.591377,15.999996
0.006528,16.0,0.259674,1049.1332810204763,56.146469,-254.855667,-71.663643,-254.114868,4567.678223,60024.328125,-71.408997,1.784495,0.001408,0.196111,3.837762,0.024861,0.112656,0.12239,3673.762207,0.055469,2.003147,0.019197,0.049283,0.019387,0.00107,3123.2911327759425,-455.463623,-11849.483398,1357.029541,-1.237414,-6.00297,-253.65593,-71.307976,-127.510292,-256.0,128.489288,0.0,55.835808,-254.855225,-71.408585,195072000,0.550716,0.590728,15.999993
0.006652,16.0,0.257772,1048.474324611931,56.204876,-256.154968,-72.08506,-255.414963,4545.203613,60059.523438,-71.835152,1.598299,0.001511,0.200776,3.869102,0.024975,0.108984,0.122701,3701.32251,0.060379,1.022002,0.020202,0.051661,0.02043,0.001103,3129.3998203198116,-455.339966,-11809.744141,1335.070435,-1.2277,-5.962513,-255.020782,-71.750465,-126.894958,-256.0,129.104782,0.0,55.89579,-256.155334,-71.835747,195456000,0.554999,0.596973,16.000006
0.00666,16.0,0.24476,1048.3373121583281,56.261497,-256.222443,-71.815674,-255.497742,4565.227539,60315.523438,-71.557236,1.811733,0.001491,0.200969,3.873651,0.0248,0.109016,0.122881,3686.363281,0.059708,1.83418,0.020166,0.051571,0.020396,0.001101,3135.509304002921,-453.517029,-11753.756836,1388.019287,-1.223339,-5.953758,-255.098831,-71.468048,-126.882683,-256.0,129.117142,0.0,55.956177,-256.2229,-71.556808,195840000,0.554942,0.6018,16.000004
0.006685,16.0,0.285819,1049.2121613778888,57.061375,-256.19455,-71.693268,-255.490768,4556.273926,60183.128906,-71.458565,1.794599,0.001463,0.200136,3.86266,0.024929,0.108111,0.122433,3656.435059,0.06005,1.936765,0.019796,0.050679,0.020008,0.001087,3141.613772714138,-453.646332,-11770.508789,1373.131836,-1.227901,-5.959407,-255.065933,-71.362976,-126.899902,-256.0,129.099899,0.0,56.772499,-256.194641,-71.458618,196224000,0.55223,0.60211,15.999983
0.006526,16.0,0.241509,1048.4924100347896,57.445881,-256.0578,-71.690544,-255.271576,4586.589355,60534.75,-71.436241,1.544715,0.001443,0.19903,3.821988,0.025201,0.108661,0.122105,3670.657715,0.057702,0.993593,0.019232,0.049377,0.019426,0.001072,3147.7222945570948,-458.374908,-11894.912109,1315.431763,-1.231217,-6.001531,-254.884079,-71.33902,-127.519356,-256.0,128.480301,0.0,57.157501,-256.058441,-71.436432,196608000,0.552023,0.598179,16.000006
0.006341,16.0,0.291121,1048.8481310223071,58.071941,-256.116425,-72.337303,-255.3647,4524.680176,59796.019531,-72.05246,1.807481,0.001448,0.204024,3.869512,0.024854,0.107159,0.122457,3708.755615,0.060269,1.959945,0.020123,0.051544,0.020356,0.001106,3153.8287085771562,-452.874481,-11756.602539,1386.551758,-1.217799,-5.952534,-254.990295,-71.980629,-126.902771,-255.999969,129.096939,0.0,57.802937,-256.116547,-72.052254,196992000,0.557741,0.598912,16.000011
0.006492,16.0,0.3205,1048.0696997722278,56.781708,-255.868149,-72.036903,-255.131317,4567.310059,60279.773438,-71.794128,1.791717,0.001422,0.203722,3.861851,0.024699,0.106602,0.122099,3730.90918,0.060878,2.051382,0.019876,0.050955,0.020094,0.001098,3159.9397267977397,-453.993195,-11758.632812,1388.487427,-1.218306,-5.964963,-254.726166,-71.716606,-126.931183,-256.0,129.068527,0.0,56.486568,-255.868393,-71.794098,197376000,0.554242,0.599291,15.999982
0.006426,16.0,0.193887,1048.8988956036396,56.512047,-255.595123,-71.852043,-254.821793,4589.17334,60478.816406,-71.589218,1.766609,0.001448,0.203016,3.869237,0.024861,0.105481,0.122109,3739.313721,0.060427,1.980146,0.019723,0.050626,0.019938,0.001097,3166.045944579442,-453.82251,-11795.191406,1344.187866,-1.21868,-5.9691,-254.443375,-71.507607,-126.855476,-255.999969,129.144257,0.0,56.211136,-255.595001,-71.589188,197760000,0.553636,0.59764,15.999993
0.006356,16.0,0.188971,1048.1220566995528,56.679893,-255.240143,-71.825172,-254.466461,4594.175293,60459.875,-71.563484,1.531344,0.001359,0.202881,3.833438,0.024692,0.105094,0.122223,3726.758545,0.056779,0.974008,0.019044,0.049067,0.019231,0.001079,3172.1566394050915,-458.89444,-11903.916016,1307.036621,-1.226096,-6.015812,-254.038513,-71.478027,-127.520676,-256.0,128.479034,0.0,56.375534,-255.240143,-71.563599,198144000,0.545476,0.590227,15.999989
0.006223,16.0,0.251342,1047.9874929349164,57.99498,-255.118835,-72.490837,-254.338211,4577.070801,60262.878906,-72.210503,1.790518,0.001472,0.212546,3.907374,0.025019,0.104914,0.12307,3793.566895,0.058806,1.958692,0.020037,0.051444,0.020266,0.001114,3178.2681676586467,-454.074982,-11795.544922,1346.430786,-1.21979,-5.978161,-253.948868,-72.137772,-126.878998,-255.999969,129.120804,0.0,57.723888,-255.118332,-72.210579,198528000,0.552965,0.603467,16.000004
0.006047,16.0,0.131714,1048.8211441889712,57.691708,-255.498291,-72.38681,-254.734879,4588.132812,60490.121094,-72.120605,1.743516,0.001441,0.211769,3.901839,0.025062,0.104938,0.123136,3782.023926,0.058297,1.966096,0.019808,0.05091,0.020026,0.001108,3184.374755891164,-454.153748,-11801.289062,1343.532349,-1.2206,-5.979411,-254.335526,-72.046692,-126.906761,-255.999969,129.092926,0.0,57.414436,-255.498291,-72.120605,198912000,0.551808,0.600218,15.99999
0.006172,16.0,0.144881,1048.6754118346626,56.758713,-255.887573,-71.86805,-255.132782,4575.810059,60372.347656,-71.630043,1.729568,0.00147,0.208822,3.899514,0.024801,0.104562,0.122879,3754.900879,0.058066,1.994276,0.019615,0.050394,0.019827,0.001095,3190.482293566068,-453.900024,-11809.791992,1338.58252,-1.225231,-5.980436,-254.732544,-71.544556,-126.945023,-255.999969,129.054794,0.0,56.462868,-255.88765,-71.630302,199296000,0.549589,0.594879,15.999968
0.00617,16.0,0.190626,1048.1347809766296,57.082123,-255.92337,-71.624977,-255.156754,4571.978027,60304.890625,-71.381538,1.520078,0.001462,0.202925,3.856529,0.024966,0.103913,0.121696,3734.406738,0.056157,0.96441,0.018791,0.048493,0.018975,0.001073,3196.5929182012874,-458.726593,-11911.37207,1299.052734,-1.233116,-6.025613,-254.726288,-71.285324,-127.516991,-255.999969,128.482773,0.0,56.785526,-255.923828,-71.381538,199680000,0.544843,0.589265,15.999968
0.005958,16.0,0.246785,1049.2652586595902,58.003181,-255.999481,-71.654289,-255.23938,4544.28125,59958.835938,-71.406776,1.731687,0.001563,0.213534,3.927355,0.025392,0.105422,0.123326,3781.901367,0.056022,1.86677,0.019865,0.051097,0.020084,0.001115,3202.6969894210497,-454.050049,-11797.050781,1346.407471,-1.220211,-5.984222,-254.841583,-71.320534,-126.894012,-255.999969,129.105545,0.0,57.732285,-255.999191,-71.406609,200064000,0.551577,0.596814,15.999975
0.00605,16.0,0.284527,1049.1201867004888,57.787552,-256.774719,-71.90126,-256.023315,4539.34082,60093.765625,-71.627174,1.753089,0.001582,0.209761,3.908227,0.025197,0.104368,0.122913,3727.426514,0.060157,1.990982,0.019741,0.050755,0.019953,0.001106,3208.801895280679,-452.764954,-11733.96875,1402.951782,-1.224384,-5.982069,-255.63562,-71.543533,-126.841301,-255.999969,129.158356,0.0,57.514019,-256.775116,-71.627266,200448000,0.549726,0.592051,16.000006
0.006072,16.0,0.207916,1048.0881027059079,58.451286,-256.285553,-71.630821,-255.523178,4521.397949,59718.238281,-71.410118,1.781021,0.00157,0.207112,3.904058,0.024967,0.104658,0.122683,3729.444336,0.057819,2.063126,0.019631,0.050512,0.019835,0.001105,3214.9127870678903,-454.233337,-11812.681641,1330.411011,-1.219597,-5.987377,-255.131973,-71.324394,-126.888885,-255.999969,129.110901,0.0,58.190506,-256.285675,-71.409866,200832000,0.547515,0.597062,15.999982
0.006145,16.0,0.261908,1049.2479757011256,58.254063,-256.145447,-71.237991,-255.351868,4577.218262,60382.308594,-70.98835,1.560492,0.0015,0.200205,3.855634,0.02482,0.104313,0.120936,3708.824707,0.055565,0.975968,0.018993,0.049017,0.019179,0.001084,3221.0169874270755,-458.579315,-11896.416992,1316.796631,-1.224266,-6.023587,-254.953857,-70.88871,-127.546188,-256.0,128.453583,0.0,57.980865,-256.14624,-70.988396,201216000,0.547133,0.59833,15.999972
0.006134,16.0,0.295541,934.7653885430464,59.650223,-256.028717,-71.818626,-255.256104,4502.47998,59424.328125,-71.548058,1.778413,0.001588,0.206775,3.923301,0.024881,0.103646,0.121851,3753.738525,0.059036,1.983079,0.019695,0.050658,0.019911,0.001105,3227.8711059093475,-452.812286,-11757.384766,1373.170166,-1.214821,-5.98275,-254.873184,-71.469902,-126.777443,-255.999969,129.222244,0.0,59.414696,-256.029358,-71.548164,201600000,0.551928,0.597642,15.999982
0.006119,16.0,0.215702,1047.986558731932,58.339703,-255.814789,-71.748695,-255.046585,4550.681641,60008.238281,-71.459709,1.724827,0.001536,0.209012,3.97682,0.025011,0.105188,0.122796,3781.325195,0.06158,1.843759,0.019763,0.050847,0.019989,0.001109,3233.982560288906,-453.087402,-11780.098633,1379.439209,-1.20515,-5.979745,-254.656097,-71.390282,-127.064552,-255.999969,128.935181,0.0,58.07436,-255.81395,-71.459579,201984000,0.554672,0.59568,15.999992
0.006085,16.0,0.259519,1048.7627767301917,57.342579,-255.726395,-71.770081,-254.971771,4565.138184,60184.734375,-71.527023,1.69439,0.001538,0.206085,3.922503,0.025016,0.105265,0.122445,3754.948242,0.061656,1.751678,0.019593,0.050386,0.019809,0.001098,3240.0895517468452,-454.52121,-11815.587891,1350.393799,-1.216291,-5.987009,-254.559708,-71.447105,-127.114449,-255.999969,128.885223,0.0,57.056984,-255.726685,-71.526894,202368000,0.553791,0.597075,16.000008
0.006081,16.0,0.188491,1048.5033488206934,56.89917,-255.769745,-71.477371,-254.980316,4533.8125,59747.976562,-71.23085,1.540905,0.001492,0.204383,3.911691,0.024783,0.104863,0.122339,3761.056396,0.061378,0.98008,0.019476,0.050164,0.019687,0.0011,3246.1980170965194,-456.701538,-11877.255859,1304.23584,-1.218123,-5.992431,-254.59758,-71.142899,-127.247635,-255.999969,128.752075,0.0,56.602352,-255.769897,-71.230782,202752000,0.553199,0.597148,15.999986
0.00607,16.0,0.088832,1048.8980916106589,56.198959,-255.871689,-71.393646,-255.104767,4571.727051,60267.09375,-71.145905,1.665648,0.001477,0.20028,3.881547,0.024834,0.106791,0.12217,3758.062988,0.058701,1.743925,0.019178,0.04942,0.019386,0.001086,3252.304138958454,-456.037659,-11871.603516,1344.216309,-1.223161,-6.016439,-254.680038,-71.055916,-127.597458,-256.0,128.402222,0.0,55.887646,-255.872116,-71.145874,203136000,0.549806,0.587773,15.99999
0.006157,16.0,0.23901,1047.8251855021379,56.796978,-255.58017,-71.696274,-254.811996,4565.998047,60151.664062,-71.424744,1.716783,0.001505,0.206769,3.928875,0.024979,0.10708,0.12303,3785.704346,0.061888,1.680343,0.019903,0.051128,0.020143,0.001108,3258.416535453002,-454.899384,-11807.742188,1360.061035,-1.221576,-5.973412,-254.423294,-71.337013,-127.128716,-255.999969,128.870972,0.0,56.499401,-255.58017,-71.424736,203520000,0.554379,0.59786,16.000017
0.006085,16.0,0.256372,1048.5665321814877,56.569363,-255.54277,-71.651764,-254.782562,4575.750488,60269.113281,-71.400398,1.710641,0.001484,0.205877,3.91839,0.025102,0.106753,0.123003,3758.390381,0.062828,1.831304,0.019768,0.050788,0.020002,0.001102,3264.52463550965,-455.242676,-11813.643555,1356.170532,-1.223209,-5.976812,-254.384018,-71.310425,-127.145355,-256.0,128.854416,0.0,56.266891,-255.542892,-71.400299,203904000,0.551255,0.597692,16.0
0.006083,16.0,0.248873,1048.7372877381483,56.064564,-255.466415,-71.597458,-254.69342,4557.598633,60005.125,-71.358269,1.574326,0.001484,0.204852,3.90888,0.025137,0.107366,0.12302,3764.347656,0.060165,0.989437,0.019671,0.050578,0.019899,0.001101,3270.6317173043885,-456.918701,-11852.597656,1313.172241,-1.222496,-5.982677,-254.29837,-71.265282,-127.088043,-256.0,128.911636,0.0,55.751019,-255.465958,-71.358498,204288000,0.552782,0.604017,15.999996
0.006105,16.0,0.277609,1047.9133060382726,55.911926,-255.673065,-71.374916,-254.924118,4576.324219,60285.347656,-71.121635,1.758922,0.001489,0.196661,3.845292,0.025242,0.107392,0.121803,3685.401611,0.057718,1.988375,0.019118,0.049221,0.019321,0.001078,3276.7436507821085,-456.395203,-11828.71875,1379.288696,-1.236932,-6.013629,-254.480408,-71.013481,-127.516136,-256.0,128.483475,0.0,55.594566,-255.67337,-71.12149,204672000,0.547225,0.594239,15.999976
0.005945,16.0,0.241894,1048.0266682247561,57.469311,-256.721008,-72.069626,-255.978973,4520.471191,59850.171875,-71.805855,1.557407,0.001578,0.200366,3.870405,0.025416,0.107775,0.122922,3711.08667,0.062172,1.019011,0.019815,0.050891,0.020041,0.001104,3282.85490373373,-455.415375,-11804.606445,1361.74646,-1.224557,-5.985234,-255.579315,-71.725471,-127.109047,-256.0,128.890732,0.0,57.18618,-256.720917,-71.806221,205056000,0.548087,0.593057,16.000002
0.005996,16.0,0.329932,1049.1146431883171,57.405586,-256.623779,-71.991447,-255.875427,4549.019043,60196.363281,-71.732468,1.734631,0.001599,0.201262,3.8774,0.025577,0.107384,0.121536,3694.849609,0.062931,1.908367,0.019935,0.05117,0.02017,0.001106,3288.9598458210626,-454.245087,-11753.043945,1392.684204,-1.225577,-5.977859,-255.487915,-71.650719,-126.91481,-255.999969,129.0849,0.0,57.121468,-256.623688,-71.732674,205440000,0.546917,0.590395,16.000002
0.006107,16.0,0.317638,1047.7057834885957,56.858982,-256.408112,-71.716682,-255.678879,4546.359863,60090.875,-71.481194,1.736054,0.001601,0.195603,3.857401,0.025549,0.105936,0.120931,3664.950684,0.06202,1.933157,0.0195,0.050137,0.01972,0.001092,3295.0729007999103,-453.701416,-11770.933594,1379.160767,-1.226559,-5.987464,-255.259644,-71.39357,-126.963905,-256.0,129.035721,0.0,56.564651,-256.407654,-71.481247,205824000,0.544024,0.589107,16.000002
0.00585,16.0,0.240033,1048.4637590876966,56.231056,-256.724701,-71.552788,-255.950912,4568.27832,60431.496094,-71.322144,1.508647,0.001573,0.192624,3.812176,0.025666,0.103189,0.119648,3634.962646,0.05893,0.962717,0.018878,0.048596,0.019063,0.001066,3301.181571249167,-458.002716,-11898.314453,1312.517578,-1.23456,-6.030921,-255.540268,-71.22657,-127.528053,-255.999969,128.471619,0.0,55.918343,-256.724304,-71.322113,206208000,0.539294,0.582424,16.000006
0.005621,16.0,0.284611,1047.8952999025405,57.886261,-257.358307,-72.09417,-256.611267,4514.40918,59913.894531,-71.821953,1.788397,0.001631,0.198842,3.849235,0.025652,0.103891,0.120603,3692.227051,0.061597,2.011047,0.019838,0.050905,0.020068,0.0011,3307.293545174599,-453.058044,-11733.395508,1405.254639,-1.229383,-5.979589,-256.234344,-71.735519,-126.855698,-255.999969,129.144028,0.0,57.61351,-257.35849,-71.822014,206592000,0.549376,0.595233,15.999982
0.005843,16.0,0.264885,1048.532387606003,57.005833,-257.24057,-72.132935,-256.509064,4540.811523,60245.167969,-71.870209,1.751881,0.001645,0.19848,3.844315,0.025515,0.103918,0.120369,3693.986328,0.061972,1.906906,0.019757,0.050693,0.019976,0.001096,3313.4017858664197,-454.456696,-11758.438477,1387.033203,-1.228993,-5.985083,-256.111053,-71.785049,-126.910416,-255.999969,129.089325,0.0,56.713917,-257.240692,-71.870369,206976000,0.5442,0.595753,15.999986
0.005904,16.0,0.233536,1047.8519574920126,56.645584,-256.835571,-72.175026,-256.075562,4564.153809,60461.707031,-71.928986,1.753273,0.001654,0.199739,3.850402,0.02554,0.105009,0.121367,3703.681396,0.061533,1.827805,0.019662,0.050488,0.019882,0.001094,3319.5140760103864,-454.781067,-11790.570312,1360.295288,-1.223812,-5.983832,-255.696747,-71.842621,-126.960693,-255.999969,129.038956,0.0,56.346333,-256.835205,-71.928741,207360000,0.547439,0.610908,15.999992
0.005992,16.0,0.174593,1048.860267080745,56.175995,-256.39447,-72.140388,-255.629639,4569.930664,60434.390625,-71.869774,1.535634,0.001573,0.195002,3.814587,0.025661,0.103951,0.120443,3678.147705,0.057701,0.961298,0.019135,0.049201,0.019325,0.001074,3325.62043192784,-458.693939,-11885.030273,1325.637939,-1.235244,-6.019695,-255.21315,-71.777191,-127.519852,-256.0,128.479858,0.0,55.860748,-256.39447,-71.869637,207744000,0.542938,0.597923,16.000004
0.005864,16.0,0.177103,1048.9558661183837,56.629963,-256.231415,-72.656433,-255.478104,4529.361816,59907.523438,-72.386925,1.796013,0.001565,0.202998,3.870558,0.025862,0.102227,0.121489,3770.831055,0.059383,2.022515,0.02009,0.051501,0.020318,0.001109,3331.7264303723973,-454.405029,-11763.603516,1386.756348,-1.225851,-5.970559,-255.09433,-72.310051,-126.959366,-256.0,129.040436,0.0,56.330368,-256.231506,-72.386932,208128000,0.547708,0.606494,15.999969
0.005836,16.0,0.107497,1047.8100753929364,56.698597,-256.181976,-72.630127,-255.427032,4529.371094,59892.789062,-72.35833,1.785705,0.001574,0.206071,3.877015,0.025635,0.102365,0.121816,3757.481689,0.059618,1.922706,0.019997,0.051266,0.020222,0.001105,3337.838876418273,-454.166565,-11768.62793,1373.479126,-1.229548,-5.963729,-255.050232,-72.274704,-126.879288,-256.0,129.120514,0.0,56.400738,-256.181366,-72.358208,208512000,0.547439,0.611292,15.99999
0.005943,16.0,0.169195,1048.899239196598,56.917187,-256.063721,-72.619751,-255.312973,4545.899414,60084.613281,-72.364433,1.820006,0.001553,0.205791,3.870238,0.025684,0.103657,0.122485,3741.314209,0.0603,2.065438,0.019897,0.051031,0.020115,0.001102,3343.945136245092,-454.298706,-11760.105469,1386.790039,-1.23113,-5.965191,-254.928329,-72.280861,-126.926132,-255.999969,129.073547,0.0,56.624561,-256.063843,-72.364517,208896000,0.548118,0.608707,15.999978
0.005997,16.0,0.172721,1048.714631061835,57.203472,-255.604874,-71.836182,-254.845963,4526.789062,59656.640625,-71.596199,1.529774,0.001476,0.198877,3.837363,0.025681,0.10444,0.12137,3699.928711,0.059064,0.952015,0.019319,0.049679,0.01951,0.001085,3350.0523337960244,-458.715332,-11895.246094,1316.471191,-1.230345,-6.00852,-254.419067,-71.504189,-127.529961,-255.999969,128.469635,0.0,56.909317,-255.606003,-71.596016,209280000,0.543111,0.595586,15.999984
0.006092,16.0,0.204924,1048.1303849102999,57.627884,-255.804642,-72.367798,-255.037308,4517.245117,59619.824219,-72.098503,1.829961,0.001551,0.207952,3.912692,0.0262,0.105549,0.122373,3758.627686,0.061412,2.033428,0.020258,0.051849,0.020485,0.001111,3356.162958216667,-454.065033,-11792.236328,1364.067505,-1.225545,-5.965597,-254.661743,-72.015831,-127.022621,-255.999969,128.977112,0.0,57.348457,-255.804764,-72.09832,209664000,0.55158,0.606864,15.999984
0.005853,16.0,0.16405,1048.1647243190985,57.219379,-255.953476,-72.308418,-255.202896,4540.745605,59961.945312,-72.038048,1.761764,0.001575,0.207443,3.902436,0.025824,0.104371,0.121836,3774.060303,0.063521,1.916095,0.020165,0.051648,0.020393,0.001109,3362.273353223006,-454.398407,-11760.262695,1386.470703,-1.22082,-5.968164,-254.813065,-71.963593,-126.923477,-256.0,129.076263,0.0,56.931599,-255.95314,-72.037949,210048000,0.549142,0.597686,15.999986
0.005882,16.0,0.289353,1048.1274976458365,57.084629,-255.467972,-71.939636,-254.707977,4529.684082,59671.445312,-71.701096,1.80256,0.001545,0.205777,3.899968,0.02558,0.104153,0.121362,3746.407715,0.062888,2.049383,0.020124,0.051604,0.020349,0.001113,3368.3841827670735,-454.174164,-11798.993164,1346.972778,-1.221988,-5.964673,-254.319168,-71.617462,-126.917763,-256.0,129.081909,0.0,56.794743,-255.467621,-71.700737,210432000,0.551958,0.599365,16.000002
0.006053,16.0,0.320425,1048.0142200285047,57.466114,-255.195435,-71.616631,-254.409332,4578.92041,60223.640625,-71.385361,1.524615,0.001544,0.203416,3.848049,0.025492,0.104516,0.120805,3696.561035,0.061169,0.960848,0.019443,0.049967,0.019643,0.001088,3374.4955017646153,-458.264496,-11937.973633,1278.013794,-1.229814,-6.006353,-254.003647,-71.290314,-127.577179,-256.0,128.422501,0.0,57.177605,-255.195831,-71.3853,210816000,0.542478,0.594323,15.99998
0.005934,16.0,0.257837,915.1066433389158,57.911186,-255.677994,-71.367004,-254.93544,4561.61084,60090.441406,-71.123772,1.735868,0.001536,0.202225,3.873863,0.025206,0.105032,0.120789,3729.018555,0.06232,2.045757,0.020177,0.051736,0.020417,0.001114,3381.493794266383,-454.079132,-11780.398438,1368.623901,-1.221121,-5.961699,-254.539627,-71.030823,-126.949646,-255.999969,129.05011,0.0,57.637348,-255.678619,-71.123703,211200000,0.548189,0.596473,15.999993
0.005915,16.0,0.280648,1048.523853004131,56.327385,-254.853622,-71.144928,-254.08577,4600.12793,60382.804688,-70.883842,1.700134,0.001531,0.206226,3.930401,0.025192,0.104938,0.121237,3762.386719,0.061426,1.783267,0.020259,0.051957,0.020494,0.00112,3387.60220840772,-454.148254,-11837.716797,1333.422363,-1.208906,-5.959387,-253.699356,-70.80011,-127.169884,-256.0,128.829742,0.0,56.02124,-254.853851,-70.883835,211584000,0.548937,0.593484,15.999949
0.00598,16.0,0.311327,1047.6223751332482,56.83614,-254.52037,-71.227341,-253.755035,4586.662109,60137.445312,-70.969925,1.723605,0.001523,0.208826,3.894627,0.025031,0.105134,0.121585,3755.720947,0.060538,1.840268,0.020202,0.051819,0.020443,0.001117,3393.7159089048705,-456.759705,-11837.0625,1329.483276,-1.217139,-5.955473,-253.363617,-70.878372,-127.09761,-255.999969,128.901978,0.0,56.538197,-254.520325,-70.970039,211968000,0.548394,0.595949,15.999979
0.005975,16.0,0.231754,1048.688542168361,57.047649,-254.141266,-71.349831,-253.344269,4596.11084,60178.808594,-71.10701,1.543698,0.001533,0.20647,3.882233,0.024742,0.105215,0.122056,3751.983643,0.059652,0.970058,0.020005,0.051374,0.020237,0.001113,3399.823367412885,-458.478912,-11898.536133,1289.693115,-1.216068,-5.967476,-252.964767,-71.018066,-127.297165,-256.0,128.702515,0.0,56.752254,-254.141357,-71.106995,212352000,0.547758,0.59841,15.99998
0.005864,16.0,0.305732,1048.270498079055,56.723366,-254.174545,-71.114685,-253.40802,4570.757812,59839.808594,-70.869362,1.665486,0.001495,0.203263,3.850296,0.024965,0.105755,0.12211,3694.198242,0.058366,1.697083,0.01955,0.050285,0.019762,0.001097,3405.933340827624,-456.900574,-11873.694336,1338.012207,-1.224407,-5.989191,-252.979721,-70.773827,-127.548409,-256.0,128.451294,0.0,56.421833,-254.174774,-70.869247,212736000,0.541957,0.584796,15.99999
0.006035,16.0,0.327501,1048.5984984453871,57.253975,-254.217804,-71.350006,-253.44046,4566.536133,59811.128906,-71.090569,1.712159,0.001523,0.208641,3.89568,0.025126,0.10505,0.121965,3755.687012,0.060041,1.783416,0.020152,0.051729,0.020396,0.001118,3412.04125576814,-456.045044,-11839.962891,1335.064819,-1.218396,-5.961575,-253.05069,-71.000946,-127.189621,-255.999969,128.81015,0.0,56.964741,-254.218536,-71.090538,213120000,0.545371,0.594033,15.999996
0.006185,16.0,0.294302,1047.721037805629,56.753963,-254.326813,-71.120132,-253.564438,4575.80957,59941.800781,-70.871063,1.658903,0.00147,0.210024,3.897786,0.025044,0.103147,0.121352,3756.795654,0.05847,1.843585,0.019936,0.051187,0.020166,0.001109,3418.154491404692,-456.480652,-11830.889648,1344.466431,-1.21768,-5.970486,-253.152359,-70.780174,-127.189034,-255.999969,128.810699,0.0,56.453865,-254.326691,-70.870918,213504000,0.544365,0.58898,15.999978
0.006209,16.0,0.348649,1048.9391651381925,56.93177,-254.676392,-71.220413,-253.895203,4566.525391,59903.953125,-70.979401,1.554596,0.001458,0.209172,3.90427,0.025045,0.10232,0.121464,3759.580078,0.058632,0.95698,0.019894,0.051153,0.020124,0.001113,3424.2604772051177,-457.336365,-11862.242188,1293.816528,-1.221287,-5.978215,-253.502808,-70.884514,-126.987183,-255.999969,129.012512,0.0,56.635696,-254.675766,-70.979607,213888000,0.542064,0.594458,15.999992
0.006018,16.0,0.202008,1048.124581749961,55.80825,-254.806305,-71.075356,-254.051178,4614.410645,60556.128906,-70.831131,1.765139,0.001435,0.204066,3.862575,0.025123,0.102552,0.120909,3711.116211,0.056089,1.888108,0.019252,0.049596,0.019446,0.00109,3430.371005364259,-456.805573,-11830.103516,1375.4021,-1.231611,-6.012993,-253.602249,-70.723618,-127.487038,-256.0,128.51268,0.0,55.487354,-254.805878,-70.830894,214272000,0.536208,0.592018,15.999978
0.00599,16.0,0.145592,1042.0242676682276,57.022697,-256.1008,-71.586548,-255.359894,4551.147461,60068.96875,-71.3265,1.566336,0.001442,0.203634,3.885662,0.024952,0.10167,0.120259,3729.343994,0.059739,0.974092,0.02014,0.051715,0.020379,0.00112,3436.51749963363,-456.841858,-11821.344727,1336.574219,-1.22696,-5.974091,-254.962265,-71.234276,-127.010773,-255.999969,128.988846,0.0,56.728897,-256.10144,-71.326675,214656000,0.539351,0.591843,15.99999
0.005962,16.0,0.152713,987.9683968915789,57.383331,-256.501678,-71.821297,-255.770065,4590.48291,60703.214844,-71.560005,1.722699,0.001439,0.203468,3.878159,0.025068,0.099605,0.119462,3729.019287,0.058648,1.762237,0.019978,0.051347,0.020207,0.001116,3443.0005260070166,-454.649994,-11743.731445,1398.296997,-1.223513,-5.970847,-255.374512,-71.477226,-126.874031,-255.999969,129.12561,0.0,57.098415,-256.501343,-71.560028,215040000,0.53744,0.589563,15.999989
0.005832,16.0,0.162942,995.3553247560326,57.073608,-256.589355,-71.741798,-255.857971,4590.659668,60718.683594,-71.494537,1.762167,0.001377,0.203433,3.868142,0.024825,0.099749,0.119161,3730.734375,0.057712,1.904439,0.019756,0.050829,0.019981,0.001109,3449.4356037696202,-455.249542,-11767.298828,1385.188721,-1.223304,-5.978611,-255.45549,-71.409195,-126.97258,-256.0,129.0271,0.0,56.782139,-256.589447,-71.494591,215424000,0.540112,0.592288,15.999961
0.005816,16.0,0.207134,1041.2458562665204,56.752384,-256.389374,-72.028145,-255.605057,4619.630859,61073.710938,-71.765808,1.558656,0.001361,0.199085,3.828157,0.024568,0.099299,0.119018,3680.092529,0.054545,0.952332,0.019172,0.049466,0.019361,0.001093,3455.5868044018744,-458.794067,-11884.152344,1325.807129,-1.225735,-6.018549,-255.211395,-71.679253,-127.51207,-256.0,128.48764,0.0,56.449146,-256.389252,-71.765923,215808000,0.538549,0.600968,15.999958
0.005699,16.0,0.301985,1031.0694272201947,57.50098,-256.76004,-72.41188,-256.010498,4608.67334,61054.941406,-72.124573,1.79074,0.001462,0.204814,3.860629,0.024472,0.099895,0.119454,3754.460938,0.0568,1.802589,0.02011,0.051635,0.020345,0.001118,3461.799044239521,-455.396606,-11756.092773,1396.476562,-1.222701,-5.95858,-255.649017,-72.048325,-126.971611,-256.0,129.028091,0.0,57.217514,-256.760193,-72.124474,216192000,0.542729,0.600961,16.000002
0.005685,16.0,0.285194,1038.853024874178,57.122025,-256.763611,-72.501945,-256.04187,4586.478516,60776.371094,-72.236267,1.764791,0.001492,0.204696,3.854884,0.024605,0.101081,0.120115,3751.387939,0.05766,1.915719,0.020014,0.051437,0.020243,0.001118,3467.964448261261,-454.362335,-11737.21875,1408.971313,-1.222314,-5.961553,-255.650909,-72.165825,-126.91806,-255.999969,129.08168,0.0,56.832157,-256.76413,-72.235992,216576000,0.539986,0.594295,16.000002
0.005919,16.0,0.248888,990.2609217169037,57.038708,-256.456116,-72.314896,-255.699844,4610.0625,60993.203125,-72.081657,1.762347,0.001474,0.203619,3.853133,0.024662,0.101831,0.120101,3752.511719,0.055944,1.958074,0.019762,0.050842,0.019986,0.001109,3474.432233552138,-454.708405,-11773.43457,1364.684814,-1.225517,-5.967245,-255.331894,-72.002846,-126.834175,-256.0,129.165451,0.0,56.748108,-256.455322,-72.081757,216960000,0.537872,0.599029,15.999986
0.005878,16.0,0.218153,995.6995608656551,56.761189,-256.037537,-71.988892,-255.263977,4633.976074,61179.683594,-71.720627,1.587216,0.001486,0.199245,3.808527,0.025024,0.100203,0.119452,3744.141357,0.052866,0.946116,0.019213,0.049502,0.019411,0.001088,3480.8671349247297,-459.193756,-11881.49707,1331.598022,-1.229887,-6.011029,-254.862503,-71.631752,-127.539047,-256.0,128.460556,0.0,56.456707,-256.037292,-71.72052,217344000,0.535069,0.595271,16.000006
0.005671,16.0,0.176658,1021.4029192495758,58.012703,-256.049683,-72.743301,-255.291367,4595.810547,60749.96875,-72.473137,1.841689,0.00153,0.206798,3.872901,0.024843,0.102655,0.119773,3794.220215,0.057266,2.033244,0.020163,0.051745,0.020399,0.001118,3487.138071131706,-453.987488,-11764.419922,1374.330811,-1.225143,-5.959307,-254.923538,-72.398544,-126.84771,-256.0,129.15213,0.0,57.741745,-256.049438,-72.473106,217728000,0.542179,0.606841,16.000002
0.00573,16.0,0.105482,1017.7811945083853,56.675037,-255.776642,-72.623497,-255.007263,4583.777344,60515.773438,-72.346542,1.743725,0.001575,0.206616,3.877528,0.025263,0.103136,0.120785,3806.384277,0.057808,1.846916,0.02015,0.051744,0.020386,0.001121,3493.430646689733,-454.363525,-11769.424805,1364.169678,-1.224409,-5.965456,-254.637909,-72.273331,-126.792542,-256.0,129.20723,0.0,56.377842,-255.776459,-72.346642,218112000,0.543555,0.600814,16.00001
0.005642,16.0,0.15782,1030.1274771905112,56.569298,-255.753876,-72.614204,-255.012115,4586.725098,60555.578125,-72.357498,1.781553,0.001546,0.20511,3.858845,0.025268,0.102443,0.119611,3788.149414,0.056845,1.859567,0.019884,0.051114,0.020119,0.001111,3499.648837606112,-454.476746,-11789.931641,1363.449097,-1.230609,-5.977978,-254.602386,-72.276154,-126.989273,-255.999969,129.010361,0.0,56.269371,-255.753998,-72.357285,218496000,0.543041,0.604417,16.000006
0.005699,16.0,0.172806,1033.6536417047876,56.880909,-255.842484,-72.010811,-255.071503,4583.90918,60477.984375,-71.778282,1.532138,0.001446,0.197819,3.828167,0.025192,0.101762,0.119723,3725.37207,0.053743,0.95842,0.01919,0.049478,0.01939,0.00109,3505.8451828360558,-458.657288,-11903.904297,1305.530273,-1.233511,-6.021993,-254.650208,-71.685661,-127.507538,-256.0,128.492172,0.0,56.580612,-255.842148,-71.778496,218880000,0.5368,0.597818,16.000023
0.005498,16.0,0.173294,1025.2628269214704,57.500996,-256.22934,-72.07756,-255.462357,4563.956055,60307.765625,-71.818825,1.770888,0.001519,0.203139,3.890774,0.025163,0.100184,0.119224,3806.700928,0.05545,1.944958,0.020067,0.051607,0.020303,0.001124,3512.0929461479186,-454.642578,-11799.521484,1351.09436,-1.225218,-5.975554,-255.089752,-71.734428,-126.959923,-255.999969,129.039795,0.0,57.218212,-256.22876,-71.818893,219264000,0.541772,0.600244,15.999971
0.005482,16.0,0.386361,988.7532205698731,56.743813,-256.551239,-72.201965,-255.796188,4557.226074,60306.378906,-71.930588,1.787589,0.001453,0.202291,3.883224,0.024819,0.100903,0.120464,3757.127686,0.056674,1.91712,0.019956,0.051297,0.020184,0.001116,3518.570397790273,-454.320404,-11759.849609,1391.776855,-1.224942,-5.980031,-255.415161,-71.851524,-126.973236,-256.0,129.026459,0.0,56.446583,-256.551605,-71.930664,219648000,0.540112,0.594141,16.000017
0.005772,16.0,0.230617,972.8737513510137,56.58065,-255.970566,-72.315163,-255.212448,4604.483887,60807.429688,-72.056572,1.791069,0.001428,0.199446,3.877191,0.02458,0.101851,0.120587,3735.944336,0.056425,2.038725,0.019797,0.051039,0.020014,0.001123,3525.15850935777,-454.884735,-11795.010742,1353.660034,-1.223148,-5.97967,-254.822205,-71.980057,-126.937706,-255.999969,129.061935,0.0,56.280579,-255.970245,-72.056396,220032000,0.54087,0.597432,15.99999
0.005801,16.0,0.271451,1032.2818298465527,57.489456,-255.873978,-72.090652,-255.080429,4611.64209,60853.003906,-71.840538,1.53539,0.001416,0.195159,3.841442,0.024767,0.100815,0.120538,3712.794922,0.053044,0.951588,0.018999,0.049104,0.019194,0.001091,3531.3638704975447,-458.800201,-11904.167969,1307.020142,-1.230813,-6.028231,-254.675369,-71.750542,-127.52356,-255.999969,128.476166,0.0,57.200161,-255.874268,-71.840492,220416000,0.538988,0.600244,15.999989
0.005526,16.0,0.310729,913.4651201413475,58.260895,-256.370483,-72.544724,-255.60524,4576.285156,60544.65625,-72.268669,1.848661,0.001434,0.197698,3.887633,0.024324,0.10165,0.120878,3740.375,0.055313,2.013339,0.019621,0.050579,0.019841,0.001112,3538.374849029382,-453.665375,-11734.12793,1402.293823,-1.21978,-5.987365,-255.220932,-72.193924,-126.827393,-256.0,129.172333,0.0,57.995541,-256.370239,-72.268539,220800000,0.542817,0.609537,15.999993
0.005505,16.0,0.355902,1019.5439684256731,57.188347,-255.978226,-71.882729,-255.214188,4620.042969,60972.246094,-71.613983,1.729723,0.001409,0.199787,3.943301,0.024372,0.102294,0.121861,3763.637939,0.055619,1.742302,0.019545,0.050367,0.01976,0.001106,3544.658965790272,-453.983734,-11778.258789,1385.463135,-1.203984,-5.980939,-254.82991,-71.547523,-127.097382,-256.0,128.902283,0.0,56.898785,-255.977982,-71.613792,221184000,0.538964,0.598303,15.999986
0.005608,16.0,0.28192,1032.8225466434021,56.772537,-255.582886,-71.798401,-254.806015,4625.266113,60939.300781,-71.532509,1.725226,0.001396,0.199977,3.900171,0.024438,0.103298,0.121646,3760.838623,0.056096,1.767671,0.019421,0.050062,0.019629,0.001101,3550.8601703047752,-455.936859,-11800.760742,1370.632935,-1.217476,-5.993744,-254.412308,-71.453545,-127.154762,-255.999969,128.845016,0.0,56.474228,-255.582977,-71.532555,221568000,0.539627,0.59301,15.99999
0.005405,16.0,0.240067,1016.9151030094779,56.636112,-255.52948,-71.982025,-254.732224,4622.240723,60900.078125,-71.730347,1.571145,0.001388,0.199345,3.895946,0.024354,0.104319,0.122395,3744.025635,0.056892,0.947428,0.019222,0.049577,0.019418,0.001094,3557.1598640918733,-457.752838,-11854.80957,1324.209106,-1.22012,-5.99846,-254.354477,-71.647003,-127.212517,-255.999969,128.787109,0.0,56.332542,-255.528809,-71.73053,221952000,0.538587,0.604418,15.999982
0.005633,16.0,0.033836,1030.5583293919822,56.564526,-255.873077,-71.337303,-255.110001,4589.126465,60491.28125,-71.10141,1.684811,0.001385,0.196623,3.864964,0.024597,0.104355,0.121366,3737.792236,0.055292,1.71469,0.018788,0.048558,0.018971,0.00108,3563.3746845444043,-457.354584,-11848.03418,1366.099243,-1.223354,-6.030829,-254.674118,-71.009491,-127.56752,-255.999969,128.432114,0.0,56.258953,-255.872726,-71.101639,222336000,0.532322,0.589639,15.999984
0.005457,16.0,0.180954,1004.3740474392556,57.929344,-256.014923,-71.436699,-255.238876,4584.493164,60468.339844,-71.169327,1.741536,0.001365,0.201106,3.89995,0.024548,0.103356,0.121304,3759.67041,0.058563,1.754659,0.019418,0.050081,0.019629,0.001103,3569.7515428066254,-454.710236,-11792.095703,1374.779907,-1.220554,-5.992512,-254.855179,-71.078522,-127.121468,-256.0,128.878326,0.0,57.655277,-256.014679,-71.169434,222720000,0.539254,0.595487,16.0
0.005341,16.0,0.037426,1044.4366425959774,57.811775,-256.104156,-71.056343,-255.357574,4569.456543,60262.085938,-70.822144,1.73809,0.00137,0.202309,3.905971,0.02453,0.103329,0.121734,3760.063232,0.059069,1.761288,0.019299,0.049763,0.019508,0.001096,3575.8840859770776,-455.81842,-11791.746094,1370.118774,-1.213466,-5.994196,-254.946075,-70.731079,-127.060509,-256.0,128.939224,0.0,57.534534,-256.103943,-70.82206,223104000,0.536557,0.596157,16.000002
0.005469,16.0,0.191803,1049.4718916557608,57.561993,-256.443878,-70.955849,-255.673996,4572.104492,60362.042969,-70.710205,1.584359,0.001347,0.201052,3.898402,0.024854,0.101269,0.120917,3761.156982,0.058435,0.938819,0.019204,0.049551,0.019409,0.001094,3581.98721036911,-457.493378,-11830.046875,1326.09729,-1.217385,-5.999305,-255.287704,-70.611588,-126.986511,-255.999969,129.013077,0.0,57.278233,-256.444397,-70.710175,223488000,0.535555,0.598574,16.00001
0.005594,16.0,0.223689,1050.0921957162059,56.847355,-256.733215,-70.802834,-255.989853,4585.60791,60598.628906,-70.559967,1.788871,0.001338,0.194348,3.837271,0.024858,0.100829,0.119487,3691.511719,0.057939,1.982651,0.018494,0.047822,0.018665,0.001066,3588.088758508364,-456.961243,-11821.076172,1390.151123,-1.224944,-6.041892,-255.541077,-70.451027,-127.542198,-255.999969,128.457504,0.0,56.547546,-256.732605,-70.559814,223872000,0.531563,0.59771,15.999992
0.00537,16.0,0.249482,1027.2414870597295,57.965954,-257.529694,-71.498772,-256.777191,4555.087402,60434.347656,-71.237381,1.583723,0.001406,0.196226,3.874578,0.024895,0.099525,0.119709,3734.255615,0.059275,0.965496,0.01956,0.05038,0.019778,0.001104,3594.3235856254896,-456.593048,-11803.683594,1349.50769,-1.217399,-5.990377,-256.40509,-71.150459,-126.965759,-256.0,129.034012,0.0,57.691624,-257.530151,-71.237816,224256000,0.537043,0.597839,15.999994
0.005315,16.0,0.261949,927.3680674267649,57.549416,-257.715637,-71.424622,-256.995514,4537.850098,60250.019531,-71.152855,1.803933,0.001409,0.195436,3.866892,0.024939,0.099595,0.119435,3718.86499,0.059868,1.97695,0.019444,0.050108,0.019648,0.001102,3601.2293828725815,-454.212006,-11731.483398,1405.392456,-1.218837,-5.988328,-256.595276,-71.065475,-126.826683,-256.0,129.173141,0.0,57.268738,-257.715881,-71.152954,224640000,0.538101,0.591676,15.999994
0.005438,16.0,0.261143,964.2673820007658,57.232563,-257.765381,-71.871552,-257.029816,4559.618164,60588.25,-71.610138,1.832867,0.001383,0.192929,3.855826,0.024713,0.099765,0.119578,3697.502686,0.059894,1.8321,0.019283,0.049728,0.019482,0.001096,3607.874382642905,-454.662201,-11752.705078,1391.725098,-1.216472,-5.99544,-256.638275,-71.524628,-126.897469,-255.999969,129.102127,0.0,56.945473,-257.765076,-71.610214,225024000,0.54001,0.61141,16.000021
0.005486,16.0,0.127055,961.1504909761483,55.782875,-256.990173,-72.093887,-256.193726,4588.23584,60800.425781,-71.839264,1.61249,0.001372,0.190042,3.809709,0.024837,0.101246,0.119332,3668.318359,0.05708,0.953282,0.018855,0.048707,0.019045,0.001081,3614.541293823719,-458.894501,-11884.75293,1326.778687,-1.223428,-6.034459,-255.807541,-71.749382,-127.526268,-255.999969,128.473495,0.0,55.459343,-256.990234,-71.839462,225408000,0.538669,0.615298,15.999992
0.005565,16.0,0.228148,959.5211400882602,57.033104,-257.49234,-72.116653,-256.739624,4557.291504,60518.035156,-71.850685,1.81291,0.00144,0.191077,3.847372,0.025056,0.103015,0.120284,3709.121582,0.060337,1.813663,0.019749,0.050763,0.019967,0.001105,3621.219490460555,-454.490326,-11721.394531,1429.621826,-1.217252,-5.992726,-256.361847,-71.774849,-126.965195,-255.999969,129.034515,0.0,56.741688,-257.491974,-71.850731,225792000,0.539796,0.600321,16.000002
0.005474,16.0,0.21589,1031.0957637041479,57.738514,-257.312469,-71.988861,-256.572723,4543.500977,60281.902344,-71.716965,1.812453,0.001449,0.193817,3.846562,0.024894,0.103602,0.120072,3721.802002,0.061979,2.04201,0.019826,0.050977,0.020053,0.00111,3627.434572915236,-454.377289,-11711.602539,1421.369263,-1.222599,-5.981506,-256.189697,-71.635033,-126.785988,-256.0,129.213669,0.0,57.462383,-257.311157,-71.71685,226176000,0.540664,0.595626,15.999982
0.00548,16.0,0.161379,1050.7370178522701,58.268566,-256.874207,-72.105698,-256.116089,4576.816406,60629.21875,-71.862335,1.777709,0.001421,0.194531,3.844616,0.024691,0.103014,0.120186,3737.844727,0.059824,1.93094,0.019556,0.050364,0.019769,0.001104,3633.5302782615026,-454.784454,-11754.047852,1383.325562,-1.223013,-5.990279,-255.73439,-71.774757,-126.826256,-255.999969,129.173538,0.0,58.003021,-256.874176,-71.862183,226560000,0.539503,0.612039,16.000002
0.005528,16.0,0.114853,1050.3690442389131,57.311359,-256.847717,-71.584229,-256.083221,4571.692383,60508.367188,-71.334114,1.558171,0.001357,0.192497,3.808033,0.024686,0.102487,0.119564,3706.771973,0.057172,0.938835,0.018999,0.048971,0.019177,0.00108,3639.628012871742,-459.471466,-11869.959961,1344.071533,-1.227953,-6.030599,-255.668045,-71.234497,-127.545677,-256.0,128.453964,0.0,57.017933,-256.847412,-71.334068,226944000,0.535395,0.604783,16.0
0.005392,16.0,0.1495,1049.8970226758813,57.639534,-256.626434,-72.026558,-255.867706,4526.588867,59902.820312,-71.770096,1.798809,0.001418,0.198789,3.869804,0.024855,0.103405,0.121324,3757.87207,0.058424,1.971776,0.020033,0.051446,0.020254,0.001116,3645.728517480691,-454.057373,-11749.259766,1398.824341,-1.219196,-5.98275,-255.487137,-71.686226,-126.94046,-255.999969,129.059326,0.0,57.361134,-256.62561,-71.770027,227328000,0.542077,0.608531,16.0
0.005408,16.0,0.12191,1050.5387510950734,57.046822,-256.889648,-72.000565,-256.128174,4530.854492,60014.808594,-71.732368,1.75562,0.0015,0.199985,3.862614,0.025,0.10305,0.121062,3752.19458,0.059351,1.984522,0.019822,0.050961,0.020035,0.00111,3651.8252161184946,-454.15332,-11744.5625,1397.658081,-1.223772,-5.97974,-255.759857,-71.645302,-126.880737,-256.0,129.11879,0.0,56.756405,-256.88916,-71.732346,227712000,0.54037,0.604604,15.999986
0.005249,16.0,0.155715,1050.560225791668,56.657021,-256.560638,-72.249176,-255.799713,4557.958496,60322.320312,-71.984039,1.735475,0.001467,0.199609,3.853849,0.024833,0.103074,0.120528,3733.593506,0.058759,1.902845,0.01971,0.050697,0.01992,0.001107,3657.921781917413,-454.412872,-11772.266602,1384.603271,-1.226339,-5.985237,-255.420685,-71.899414,-127.024231,-255.999969,128.975418,0.0,56.358337,-256.560852,-71.983955,228096000,0.538433,0.604279,16.000008
0.005638,16.0,0.180372,1049.953051706852,56.45229,-256.031769,-71.967758,-255.252136,4550.470703,60073.867188,-71.712151,1.526306,0.00142,0.196186,3.82729,0.024649,0.101394,0.12012,3715.010742,0.05607,0.940246,0.019039,0.049082,0.01922,0.001082,3664.021894566218,-459.360626,-11891.249023,1320.24646,-1.228273,-6.025481,-254.841873,-71.621445,-127.521111,-255.999969,128.478638,0.0,56.142071,-256.032532,-71.712158,228480000,0.534347,0.601917,15.999993
0.005291,16.0,0.164259,1050.9078646607002,58.21014,-256.295502,-72.382217,-255.52951,4545.658691,60108.800781,-72.119308,1.806793,0.001516,0.204644,3.883016,0.024938,0.101,0.120675,3768.109863,0.056219,2.009343,0.019813,0.050998,0.020032,0.001115,3670.116505753994,-454.211609,-11769.613281,1374.661011,-1.228106,-5.982502,-255.152267,-72.033951,-126.900635,-255.999969,129.099106,0.0,57.942902,-256.29538,-72.119347,228864000,0.538478,0.60786,16.00001
0.005383,16.0,0.303628,1050.5043470884104,57.214573,-256.798248,-72.554199,-256.046234,4536.654785,60121.503906,-72.277122,1.813515,0.001451,0.202187,3.870883,0.02468,0.100981,0.120689,3729.401855,0.056308,1.986758,0.019688,0.050692,0.0199,0.00111,3676.2133311390876,-454.283905,-11736.853516,1407.133301,-1.226108,-5.985434,-255.663101,-72.19928,-126.897018,-255.999969,129.102692,0.0,56.927826,-256.798615,-72.277168,229248000,0.537557,0.603604,16.000015
0.005529,16.0,0.324145,1049.7174337608967,57.274368,-256.512177,-72.820663,-255.732849,4587.743652,60752.488281,-72.548729,1.793821,0.001492,0.202726,3.864211,0.024569,0.102742,0.121154,3720.661621,0.057035,1.903086,0.019435,0.050071,0.019648,0.001099,3682.3146951794624,-455.065369,-11770.880859,1382.023926,-1.225044,-5.996157,-255.357803,-72.471611,-126.978386,-256.0,129.021317,0.0,56.987827,-256.512177,-72.548523,229632000,0.542057,0.615143,15.999983
0.005368,16.0,0.269636,1050.9561289454612,57.057468,-256.396942,-72.245354,-255.6194,4558.495605,60287.574219,-72.013527,1.549393,0.001457,0.199544,3.822865,0.024564,0.103298,0.120769,3699.588379,0.05619,0.949389,0.018772,0.048525,0.018961,0.001079,3688.4089477539064,-458.281525,-11908.883789,1303.931641,-1.229233,-6.034974,-255.203125,-71.924599,-127.544846,-255.999969,128.454819,0.0,56.761066,-256.397095,-72.013687,230016000,0.5375,0.608634,15.999968
0.005547,16.0,0.314198,913.3547031692084,58.034271,-257.045959,-72.335251,-256.284821,4565.961914,60546.238281,-72.05146,1.835631,0.001446,0.202396,3.866965,0.024126,0.102443,0.121182,3759.730713,0.056606,2.003641,0.01947,0.050231,0.019689,0.001107,3695.4205630819,-454.029785,-11740.426758,1409.54834,-1.218376,-5.997743,-255.901169,-71.973503,-126.959633,-256.0,129.040115,0.0,57.763821,-257.046173,-72.05159,230400000,0.541061,0.610364,15.999966
0.005478,16.0,0.272503,1038.240236655637,57.643707,-256.662903,-72.245644,-255.914246,4606.679199,60992.878906,-71.966461,1.7502,0.001439,0.20219,3.923534,0.024485,0.103413,0.12122,3763.454346,0.058454,1.735562,0.019622,0.050588,0.019849,0.001112,3701.5894241770106,-454.646942,-11778.448242,1379.799805,-1.20453,-5.99026,-255.517517,-71.902039,-127.035797,-256.0,128.963837,0.0,57.362953,-256.663727,-71.966507,230784000,0.54295,0.607861,15.999955
0.005579,16.0,0.267978,1035.8023578704979,57.023956,-256.616699,-72.223175,-255.850311,4580.453125,60629.433594,-71.958443,1.751816,0.001414,0.203775,3.875375,0.024359,0.102314,0.120356,3742.918213,0.057839,1.721355,0.019526,0.050281,0.019752,0.0011,3707.772737046083,-456.090668,-11795.479492,1368.292847,-1.219712,-5.994701,-255.466415,-71.875992,-127.076721,-256.0,128.923019,0.0,56.730198,-256.615997,-71.958313,231168000,0.538576,0.612597,15.999979
0.005529,16.0,0.197258,1005.9960927960385,57.056717,-256.301575,-72.254845,-255.499603,4570.290039,60418.421875,-71.994339,1.620405,0.001436,0.203281,3.868057,0.024361,0.102011,0.120197,3741.416748,0.058778,0.949604,0.019441,0.050117,0.019663,0.001101,3714.1391216079396,-457.702484,-11845.161133,1328.756958,-1.217832,-5.999679,-255.138397,-71.908737,-127.162102,-256.0,128.837646,0.0,56.763474,-256.301025,-71.994415,231552000,0.542931,0.624134,15.99995
0.005344,16.0,0.125504,978.704464071109,56.436916,-255.819794,-72.052544,-255.038177,4587.510742,60520.363281,-71.792709,1.739816,0.001432,0.201036,3.839712,0.024646,0.103024,0.120295,3735.666748,0.058441,1.880288,0.019075,0.049239,0.019282,0.001088,3720.685078326861,-456.300781,-11859.019531,1353.676147,-1.22142,-6.025273,-254.623413,-71.705742,-127.563919,-255.999969,128.435776,0.0,56.129051,-255.819641,-71.79261,231936000,0.538186,0.611849,15.999987
0.005609,16.0,0.090725,994.1877635569779,55.851593,-255.802078,-72.478043,-255.020538,4574.820801,60391.773438,-72.184151,1.791627,0.001461,0.206099,3.87653,0.025043,0.104734,0.12084,3756.549072,0.059967,1.724493,0.019804,0.050974,0.020036,0.001113,3727.13170063893,-456.09726,-11786.542969,1387.773193,-1.220322,-5.990498,-254.636139,-72.103607,-127.182205,-255.999969,128.817627,0.0,55.53368,-255.802032,-72.184227,232320000,0.545926,0.617061,15.999984
0.005557,16.0,0.066949,1006.5035922060995,55.934162,-255.770187,-72.227867,-254.998596,4586.072266,60512.683594,-71.978668,1.734347,0.001418,0.201839,3.861305,0.025105,0.104806,0.1203,3729.983643,0.06086,1.692002,0.019746,0.050788,0.019979,0.001106,3733.497176714738,-456.310913,-11807.330078,1368.251099,-1.22326,-5.984884,-254.612564,-71.894127,-127.192696,-255.999969,128.807098,0.0,55.618073,-255.769394,-71.978775,232704000,0.540987,0.61053,15.99999
0.005314,16.0,0.147002,1007.5473526730303,56.500099,-255.558838,-72.155563,-254.791855,4614.344727,60829.273438,-71.912514,1.542951,0.001451,0.207096,3.87351,0.025538,0.105592,0.119892,3730.220947,0.061008,0.932117,0.020069,0.051528,0.020301,0.001116,3739.856261519591,-458.267273,-11839.135742,1313.81958,-1.227675,-5.967426,-254.416809,-71.823669,-126.946854,-255.999969,129.052826,0.0,56.195019,-255.559372,-71.912727,233088000,0.538349,0.607659,15.999994
0.005315,16.0,0.19831,900.3358434648344,56.734352,-255.446915,-71.585678,-254.699982,4657.966797,61330.40625,-71.340439,1.740538,0.001405,0.198144,3.817029,0.025302,0.104137,0.118537,3665.958008,0.057779,1.883971,0.019445,0.050044,0.019639,0.001096,3746.9727844516437,-457.96051,-11829.219727,1380.687256,-1.230172,-6.001878,-254.26918,-71.244087,-127.519814,-255.999969,128.479858,0.0,56.431416,-255.446594,-71.340096,233472000,0.533305,0.59302,16.000023
0.005367,16.0,0.212244,922.9223309960811,57.748066,-256.213654,-72.128662,-255.453415,4617.369141,61017.941406,-71.852158,1.567217,0.001521,0.20414,3.856006,0.025304,0.104405,0.119544,3737.443359,0.061442,0.963498,0.020341,0.052243,0.020573,0.001133,3753.914917361736,-457.160583,-11795.541016,1361.050903,-1.216903,-5.974607,-255.076004,-71.778099,-126.994446,-255.999969,129.005325,0.0,57.469589,-256.213867,-71.852478,233856000,0.539225,0.598051,15.999994
0.005343,16.0,0.222974,952.9326168505049,57.039902,-256.652222,-71.970428,-255.920517,4635.040527,61345.757812,-71.724434,1.748225,0.001491,0.202656,3.844577,0.025421,0.106555,0.118421,3722.279541,0.061229,1.860078,0.020227,0.051951,0.020455,0.001127,3760.636214717229,-454.63446,-11730.742188,1421.877441,-1.227016,-5.968802,-255.531448,-71.640266,-126.979813,-256.0,129.019836,0.0,56.748543,-256.652893,-71.724487,234240000,0.5366,0.592121,15.999983
0.005385,16.0,0.23142,905.3920936160512,56.995796,-256.314636,-71.855438,-255.578232,4628.508789,61170.890625,-71.617424,1.764675,0.001447,0.202103,3.841329,0.024966,0.106459,0.118074,3697.326904,0.060924,1.965454,0.020193,0.051827,0.020417,0.001122,3767.7133544286094,-454.760925,-11757.530273,1395.497803,-1.229979,-5.957667,-255.197388,-71.52478,-126.982529,-255.999969,129.017166,0.0,56.703453,-256.31488,-71.617302,234624000,0.53673,0.598021,15.999971
0.005303,16.0,0.326121,943.0095596056524,56.970154,-255.840576,-71.820518,-255.053116,4672.515137,61629.953125,-71.576988,1.537974,0.001406,0.199917,3.792402,0.024493,0.102847,0.117089,3676.324951,0.057919,0.951111,0.019501,0.050205,0.019705,0.0011,3774.508494321505,-457.958801,-11882.366211,1328.822144,-1.228351,-5.99853,-254.672455,-71.485466,-127.53231,-255.999969,128.467484,0.0,56.672993,-255.840668,-71.577194,235008000,0.536383,0.598191,15.999969
0.005511,16.0,0.416948,1010.9737248060793,58.53941,-255.992371,-72.200493,-255.242981,4642.049805,61302.921875,-71.922913,1.734563,0.001395,0.205438,3.834306,0.024485,0.101755,0.117359,3728.730957,0.05941,1.798688,0.02037,0.052259,0.020602,0.001129,3780.8472709854445,-455.005005,-11742.770508,1414.342163,-1.225092,-5.961541,-254.863373,-71.842972,-127.021042,-256.0,128.978592,0.0,58.278343,-255.992538,-71.922913,235392000,0.539915,0.595251,15.999962
0.005462,16.0,0.281397,985.0753439891405,58.177879,-256.106842,-72.394569,-255.370331,4646.797852,61410.632812,-72.117752,1.753023,0.001427,0.201949,3.824954,0.024456,0.101005,0.117704,3708.407227,0.05922,1.938312,0.020276,0.052101,0.020512,0.001131,3787.348800655206,-454.703857,-11726.172852,1426.218628,-1.219907,-5.958751,-254.983994,-72.048897,-126.976929,-255.999969,129.022781,0.0,57.909729,-256.10672,-72.117706,235776000,0.537708,0.591707,15.999959
0.005426,16.0,0.231156,931.524872776244,57.979229,-255.856705,-72.289459,-255.098206,4663.452637,61558.304688,-72.049599,1.724611,0.00145,0.201863,3.825208,0.024709,0.101685,0.118237,3718.838867,0.057784,1.795335,0.019813,0.050971,0.020041,0.001112,3794.2275926232337,-455.029816,-11764.244141,1387.37085,-1.225199,-5.978325,-254.708481,-71.971275,-126.965881,-255.999969,129.033798,0.0,57.707256,-255.856705,-72.049263,236160000,0.539679,0.596653,15.999953
0.005239,16.0,0.196421,945.6141269392112,57.427013,-255.756104,-71.832428,-254.978897,4674.541504,61634.664062,-71.582855,1.52596,0.001379,0.200877,3.7849,0.024722,0.103631,0.119033,3675.69873,0.056257,0.948745,0.019117,0.049287,0.019312,0.001086,3801.003577093283,-459.011444,-11869.544922,1342.11084,-1.231473,-6.010088,-254.574524,-71.490746,-127.526085,-256.0,128.473541,0.0,57.136253,-255.756104,-71.583107,236544000,0.535591,0.593127,15.999974
0.005225,16.0,0.147443,937.262203857113,58.056274,-255.605713,-72.302589,-254.845642,4644.804688,61253.355469,-72.042839,1.782706,0.001484,0.211245,3.85925,0.02492,0.103413,0.120851,3765.241211,0.057044,1.874419,0.020257,0.052015,0.020498,0.001126,3807.8406554301578,-455.211823,-11768.326172,1376.968872,-1.222956,-5.959606,-254.470657,-71.96386,-126.900902,-255.999969,129.098785,0.0,57.784416,-255.605942,-72.042801,236928000,0.540254,0.602589,15.999972
0.00519,16.0,0.136089,950.7015563902065,56.959969,-255.907303,-72.051857,-255.154678,4638.132812,61213.796875,-71.803627,1.764002,0.001424,0.208597,3.844696,0.025018,0.103947,0.120741,3732.176025,0.057814,1.808397,0.019967,0.051355,0.0202,0.001119,3814.5770776232084,-455.365173,-11767.910156,1383.185181,-1.229957,-5.974794,-254.764816,-71.714233,-126.95771,-256.0,129.041992,0.0,56.665081,-255.907623,-71.803459,237312000,0.536563,0.598746,15.999982
0.005353,16.0,0.132472,941.0998028489802,56.373096,-256.030029,-71.781563,-255.268814,4652.973633,61411.171875,-71.530685,1.738139,0.00143,0.208095,3.844979,0.024879,0.103018,0.121025,3723.881592,0.056549,1.982656,0.019766,0.050899,0.019982,0.001115,3821.384832771619,-455.495117,-11782.729492,1360.894531,-1.224966,-5.984799,-254.881119,-71.441681,-126.88131,-256.0,129.118347,0.0,56.068348,-256.02948,-71.530716,237696000,0.533267,0.597576,15.99999
0.005345,16.0,0.089558,996.3370600377034,56.071987,-255.645523,-71.488396,-254.870285,4641.216797,61137.882812,-71.25666,1.554623,0.001454,0.204466,3.812733,0.025066,0.104724,0.121248,3702.959229,0.056731,0.925273,0.01937,0.049977,0.019578,0.001103,3827.8165597875914,-459.655823,-11903.5,1312.7323,-1.227795,-6.01747,-254.459244,-71.159012,-127.565849,-255.999969,128.433838,0.0,55.753418,-255.645981,-71.25647,238080000,0.527934,0.597797,16.000027
0.005175,16.0,0.055749,992.2827736662674,56.544956,-256.084045,-71.637375,-255.313354,4612.176758,60868.085938,-71.384865,1.711612,0.001528,0.208685,3.877941,0.024767,0.103626,0.120407,3768.106201,0.056685,1.882782,0.019887,0.05121,0.020116,0.001121,3834.272616271178,-455.721039,-11803.330078,1357.495117,-1.227631,-5.999278,-254.922699,-71.294205,-127.0513,-256.0,128.948349,0.0,56.242229,-256.084656,-71.384949,238464000,0.532394,0.58992,15.99999
0.005076,16.0,0.191073,992.8981349404289,57.157524,-256.927063,-71.848381,-256.179596,4589.172852,60781.480469,-71.589752,1.736387,0.001484,0.207766,3.868753,0.02447,0.103115,0.120947,3719.602295,0.0593,1.863512,0.019887,0.051152,0.02012,0.001115,3840.726489754518,-454.766754,-11738.453125,1401.215332,-1.224765,-5.984587,-255.796143,-71.506554,-126.849007,-256.0,129.150772,0.0,56.868702,-256.926758,-71.58963,238848000,0.534125,0.588846,16.000002
0.005538,16.0,0.201308,967.083435561248,57.093464,-256.433258,-71.880287,-255.668243,4591.319336,60695.097656,-71.629242,1.799552,0.001511,0.204878,3.860732,0.024546,0.101773,0.119674,3732.990967,0.060055,1.989961,0.019828,0.051119,0.020051,0.001124,3847.3492842912674,-455.566498,-11800.47168,1353.960205,-1.233188,-5.98778,-255.28952,-71.529678,-126.98835,-255.999969,129.011368,0.0,56.80228,-256.433838,-71.629158,239232000,0.534891,0.605855,15.999959
0.005329,16.0,0.336386,916.8353219608024,58.202316,-256.114838,-71.926704,-255.311707,4618.519043,60979.136719,-71.692337,1.555186,0.001461,0.200683,3.819319,0.024557,0.099387,0.118141,3714.286377,0.057799,0.934116,0.019046,0.049237,0.019249,0.001094,3854.3373440424602,-458.724274,-11906.970703,1302.281128,-1.234035,-6.039741,-254.912231,-71.595871,-127.505554,-255.999969,128.49411,0.0,57.929035,-256.1138,-71.692398,239616000,0.530323,0.600685,15.999971
0.005266,16.0,0.254067,771.2723486182024,57.833183,-256.395447,-71.951164,-255.628326,4564.038086,60332.917969,-71.687302,1.783114,0.001476,0.205537,3.880072,0.02432,0.099064,0.118854,3774.532227,0.056894,1.955988,0.019914,0.05134,0.020157,0.001127,3862.6436624805133,-455.221252,-11769.397461,1384.793579,-1.22039,-5.997895,-255.239899,-71.604179,-126.989578,-256.0,129.010193,0.0,57.556831,-256.394653,-71.68708,240000000,0.535766,0.601372,15.999986
0.005319,16.0,0.13784,910.7826746082812,57.178787,-256.050964,-71.810944,-255.289658,4590.592773,60593.375,-71.532707,1.778693,0.001503,0.204659,3.934291,0.024615,0.099453,0.119303,3780.32373,0.058057,1.8584,0.020018,0.051583,0.020258,0.001131,3869.678846482436,-454.365906,-11756.649414,1403.973022,-1.211656,-5.988266,-254.893784,-71.456825,-127.062454,-255.999969,128.937195,0.0,56.890327,-256.050446,-71.532677,240384000,0.542793,0.598484,15.999976
0.005447,16.0,0.18396,900.1412478449568,57.425282,-255.995514,-72.07534,-255.2314,4609.838867,60858.507812,-71.811829,1.759429,0.001497,0.203897,3.885636,0.024523,0.098982,0.117973,3768.078613,0.057219,1.808046,0.019718,0.050858,0.019945,0.00112,3876.797302567959,-456.10141,-11785.25293,1384.897583,-1.230899,-5.997366,-254.829391,-71.723282,-127.140663,-256.0,128.858994,0.0,57.138733,-255.995346,-71.811928,240768000,0.541087,0.596277,15.999978
0.005297,16.0,0.214312,903.192425249155,57.244873,-255.963699,-72.446846,-255.170517,4604.726562,60812.746094,-72.19944,1.59878,0.001442,0.204298,3.879745,0.024436,0.099832,0.11914,3753.933594,0.057616,0.957147,0.019609,0.050596,0.019826,0.001116,3883.893169331551,-458.085663,-11839.631836,1341.050781,-1.229994,-5.996654,-254.797668,-72.112938,-127.226051,-256.0,128.773605,0.0,56.953873,-255.963837,-72.199471,241152000,0.542264,0.609398,15.99998
0.005514,16.0,0.234397,906.7237606501269,56.386848,-255.99379,-71.921852,-255.205414,4570.11084,60317.054688,-71.671822,1.734186,0.001441,0.201212,3.846402,0.024744,0.098052,0.118341,3767.81958,0.055189,1.866682,0.018979,0.049081,0.019179,0.001092,3890.960072382291,-455.887695,-11851.286133,1358.009155,-1.231479,-6.035271,-254.791656,-71.582481,-127.534058,-256.0,128.465576,0.0,56.078274,-255.99295,-71.671829,241536000,0.535193,0.59079,15.999974
0.005304,16.0,0.149688,907.3275037669821,57.213516,-255.941437,-72.058418,-255.172302,4550.558594,60062.859375,-71.787727,1.752746,0.001427,0.206377,3.892075,0.02477,0.099303,0.119791,3785.864746,0.05502,1.786858,0.019455,0.050258,0.019667,0.001114,3898.021667170525,-455.759399,-11782.944336,1385.902954,-1.221423,-6.007478,-254.766647,-71.708809,-127.130959,-256.0,128.868713,0.0,56.923397,-255.941971,-71.787605,241920000,0.535973,0.595108,15.999993
0.005194,16.0,0.172102,909.8838418909938,56.672119,-256.457397,-71.8116,-255.706024,4560.277344,60291.261719,-71.559814,1.697941,0.001405,0.206064,3.884494,0.024513,0.098791,0.119536,3771.205566,0.054484,1.7756,0.019292,0.049855,0.019503,0.001106,3905.063947268327,-456.122955,-11784.240234,1381.981934,-1.224093,-6.003306,-255.298828,-71.476166,-127.101166,-255.999969,128.898651,0.0,56.370255,-256.457031,-71.559883,242304000,0.533362,0.589856,16.000004
0.005159,16.0,0.128655,909.2555703667246,56.601437,-256.63205,-72.312012,-255.834854,4566.412109,60447.492188,-72.052048,1.54915,0.001425,0.204737,3.882535,0.024563,0.097396,0.118545,3764.568848,0.054445,0.934944,0.019057,0.049342,0.019264,0.001102,3912.110977784793,-457.423279,-11834.506836,1310.24646,-1.229017,-6.01543,-255.464371,-71.965439,-126.872887,-256.0,129.126785,0.0,56.298,-256.632629,-72.052223,242688000,0.534684,0.605988,15.99999
0.005319,16.0,0.176806,925.274029246757,57.220604,-257.032715,-71.56179,-256.294128,4599.203125,60918.65625,-71.319527,1.736094,0.001342,0.19797,3.827223,0.02433,0.096383,0.11805,3708.823975,0.052648,1.876336,0.0182,0.047262,0.018368,0.001069,3919.035676856836,-457.461945,-11818.959961,1385.72168,-1.229805,-6.063473,-255.827728,-71.225792,-127.472374,-255.999969,128.527313,0.0,56.928902,-257.032074,-71.319305,243072000,0.525157,0.587854,15.999989
0.005242,16.0,0.199096,933.3900855825997,58.088097,-258.540222,-72.308067,-257.782959,4534.716797,60468.511719,-72.026062,1.561242,0.001412,0.202126,3.848481,0.024513,0.096188,0.11844,3756.608398,0.055537,0.950609,0.018998,0.04916,0.019201,0.001096,3925.9009875297547,-456.969299,-11801.250977,1350.708374,-1.222859,-6.024682,-257.402527,-71.954155,-126.949768,-255.999969,129.049942,0.0,57.81488,-258.540283,-72.026428,243456000,0.532072,0.588647,15.99999
0.005265,16.0,0.261355,902.9997541332654,57.550838,-258.611877,-72.124367,-257.875671,4577.143066,61038.5,-71.852028,1.796228,0.001442,0.199551,3.8501,0.02461,0.096891,0.118464,3748.168945,0.054523,1.931052,0.018783,0.048692,0.018986,0.001092,3932.9967173258465,-455.369659,-11728.274414,1416.576538,-1.214001,-6.034029,-257.466431,-71.78717,-126.894867,-256.0,129.104782,0.0,57.26762,-258.612183,-71.851913,243840000,0.533324,0.584704,15.999993
0.005351,16.0,0.247017,904.5448866297693,57.480511,-259.118042,-72.178581,-258.391693,4590.258789,61337.75,-71.925606,1.795874,0.001368,0.196521,3.83617,0.024453,0.097125,0.118298,3713.244873,0.054205,1.920962,0.018591,0.048209,0.018786,0.001083,3940.0801546613375,-455.475281,-11742.945312,1404.155518,-1.222373,-6.033532,-257.983032,-71.84687,-126.915855,-256.0,129.083847,0.0,57.199707,-259.118164,-71.925575,244224000,0.533525,0.59825,16.000008
0.005222,16.0,0.192569,1016.4834200198677,57.93116,-258.963135,-72.135361,-258.17215,4604.274414,61472.996094,-71.887924,1.545183,0.001359,0.192739,3.793045,0.024516,0.096975,0.117558,3707.682373,0.052995,0.930017,0.018119,0.047056,0.018296,0.001064,3946.384945019086,-459.079163,-11870.191406,1338.681885,-1.230867,-6.069222,-257.790283,-71.799164,-127.498383,-256.0,128.501419,0.0,57.651691,-258.962799,-71.887817,244608000,0.529132,0.599725,15.99999
0.005281,16.0,0.283237,1035.372533769889,58.746407,-259.105774,-72.326241,-258.350403,4572.897461,61109.617188,-72.050201,1.845838,0.001393,0.195975,3.835577,0.024861,0.096824,0.118355,3735.114746,0.054807,1.96035,0.019263,0.049752,0.019485,0.0011,3952.5707991282147,-454.443665,-11722.799805,1424.013428,-1.22175,-6.008928,-257.993652,-71.973305,-126.923843,-256.0,129.075928,0.0,58.49017,-259.105438,-72.050117,244992000,0.536742,0.600785,16.000002
0.005269,16.0,0.254181,1020.3823254912039,57.701283,-258.905212,-72.26796,-258.175232,4579.225098,61147.019531,-71.997215,1.787721,0.001365,0.195786,3.814919,0.024901,0.097814,0.118786,3741.272949,0.057163,1.982024,0.019016,0.049251,0.01923,0.0011,3958.848783548673,-454.735657,-11714.634766,1428.473511,-1.222572,-6.020732,-257.778931,-71.923401,-126.883965,-256.0,129.115753,0.0,57.423149,-258.90509,-71.997246,245376000,0.533,0.591257,15.99999
0.005268,16.0,0.22335,1005.1344578064154,57.67276,-258.652985,-72.16848,-257.87381,4586.39502,61165.378906,-71.930397,1.820233,0.001447,0.194158,3.816965,0.024874,0.099285,0.119402,3733.936523,0.057397,1.942627,0.019153,0.04951,0.019368,0.001099,3965.2207669218383,-454.800201,-11757.168945,1376.843018,-1.22132,-6.010234,-257.530426,-71.847183,-126.792068,-256.0,129.207718,0.0,57.394493,-258.653137,-71.930122,245760000,0.536665,0.609442,16.000017
0.005247,16.0,0.271885,1036.071765209612,56.403217,-257.672302,-71.80542,-256.900696,4597.967285,61063.992188,-71.546272,1.569979,0.001445,0.191964,3.785488,0.024953,0.100222,0.119286,3706.775391,0.055984,0.925985,0.018619,0.048189,0.018806,0.001076,3971.404863599936,-459.710205,-11878.046875,1332.685913,-1.228825,-6.050049,-256.492554,-71.45285,-127.510323,-256.0,128.489334,0.0,56.09129,-257.672089,-71.54628,246144000,0.529384,0.599369,16.000034
0.004887,16.0,0.228462,997.2762573548604,57.015251,-257.635803,-72.243752,-256.865753,4571.228516,60738.078125,-71.964142,1.885192,0.001528,0.203036,3.852004,0.025008,0.102904,0.121521,3790.489258,0.059209,2.010171,0.019658,0.050758,0.019882,0.001122,3977.827685980002,-454.76358,-11761.09082,1389.049683,-1.217182,-6.001575,-256.50116,-71.887802,-126.953674,-255.999969,129.04599,0.0,56.723412,-257.635315,-71.963806,246528000,0.534545,0.60521,16.000017
0.004856,16.0,0.209397,1036.1804251979008,57.33466,-257.22699,-72.470169,-256.459412,4589.564453,60910.726562,-72.200325,1.837526,0.001531,0.198715,3.839055,0.02519,0.104429,0.121332,3754.591553,0.059309,1.841984,0.019578,0.050462,0.019789,0.00111,3984.0121030688288,-454.815857,-11778.423828,1370.60144,-1.22292,-5.996993,-256.089752,-72.120766,-126.941917,-255.999969,129.05777,0.0,57.049068,-257.227051,-72.200195,246912000,0.535288,0.610176,16.000006
0.004873,16.0,0.207152,1049.8872291773637,57.242687,-257.493958,-72.224648,-256.734131,4582.211426,60853.578125,-71.972679,1.785489,0.001594,0.196962,3.840834,0.025175,0.104445,0.120981,3733.574707,0.059567,1.939885,0.019415,0.050085,0.019621,0.001105,3990.112639260292,-456.025421,-11776.22168,1368.859619,-1.226979,-6.005711,-256.355316,-71.887436,-126.890945,-256.0,129.108688,0.0,56.955154,-257.494049,-71.972481,247296000,0.531017,0.603814,15.999998
0.00486,16.0,0.121459,1049.5076594282646,57.072762,-257.049225,-71.835709,-256.282654,4608.835449,61067.621094,-71.591499,1.535413,0.001579,0.194116,3.802502,0.025103,0.104571,0.119838,3701.163574,0.059165,0.915767,0.018755,0.0485,0.018929,0.001082,3996.2152917464573,-460.002319,-11902.460938,1311.661133,-1.23377,-6.047396,-255.860474,-71.494247,-127.541176,-256.0,128.458527,0.0,56.774307,-257.049408,-71.591621,247680000,0.527731,0.598903,16.000017
0.004878,16.0,0.084135,1049.9694153681385,57.820923,-257.3367,-72.025146,-256.571228,4574.855469,60699.839844,-71.773315,1.780814,0.001633,0.200899,3.874507,0.025216,0.104407,0.121427,3753.758301,0.057936,1.88133,0.019463,0.050244,0.019677,0.00111,4002.3151495297748,-455.244873,-11798.193359,1349.608765,-1.221149,-6.004436,-256.194275,-71.689995,-126.925529,-256.0,129.074203,0.0,57.544579,-257.336761,-71.77314,248064000,0.533539,0.603387,16.000006
0.004819,16.0,0.177949,1049.357723681851,57.758541,-257.847656,-71.857872,-257.099091,4558.471191,60586.40625,-71.595146,1.807393,0.001601,0.200392,3.862546,0.025061,0.104975,0.121363,3737.426025,0.06058,1.984416,0.019409,0.050112,0.019618,0.001109,4008.4186401406923,-455.079865,-11737.118164,1402.740479,-1.225292,-6.007986,-256.714478,-71.511986,-126.847549,-256.0,129.152054,0.0,57.482079,-257.847076,-71.595161,248448000,0.528359,0.588018,15.999975
0.004676,16.0,0.045041,1050.157607093311,57.849056,-257.331085,-71.881866,-256.566437,4576.085449,60700.496094,-71.640808,1.797981,0.001546,0.200047,3.867358,0.025014,0.104526,0.121669,3706.45459,0.05933,1.831999,0.019303,0.049811,0.019496,0.001101,4014.517393096288,-455.165802,-11785.013672,1358.711182,-1.224939,-6.00901,-256.184937,-71.550957,-126.885391,-256.0,129.114304,0.0,57.574505,-257.330994,-71.640877,248832000,0.531958,0.604291,15.999997
0.004808,16.0,0.228629,1049.6215850520423,57.769379,-257.209595,-71.458992,-256.426239,4613.413574,61125.472656,-71.22805,1.540499,0.001498,0.194055,3.818475,0.025049,0.102312,0.12056,3658.601562,0.055439,0.923462,0.01849,0.047909,0.018657,0.001076,4020.6194295485816,-460.073792,-11891.467773,1322.741211,-1.233463,-6.055976,-256.016968,-71.119034,-127.541138,-256.0,128.458618,0.0,57.485744,-257.210297,-71.227852,249216000,0.525896,0.607693,15.999998
0.004981,16.0,0.228216,913.91550022716,58.747425,-257.820709,-71.584534,-257.051544,4556.966797,60528.230469,-71.321098,1.827559,0.001565,0.20006,3.884166,0.024465,0.10241,0.120797,3715.44458,0.057832,1.911049,0.019609,0.050555,0.019822,0.001113,4027.626781284809,-454.612,-11745.118164,1401.753662,-1.215348,-5.996892,-256.696381,-71.236664,-126.922585,-255.999969,129.077118,0.0,58.490597,-257.820587,-71.321083,249600000,0.532616,0.599694,16.000038
0.004835,16.0,0.21862,1049.4754640151207,58.458782,-256.531738,-71.67524,-255.75975,4619.870605,61075.992188,-71.39772,1.804192,0.001559,0.204172,3.941122,0.024641,0.102605,0.121626,3750.481201,0.056701,1.843686,0.019767,0.050975,0.01998,0.001123,4033.7297984162965,-454.344788,-11745.205078,1414.534302,-1.204097,-5.992906,-255.382126,-71.324135,-127.05426,-256.0,128.945465,0.0,58.196323,-256.531799,-71.397652,249984000,0.539525,0.603369,16.000034
0.005014,16.0,0.201903,1050.0625912482,58.458332,-256.546234,-71.686012,-255.800644,4595.692383,60767.816406,-71.428238,1.796643,0.001532,0.206067,3.895758,0.024414,0.103664,0.121906,3753.535889,0.0566,1.727497,0.019657,0.050748,0.019875,0.001122,4039.829321618875,-455.931,-11760.620117,1393.834351,-1.213885,-5.987262,-255.403229,-71.343292,-126.985367,-255.999969,129.014221,0.0,58.193092,-256.546265,-71.428337,250368000,0.538553,0.607971,16.00001
0.00505,16.0,0.209566,1050.079260243801,57.539661,-256.438232,-72.05172,-255.648865,4570.883789,60440.46875,-71.769501,1.632731,0.001521,0.204599,3.878796,0.024323,0.103064,0.121889,3756.924561,0.057106,0.959875,0.019463,0.0502,0.019672,0.001106,4045.928663182259,-458.493774,-11833.25293,1340.053955,-1.215641,-5.994088,-255.284515,-71.683945,-127.148422,-256.0,128.851318,0.0,57.253937,-256.439026,-71.769432,250752000,0.541966,0.619817,16.000023
0.005057,16.0,0.115227,1049.2919497954242,57.339474,-256.130585,-72.109428,-255.362015,4603.191406,60808.507812,-71.856094,1.781576,0.001495,0.203707,3.855847,0.024625,0.105737,0.122341,3734.447998,0.054258,1.824645,0.019164,0.049489,0.019355,0.001097,4052.0325150966646,-456.63559,-11836.336914,1378.09314,-1.221845,-6.018218,-254.947037,-71.772964,-127.57827,-255.999969,128.421402,0.0,57.050381,-256.130402,-71.85601,251136000,0.540089,0.605172,15.999997
0.005165,16.0,0.137445,1049.9173473347732,58.303692,-256.027527,-71.695755,-255.250641,4585.201172,60503.953125,-71.436493,1.797167,0.001557,0.208163,3.890576,0.024729,0.106126,0.122375,3798.771729,0.056213,1.838815,0.019633,0.05057,0.019841,0.00111,4058.1328332185744,-455.667572,-11787.150391,1381.131836,-1.219006,-5.988866,-254.872498,-71.353973,-127.12648,-255.999969,128.873169,0.0,58.035755,-256.026642,-71.436394,251520000,0.538159,0.593471,15.999978
0.004991,16.0,0.152324,1049.784743751089,56.75806,-255.589584,-71.934105,-254.796478,4607.433594,60714.648438,-71.684242,1.743008,0.001553,0.208158,3.891926,0.024924,0.107508,0.12236,3792.100342,0.057794,1.775993,0.019648,0.050601,0.019859,0.001109,4064.233875040213,-456.506958,-11809.893555,1360.754639,-1.219834,-5.981497,-254.429276,-71.600319,-127.141174,-256.0,128.85849,0.0,56.457401,-255.589233,-71.684174,251904000,0.544982,0.604309,15.999972
0.00511,16.0,0.14419,1049.3832722417837,57.639656,-255.526627,-71.740471,-254.775711,4580.128418,60333.101562,-71.497131,1.520454,0.001524,0.210567,3.886558,0.025346,0.107196,0.122278,3782.487061,0.057625,0.918248,0.019632,0.050569,0.01984,0.00111,4070.337196648121,-458.7117,-11824.855469,1319.125366,-1.224324,-5.979912,-254.370682,-71.406677,-126.852737,-255.999969,129.147003,0.0,57.356808,-255.526413,-71.497269,252288000,0.537314,0.600516,15.999997
0.004999,16.0,0.160119,1050.587528340811,57.985004,-255.872559,-71.443062,-255.117493,4632.282715,61074.382812,-71.194626,1.777479,0.001516,0.203985,3.828504,0.025487,0.108669,0.121752,3716.177002,0.057705,2.005836,0.019059,0.049168,0.019242,0.001087,4076.4335064729053,-458.331635,-11844.456055,1364.35791,-1.232082,-6.018895,-254.683228,-71.090141,-127.504448,-256.0,128.49527,0.0,57.708492,-255.872116,-71.194244,252672000,0.53683,0.599647,15.99999
0.005352,16.0,0.31546,1049.5256875066277,58.223347,-256.541748,-71.995125,-255.791061,4599.655762,60847.652344,-71.742439,1.558178,0.001539,0.207163,3.863552,0.025753,0.108262,0.121607,3762.422363,0.05948,0.962503,0.019959,0.051288,0.020183,0.001115,4082.5360208392144,-458.011047,-11807.22168,1352.555542,-1.235523,-5.97954,-255.406815,-71.644608,-127.017853,-256.0,128.981888,0.0,57.952618,-256.542328,-71.742523,253056000,0.539895,0.60283,15.999976
0.005161,16.0,0.273518,1050.0163825316836,59.012722,-256.80719,-71.634209,-256.059692,4611.112793,61027.390625,-71.391289,1.745705,0.001505,0.205946,3.857609,0.025516,0.10575,0.120281,3730.144287,0.059604,1.874939,0.019747,0.050803,0.01996,0.00111,4088.635626689593,-456.442535,-11762.395508,1389.786987,-1.229169,-5.986699,-255.672897,-71.297096,-126.957489,-256.0,129.042221,0.0,58.759354,-256.806488,-71.391304,253440000,0.532456,0.593887,16.000019
0.005338,16.0,0.297711,1049.2017744033578,58.192635,-256.804901,-71.553825,-256.071808,4632.897949,61312.0,-71.322449,1.733263,0.001492,0.20274,3.83916,0.025403,0.104114,0.118772,3706.104004,0.058391,1.80982,0.019648,0.050566,0.019863,0.001105,4094.7399665315947,-457.106873,-11768.380859,1379.959961,-1.230829,-5.986197,-255.671814,-71.223663,-126.912346,-255.999969,129.087387,0.0,57.922337,-256.804901,-71.322609,253824000,0.531903,0.596765,16.0
0.005013,16.0,0.258414,1050.4476234269932,56.907322,-256.699188,-71.570312,-255.904755,4652.462402,61535.429688,-71.326759,1.495765,0.001494,0.198245,3.790585,0.025433,0.104513,0.118808,3645.991943,0.056542,0.925155,0.019297,0.04972,0.01949,0.001093,4100.837021533648,-460.112579,-11884.550781,1328.37915,-1.230941,-6.023824,-255.526123,-71.227837,-127.527985,-255.999969,128.471695,0.0,56.605099,-256.69873,-71.326782,254208000,0.530254,0.596927,15.999996
0.005339,16.0,0.211187,1049.5805168867255,57.155373,-256.7771,-71.723465,-256.019196,4663.12207,61715.355469,-71.463516,1.788691,0.001563,0.200646,3.828101,0.025083,0.102831,0.118712,3710.17334,0.056313,1.897584,0.019818,0.05097,0.020031,0.001112,4106.939250306288,-455.838593,-11738.433594,1415.109497,-1.224972,-5.998265,-255.628372,-71.371086,-126.977142,-256.0,129.022537,0.0,56.865147,-256.776306,-71.463516,254592000,0.535194,0.601851,16.00001
0.005074,16.0,0.202089,1049.2243967690954,56.640171,-257.116852,-71.874443,-256.362488,4652.776367,61670.457031,-71.604858,1.813489,0.001489,0.198926,3.812154,0.024895,0.101268,0.118533,3698.601562,0.056886,1.941377,0.019567,0.050433,0.019776,0.001109,4113.043537576993,-456.487091,-11735.186523,1426.767456,-1.229306,-6.005463,-255.970413,-71.512833,-127.054413,-255.999969,128.945511,0.0,56.337963,-257.116425,-71.60495,254976000,0.529923,0.597656,16.000019
0.00519,16.0,0.21574,1050.2735682454593,57.0368,-256.987823,-71.967117,-256.216858,4641.086914,61491.246094,-71.751511,1.843754,0.001463,0.197648,3.810444,0.024771,0.100495,0.117627,3692.471191,0.055377,1.997674,0.019356,0.049974,0.019564,0.001105,4119.141659621398,-454.937836,-11756.408203,1395.520264,-1.230715,-6.005778,-255.839096,-71.652069,-126.969803,-256.0,129.029922,0.0,56.745354,-256.987946,-71.751434,255360000,0.530602,0.615867,15.99999
0.005048,16.0,0.214468,1050.2130661106075,57.192036,-257.180481,-71.565865,-256.412903,4618.601562,61201.503906,-71.315231,1.557112,0.001406,0.194793,3.766238,0.024647,0.09942,0.117357,3657.089355,0.05357,0.92168,0.018712,0.04836,0.018903,0.001074,4125.240092213949,-459.19574,-11864.630859,1347.635864,-1.231671,-6.045428,-255.998459,-71.215515,-127.530792,-256.0,128.468826,0.0,56.896732,-257.180298,-71.315216,255744000,0.523625,0.596815,16.000025
0.005032,16.0,0.117896,1050.1159567651184,56.667931,-256.909149,-72.000404,-256.133789,4609.143555,61050.269531,-71.74247,1.785521,0.00149,0.202536,3.836175,0.02513,0.098912,0.118329,3735.263672,0.05464,1.975482,0.019712,0.050807,0.019928,0.001117,4131.339142966271,-454.845459,-11742.799805,1403.515991,-1.224824,-6.00286,-255.760269,-71.655891,-126.914841,-256.0,129.0849,0.0,56.367607,-256.909058,-71.742455,256128000,0.532662,0.601947,15.999966
0.00493,16.0,0.228084,1049.6563745410072,57.397346,-257.156738,-72.072304,-256.39209,4607.396484,61094.484375,-71.81469,1.789676,0.001469,0.199763,3.826581,0.024738,0.099159,0.118225,3729.232178,0.055614,1.896747,0.0194,0.050036,0.019614,0.001102,4137.440879877408,-455.172241,-11756.197266,1394.572021,-1.226089,-6.009434,-256.00769,-71.731758,-126.955803,-256.0,129.043839,0.0,57.112972,-257.157166,-71.814705,256512000,0.529568,0.594806,15.999962
0.004742,16.0,0.165525,1050.1072621709836,58.233635,-257.539276,-72.55323,-256.780914,4629.213867,61517.597656,-72.286049,1.792379,0.001425,0.198593,3.819943,0.024749,0.098608,0.118206,3721.940674,0.055209,1.876588,0.019082,0.049346,0.019283,0.001098,4143.5399898091955,-455.1203,-11751.026367,1396.726196,-1.227117,-6.016772,-256.39151,-72.207123,-126.926407,-255.999969,129.073303,0.0,57.968353,-257.539307,-72.28611,256896000,0.528912,0.604064,15.999962
0.004733,16.0,0.215457,1050.2374407601176,58.072472,-257.383484,-72.433899,-256.60321,4643.981934,61664.246094,-72.184853,1.554321,0.001396,0.199238,3.7892,0.025093,0.100186,0.118659,3677.739014,0.05507,0.923834,0.018695,0.048351,0.018877,0.001078,4149.638326982657,-459.944153,-11864.798828,1346.551392,-1.234603,-6.050982,-256.198273,-72.093956,-127.513748,-255.999969,128.486053,0.0,57.793495,-257.383575,-72.184967,257280000,0.526021,0.608196,15.999979
0.005069,16.0,0.261302,1049.4465712727797,57.234917,-257.549591,-72.505867,-256.775024,4624.728516,61453.589844,-72.231949,1.774677,0.001428,0.204997,3.860175,0.025091,0.100312,0.119192,3756.292725,0.055372,1.868745,0.019511,0.050369,0.019729,0.001113,4155.741188557943,-455.436859,-11771.431641,1390.070557,-1.231339,-6.022376,-256.394379,-72.145958,-127.060699,-256.0,128.93895,0.0,56.94677,-257.549255,-72.231903,257664000,0.531182,0.606651,15.999969
0.004803,16.0,0.14739,1049.5261245213371,57.741787,-258.150421,-72.84671,-257.392761,4624.558105,61624.847656,-72.58094,1.770703,0.001413,0.20525,3.861308,0.025044,0.100745,0.119799,3726.541016,0.057817,1.925924,0.019484,0.050336,0.019694,0.001116,4161.8437016288435,-454.773193,-11714.606445,1422.865112,-1.229717,-6.007655,-257.022461,-72.508453,-126.826851,-255.999969,129.172729,0.0,57.464661,-258.150238,-72.580879,258048000,0.531387,0.597879,15.999964
0.004624,16.0,0.284832,1050.3453553021263,56.824577,-257.55249,-72.512428,-256.787262,4618.754395,61376.425781,-72.266212,1.778136,0.00143,0.205004,3.863692,0.024924,0.101045,0.119428,3731.524902,0.058331,1.964034,0.019341,0.049965,0.019538,0.001109,4167.941446693739,-455.117401,-11751.288086,1392.480591,-1.229289,-6.012565,-256.4086,-72.184471,-126.886581,-256.0,129.113159,0.0,56.529373,-257.553497,-72.265991,258432000,0.530074,0.604289,15.999958
0.00488,16.0,0.290539,1049.6158344535588,56.912682,-257.267822,-72.230537,-256.48288,4655.652832,61771.589844,-71.994507,1.550319,0.001352,0.19796,3.812777,0.024688,0.10081,0.11861,3695.928955,0.057299,0.913734,0.018755,0.0486,0.018933,0.001091,4174.0434180577595,-458.363037,-11884.78418,1325.058105,-1.233919,-6.047941,-256.086945,-71.901184,-127.514862,-255.999969,128.484726,0.0,56.613968,-257.268463,-71.994667,258816000,0.522743,0.607104,15.999962
0.004591,16.0,0.257534,934.509969829492,58.198845,-257.643494,-72.159668,-256.889526,4618.693848,61369.066406,-71.908997,1.817059,0.001466,0.204313,3.862327,0.025068,0.100528,0.120028,3724.968506,0.058306,1.861817,0.019632,0.050644,0.019841,0.001117,4180.896449506283,-454.906708,-11753.507812,1401.183838,-1.227939,-5.994515,-256.521698,-71.823143,-126.997955,-256.0,129.001785,0.0,57.931015,-257.644196,-71.908974,259200000,0.527,0.600573,15.99999
0.004942,16.0,0.206183,1050.2013650646227,58.191265,-256.792175,-71.853355,-256.027283,4650.257812,61560.589844,-71.581642,1.825652,0.001443,0.205352,3.915762,0.025103,0.099708,0.120045,3760.92041,0.058973,1.760182,0.019803,0.051133,0.020021,0.001131,4186.995060896874,-455.1828,-11758.19043,1409.494141,-1.216246,-5.99113,-255.652542,-71.499466,-127.125023,-256.0,128.874649,0.0,57.921108,-256.791656,-71.581528,259584000,0.532999,0.603724,15.999983
0.004859,16.0,0.223377,1048.895241783104,57.578522,-256.7388,-71.779976,-255.983978,4625.949707,61221.15625,-71.535797,1.789583,0.001407,0.201352,3.86047,0.024756,0.099642,0.11907,3730.692871,0.059965,1.676307,0.019549,0.050415,0.019759,0.001111,4193.101372730732,-456.444824,-11795.62793,1380.789917,-1.225151,-6.002486,-255.589828,-71.444038,-127.199539,-256.0,128.80011,0.0,57.295753,-256.738495,-71.535736,259968000,0.527801,0.60341,16.000002
0.004962,16.0,0.257855,1049.6887924470082,56.643963,-256.625732,-72.101318,-255.82225,4605.203613,60939.390625,-71.846504,1.661083,0.001386,0.199199,3.851535,0.024649,0.099229,0.118606,3716.44165,0.061304,0.946802,0.019498,0.05033,0.019705,0.001113,4199.202894723416,-458.110992,-11867.763672,1313.091431,-1.228286,-5.995527,-255.48114,-71.747986,-127.227585,-256.0,128.772064,0.0,56.339516,-256.625275,-71.846588,260352000,0.528895,0.622829,16.000002
0.004952,16.0,0.298242,1049.343468361337,56.182709,-256.248993,-71.955383,-255.475754,4628.110352,61149.390625,-71.712097,1.792899,0.001412,0.197154,3.818645,0.024766,0.099012,0.118678,3713.868896,0.058882,1.805214,0.019106,0.049322,0.0193,0.001092,4205.306410543124,-456.80899,-11849.453125,1364.662842,-1.230211,-6.029362,-255.064087,-71.616402,-127.573044,-255.999969,128.426636,0.0,55.870468,-256.249359,-71.711983,260736000,0.524848,0.607683,15.999994
0.004979,16.0,0.168376,1049.6722890828328,57.063473,-256.456177,-71.772308,-255.693909,4600.935059,60822.0,-71.508904,1.788798,0.00146,0.203979,3.864988,0.0248,0.100405,0.119231,3747.790527,0.0618,1.63679,0.019923,0.051329,0.020147,0.001126,4211.407981864611,-456.131622,-11787.592773,1381.422852,-1.221147,-5.988905,-255.312607,-71.419022,-127.128624,-256.0,128.871063,0.0,56.769871,-256.456268,-71.508736,261120000,0.53247,0.606124,16.0
0.005058,16.0,0.110357,1049.030398171183,57.182281,-256.031281,-72.035278,-255.254471,4636.250488,61211.210938,-71.788383,1.784255,0.001478,0.205332,3.864875,0.024723,0.099862,0.118847,3738.594971,0.060328,1.754504,0.019828,0.051108,0.020046,0.001123,4217.513341852029,-456.580505,-11794.245117,1380.29248,-1.229212,-5.993207,-254.874222,-71.695534,-127.179771,-255.999969,128.819992,0.0,56.890495,-256.031342,-71.788399,261504000,0.533733,0.607208,15.999993
0.004812,16.0,0.075875,1049.6900539591363,56.743027,-256.40274,-71.86409,-255.626831,4614.816406,60999.199219,-71.616531,1.58747,0.001434,0.206255,3.869144,0.024734,0.100166,0.118283,3750.698975,0.061675,0.940466,0.019721,0.050787,0.01994,0.001113,4223.615009053548,-459.244781,-11823.630859,1342.960571,-1.233639,-6.008228,-255.238708,-71.514717,-127.073402,-256.0,128.92627,0.0,56.441036,-256.402771,-71.616631,261888000,0.531567,0.609256,15.999993
0.004916,16.0,0.106117,1049.0498836978538,55.545692,-256.187103,-72.201668,-255.417831,4635.93457,61261.035156,-71.932953,1.796649,0.001412,0.19776,3.818014,0.024731,0.102176,0.118173,3684.605713,0.060283,1.912514,0.019062,0.049252,0.019254,0.001094,4229.720220720768,-457.161377,-11811.208984,1398.360474,-1.239342,-6.038801,-254.987823,-71.833954,-127.524124,-255.999969,128.475494,0.0,55.220287,-256.186768,-71.932495,262272000,0.529298,0.603739,15.999994
0.004882,16.0,0.092085,1049.9427513561177,56.755928,-257.162567,-72.926521,-256.408752,4590.591309,60953.625,-72.656052,1.633167,0.001403,0.205361,3.854336,0.024846,0.101511,0.118812,3735.801025,0.060258,0.974639,0.019766,0.050946,0.019983,0.00112,4235.820253841082,-458.111755,-11791.265625,1373.516235,-1.240346,-6.008913,-256.013397,-72.570824,-127.066612,-255.999969,128.932983,0.0,56.455009,-257.162689,-72.656487,262656000,0.532625,0.605643,15.999986
0.004816,16.0,0.191619,1049.7431407822128,57.389503,-257.497986,-72.940475,-256.744232,4602.778809,61193.101562,-72.663307,1.812798,0.001427,0.206631,3.852181,0.024841,0.102112,0.11893,3723.445312,0.060562,2.011795,0.019639,0.050659,0.019852,0.001117,4241.921495767435,-455.806549,-11709.419922,1431.633301,-1.238651,-6.005491,-256.359497,-72.581749,-126.852745,-256.0,129.147064,0.0,57.104912,-257.498199,-72.663147,263040000,0.530964,0.601466,15.999987
0.004729,16.0,0.179152,1049.1429948512082,57.366249,-257.541382,-72.793053,-256.808655,4602.535156,61190.046875,-72.561996,1.75555,0.001396,0.203973,3.8443,0.024696,0.102135,0.118943,3700.665283,0.059872,1.969936,0.019414,0.050144,0.019623,0.001111,4248.026285199324,-455.791046,-11740.944336,1402.681763,-1.241919,-6.012379,-256.400726,-72.476097,-126.878792,-256.0,129.120941,0.0,57.080696,-257.541443,-72.561874,263424000,0.523521,0.599013,16.0
0.004722,16.0,0.197079,1050.2385577218324,57.100876,-257.351135,-72.364143,-256.553925,4647.764648,61695.144531,-72.124657,1.512964,0.001325,0.198271,3.803347,0.024412,0.102386,0.118825,3680.762695,0.05483,0.922822,0.018755,0.048611,0.018939,0.001092,4254.124677324295,-459.536499,-11866.357422,1344.865601,-1.242245,-6.051555,-256.168457,-72.030922,-127.517021,-255.999969,128.482742,0.0,56.803886,-257.351532,-72.124519,263808000,0.521511,0.596046,16.000023
0.004858,16.0,0.178546,1049.6413921632882,57.283073,-257.96048,-72.169273,-257.215149,4630.603516,61601.691406,-71.918793,1.765109,0.00139,0.199229,3.830266,0.02464,0.101687,0.11864,3716.719238,0.057247,1.958314,0.019517,0.050442,0.019734,0.001119,4260.226780279478,-455.090149,-11725.387695,1429.287476,-1.232439,-6.00563,-256.834076,-71.834084,-126.996033,-256.0,129.003723,0.0,56.995338,-257.960052,-71.918861,264192000,0.525935,0.589645,15.99998
0.004947,16.0,0.189429,1048.9857067729026,58.080246,-258.154602,-72.172684,-257.415924,4626.825684,61597.742188,-71.907867,1.782287,0.001402,0.198195,3.819643,0.024607,0.101153,0.118979,3718.187988,0.056285,1.989911,0.019279,0.049845,0.019489,0.001108,4266.332370404402,-455.951294,-11713.22168,1427.885864,-1.229512,-6.014317,-257.021362,-71.825935,-126.851768,-255.999969,129.147949,0.0,57.809551,-258.154327,-71.907936,264576000,0.528424,0.590102,16.000002
0.004943,16.0,0.130412,1049.2146595589868,57.648884,-258.159271,-72.190865,-257.40802,4677.83252,62277.675781,-71.980904,1.783419,0.001407,0.196684,3.815597,0.024544,0.100583,0.118815,3715.780029,0.055949,1.981202,0.0192,0.049678,0.019412,0.001107,4272.436701051394,-455.400085,-11742.25293,1389.691895,-1.231998,-6.01159,-257.029022,-71.89109,-126.765404,-256.0,129.234283,0.0,57.369583,-258.159363,-71.980705,264960000,0.528545,0.602939,15.999976
0.004572,16.0,0.155258,1050.0319390121238,57.785057,-258.020477,-70.991898,-257.255981,4652.585449,61795.496094,-70.763489,1.516497,0.001361,0.193614,3.770903,0.024611,0.099357,0.118154,3684.981689,0.053582,0.91399,0.018594,0.048242,0.018781,0.001087,4278.536308217049,-460.11734,-11857.930664,1350.654541,-1.230235,-6.054447,-256.84613,-70.659363,-127.484665,-255.999969,128.51503,0.0,57.50119,-258.020752,-70.763474,265344000,0.523372,0.586077,15.999994
0.004863,16.0,0.073213,1049.0575160338992,57.450172,-258.252869,-71.387558,-257.496643,4624.307129,61510.144531,-71.14283,1.759895,0.001401,0.20118,3.830969,0.024649,0.098614,0.118607,3767.023926,0.054911,1.957555,0.019374,0.050111,0.019592,0.001115,4284.641490356127,-455.969757,-11761.990234,1391.465576,-1.222752,-6.017883,-257.11676,-71.047585,-126.974823,-255.999969,129.024826,0.0,57.165722,-258.252289,-71.142868,265728000,0.531929,0.598654,15.999935
0.004863,16.0,0.15993,1049.839578988795,56.393135,-258.448944,-71.354492,-257.695984,4597.019043,61190.160156,-71.107422,1.736072,0.001438,0.201188,3.82349,0.024853,0.09864,0.118188,3760.806641,0.05477,1.858553,0.019333,0.049986,0.019553,0.00111,4290.742132135232,-455.828369,-11741.930664,1401.751953,-1.223111,-6.012012,-257.32312,-71.013313,-126.878685,-255.999969,129.120956,0.0,56.087349,-258.448486,-71.107231,266112000,0.530764,0.594174,15.999969
0.004938,16.0,0.156258,1049.0668253110302,57.404751,-257.970856,-71.918427,-257.190033,4612.681152,61335.050781,-71.652519,1.787794,0.00145,0.200117,3.82835,0.025014,0.098174,0.118098,3751.512939,0.055047,1.951576,0.019246,0.04979,0.019462,0.001108,4296.847469031811,-456.16507,-11751.198242,1394.669312,-1.229961,-6.016752,-256.828552,-71.559174,-126.896683,-255.999969,129.102859,0.0,57.121395,-257.970825,-71.652527,266496000,0.534359,0.601094,15.999951
0.004774,16.0,0.172983,1050.1850592252906,56.605118,-257.262238,-71.982849,-256.480927,4620.464844,61281.78125,-71.730537,1.537937,0.001439,0.197017,3.788803,0.024959,0.09979,0.118395,3720.614746,0.053535,0.913673,0.018866,0.048837,0.019058,0.001091,4302.946112898985,-460.658813,-11878.942383,1339.122925,-1.23008,-6.055105,-256.06958,-71.638824,-127.574341,-255.999969,128.42543,0.0,56.295261,-257.261841,-71.73056,266880000,0.527522,0.600773,15.99994
0.004834,16.0,0.109556,1048.9264732407664,57.359871,-257.182495,-72.443527,-256.397339,4593.379883,60944.078125,-72.160965,1.813209,0.001445,0.208053,3.860681,0.024809,0.100243,0.119458,3760.567871,0.056385,1.907268,0.019803,0.051151,0.020026,0.001132,4309.052066417536,-455.249176,-11756.185547,1391.514404,-1.220286,-6.007623,-256.033447,-72.082855,-126.924934,-255.999969,129.074768,0.0,57.074234,-257.182404,-72.16082,267264000,0.535059,0.610847,15.999951
0.004783,16.0,0.205288,1049.93762213198,57.760906,-257.175354,-72.768715,-256.405579,4605.199707,61133.0625,-72.487007,1.808129,0.001466,0.208358,3.854455,0.025133,0.102423,0.120319,3739.368652,0.058232,1.995645,0.019695,0.050866,0.019914,0.001126,4315.152247953415,-455.498657,-11727.489258,1416.343628,-1.224364,-6.002916,-256.03067,-72.412743,-126.883293,-256.0,129.116379,0.0,57.484657,-257.174774,-72.486923,267648000,0.535627,0.608143,15.999927
0.004883,16.0,0.16889,1049.7923375177302,58.307514,-256.859528,-72.633545,-256.101257,4586.483398,60802.617188,-72.385063,1.769246,0.00144,0.2059,3.850854,0.02489,0.103698,0.120185,3736.502686,0.057692,1.869118,0.019508,0.050441,0.019722,0.001121,4321.253165280819,-455.739532,-11771.299805,1378.99231,-1.228043,-6.005562,-255.707397,-72.305588,-126.945778,-255.999969,129.05394,0.0,58.042034,-256.859314,-72.384987,268032000,0.532548,0.607042,15.999928
0.00494,16.0,0.183704,1048.873762696596,57.50803,-256.581421,-72.453171,-255.762451,4640.859375,61428.910156,-72.200783,1.546015,0.001441,0.200678,3.809054,0.024838,0.102479,0.119994,3692.983887,0.055547,0.939393,0.018932,0.048968,0.019124,0.001091,4327.361695786317,-460.179504,-11886.46875,1330.397583,-1.230994,-6.050122,-255.378922,-72.115181,-127.567093,-256.0,128.432678,0.0,57.218109,-256.579987,-72.200935,268416000,0.528817,0.606432,15.999937
0.004854,16.0,0.312179,914.5779309403372,58.10815,-256.549652,-72.616364,-255.764648,4609.863281,61033.007812,-72.341232,1.829911,0.001486,0.208931,3.876575,0.024959,0.104584,0.122252,3750.98584,0.060629,1.937498,0.019859,0.051218,0.02009,0.001127,4334.364018456141,-455.40033,-11732.517578,1418.251709,-1.217502,-6.006145,-255.389328,-72.270081,-126.953621,-256.0,129.046219,0.0,57.836613,-256.549194,-72.341278,268800000,0.533031,0.610283,15.999975
0.004836,16.0,0.240322,1050.3205975561953,57.923573,-256.300049,-71.99543,-255.550522,4642.677734,61360.324219,-71.745087,1.800931,0.001472,0.209998,3.922669,0.025012,0.105113,0.123014,3756.863525,0.060245,1.842936,0.020097,0.05179,0.020338,0.001136,4340.461903409163,-454.666046,-11749.120117,1410.021118,-1.209719,-5.991655,-255.151642,-71.673676,-127.044746,-255.999969,128.95491,0.0,57.650551,-256.299255,-71.74485,269184000,0.53044,0.602175,15.999964
0.005045,16.0,0.287941,1049.0130272957663,57.848652,-256.500397,-71.416878,-255.737473,4665.964844,61658.640625,-71.177231,1.748178,0.001485,0.206888,3.871993,0.024995,0.105753,0.121815,3756.602539,0.059674,1.774698,0.019897,0.051295,0.020127,0.001127,4346.567502168814,-456.673828,-11783.040039,1388.256104,-1.221106,-5.998174,-255.35022,-71.082466,-127.146255,-256.0,128.853409,0.0,57.570103,-256.500488,-71.177147,269568000,0.528923,0.602529,15.999994
0.004683,16.0,0.245234,1050.073854469157,57.438396,-256.444275,-71.519936,-255.663101,4640.759766,61317.347656,-71.270996,1.585036,0.001471,0.205979,3.863522,0.025065,0.105208,0.121724,3750.102051,0.060008,0.933674,0.019663,0.050699,0.019882,0.001115,4352.666795265674,-459.183838,-11849.870117,1331.195068,-1.223372,-5.996766,-255.295959,-71.173019,-127.218819,-256.0,128.780838,0.0,57.149975,-256.444366,-71.270935,269952000,0.525627,0.608176,15.999959
0.004975,16.0,0.201881,1050.141655236632,57.276989,-256.227692,-71.324738,-255.444626,4634.200195,61161.800781,-71.087936,1.719408,0.001463,0.203677,3.832296,0.024885,0.104881,0.121536,3741.920898,0.05715,1.721743,0.019356,0.049995,0.019571,0.001107,4358.765701468786,-457.396545,-11844.038086,1368.830688,-1.221993,-6.022427,-255.0504,-70.990242,-127.554855,-255.999969,128.444839,0.0,56.985676,-256.227448,-71.087944,270336000,0.522826,0.603129,15.999969
0.004801,16.0,0.282607,1049.2655854034915,57.658749,-255.624619,-71.067833,-254.84024,4630.689941,60951.269531,-70.806183,1.748694,0.001529,0.208448,3.879667,0.025305,0.104688,0.122094,3776.362305,0.059456,1.775069,0.020106,0.051741,0.020338,0.00113,4364.869723149141,-456.498627,-11779.34668,1381.869019,-1.212503,-5.988773,-254.464096,-70.713799,-127.04702,-255.999969,128.952774,0.0,57.376709,-255.623734,-70.806206,270720000,0.532029,0.600276,15.99999
0.004682,16.0,0.191582,1049.869922301675,56.643024,-255.566711,-71.352715,-254.792877,4619.912598,60826.234375,-71.099617,1.762258,0.001492,0.20487,3.864558,0.025383,0.104861,0.121624,3736.275879,0.05822,1.809808,0.019995,0.051548,0.020223,0.001133,4370.970272692045,-456.982483,-11786.919922,1392.088623,-1.216194,-5.998692,-254.395264,-71.009842,-127.220062,-255.999969,128.779602,0.0,56.339798,-255.566666,-71.099617,271104000,0.53179,0.599324,15.999992
0.004867,16.0,0.200221,1049.9997169012968,57.299339,-255.730728,-71.242546,-254.94281,4606.263184,60671.839844,-71.007484,1.573605,0.001515,0.202115,3.859715,0.02542,0.104846,0.121244,3729.144287,0.055849,0.940246,0.019929,0.051365,0.020155,0.001128,4377.0700712243715,-458.551086,-11823.84082,1339.102417,-1.220287,-6.002939,-254.558701,-70.911522,-127.043831,-255.999969,128.955826,0.0,57.00843,-255.730865,-71.00724,271488000,0.531028,0.599538,15.999969
0.004661,16.0,0.165864,1049.2580300155025,57.188885,-255.854156,-70.864471,-255.084045,4644.160156,61168.105469,-70.61602,1.7682,0.001484,0.193867,3.800463,0.02542,0.105182,0.119437,3689.098389,0.054715,1.94732,0.01919,0.049542,0.019382,0.001097,4383.174210747083,-458.599731,-11836.008789,1375.305176,-1.226675,-6.035314,-254.654495,-70.506645,-127.527145,-255.999969,128.472549,0.0,56.895485,-255.85379,-70.615715,271872000,0.524643,0.596573,15.999992
0.004441,16.0,0.103801,1050.0822780814128,57.8675,-256.854187,-71.806656,-256.093201,4630.584961,61306.613281,-71.535515,1.602586,0.001527,0.200209,3.844466,0.025465,0.104181,0.120051,3716.70166,0.057771,0.972928,0.019939,0.051387,0.020159,0.001129,4389.2735748012865,-457.991486,-11801.511719,1361.737061,-1.225894,-5.999904,-255.710831,-71.444695,-127.052361,-255.999969,128.947342,0.0,57.588959,-256.855499,-71.536003,272256000,0.526916,0.600515,16.000013
0.004591,16.0,0.097187,1049.2996314559962,58.021042,-256.984894,-71.651215,-256.238678,4638.683105,61433.769531,-71.399437,1.787923,0.00151,0.197353,3.836864,0.025378,0.104,0.119598,3702.742676,0.056617,1.97605,0.019821,0.051094,0.020038,0.001124,4395.377517950535,-456.168335,-11733.03418,1423.540283,-1.22331,-6.010442,-255.832809,-71.308594,-127.00412,-255.999969,128.995514,0.0,57.748463,-256.984619,-71.399551,272640000,0.526242,0.599491,16.000025
0.004332,16.0,0.021531,1049.881447608663,58.525917,-257.328888,-71.661034,-256.584015,4649.388672,61656.265625,-71.43055,1.79302,0.001467,0.192855,3.821822,0.025226,0.102252,0.118278,3671.202881,0.05611,1.935707,0.019617,0.050641,0.019824,0.00112,4401.478043341636,-456.593384,-11750.983398,1389.378418,-1.233003,-6.00936,-256.185181,-71.325127,-126.83783,-255.999969,129.16185,0.0,58.26379,-257.328827,-71.430481,273024000,0.526847,0.609656,15.999992
0.004415,16.0,0.124105,1049.496208661394,57.192577,-257.29248,-71.644302,-256.48703,4655.32373,61714.355469,-71.398354,1.53098,0.001392,0.188612,3.771461,0.024784,0.101682,0.117059,3648.880859,0.053115,0.896272,0.018862,0.048768,0.019045,0.001086,4407.58074170351,-461.091949,-11891.404297,1317.946167,-1.23599,-6.058624,-256.100433,-71.294823,-127.483002,-256.0,128.516739,0.0,56.894676,-257.292694,-71.398445,273408000,0.521593,0.599021,15.999998
0.004652,16.0,0.16364,1049.7024181698978,57.236385,-257.442322,-71.973976,-256.669769,4663.401367,61890.890625,-71.709969,1.754647,0.001433,0.196758,3.818182,0.024665,0.099803,0.118031,3732.960938,0.05551,1.918695,0.019654,0.050717,0.019866,0.00112,4413.682237732411,-457.066589,-11761.019531,1393.922241,-1.222208,-6.016542,-256.292297,-71.624855,-126.978622,-255.999969,129.021027,0.0,56.946442,-257.442261,-71.709923,273792000,0.5288,0.603005,15.99999
0.004658,16.0,0.206593,1049.2174673783713,57.485172,-257.736176,-72.063225,-256.987762,4667.375977,62027.625,-71.79438,1.77218,0.001413,0.196417,3.805882,0.024583,0.099218,0.11767,3715.105957,0.056402,1.927452,0.019569,0.050528,0.019783,0.001118,4419.7865666826565,-457.421692,-11729.886719,1410.960205,-1.224802,-6.014411,-256.596283,-71.711311,-126.834084,-256.0,129.16568,0.0,57.199108,-257.735382,-71.794518,274176000,0.523333,0.597206,15.999998
0.004446,16.0,0.191529,1049.917322695858,57.473038,-257.379333,-72.197998,-256.596741,4688.686035,62232.742188,-71.953529,1.773134,0.001408,0.19621,3.795431,0.024603,0.098123,0.116671,3700.438232,0.055693,1.9332,0.019397,0.050123,0.019606,0.001112,4425.886801215013,-457.13269,-11786.594727,1367.986938,-1.227778,-6.014156,-256.232422,-71.866028,-126.974365,-255.999969,129.025269,0.0,57.187,-257.379364,-71.953423,274560000,0.525461,0.606044,15.999984
0.004733,16.0,0.135816,1049.3750697385694,56.924675,-257.030029,-71.541252,-256.241516,4677.219727,61935.328125,-71.307137,1.487811,0.001358,0.193364,3.755879,0.024707,0.096643,0.116283,3689.918701,0.052394,0.868982,0.018771,0.048662,0.018966,0.001092,4431.990309850375,-461.184235,-11897.798828,1311.062622,-1.230004,-6.058223,-255.834732,-71.207344,-127.476768,-256.0,128.52301,0.0,56.622402,-257.029724,-71.307251,274944000,0.517155,0.600153,15.999978
0.004466,16.0,0.158869,1049.9460319229988,57.925972,-256.889465,-71.747284,-256.11734,4662.318848,61726.335938,-71.494644,1.780594,0.001401,0.202701,3.822897,0.024526,0.097553,0.116651,3752.790283,0.055151,1.795303,0.020035,0.051613,0.02027,0.001131,4438.090545852979,-456.051239,-11774.548828,1370.892456,-1.218127,-5.992252,-255.754105,-71.40435,-126.893654,-255.999969,129.106033,0.0,57.650902,-256.889069,-71.494492,275328000,0.526524,0.612628,16.000027
0.004548,16.0,0.162762,1049.8675920865815,56.797249,-256.959045,-71.757072,-256.185272,4655.058105,61648.164062,-71.501694,1.751943,0.001442,0.201481,3.805728,0.024814,0.098272,0.116747,3730.362061,0.055514,1.911096,0.019909,0.051315,0.020136,0.001127,4444.191222457091,-457.054779,-11757.004883,1387.939819,-1.221061,-6.000417,-255.819016,-71.411819,-126.878853,-256.0,129.120865,0.0,56.497738,-256.959656,-71.50164,275712000,0.522442,0.606355,16.000019
0.004587,16.0,0.165604,1049.0053689612444,57.243172,-256.868256,-71.580391,-256.096466,4647.456055,61509.960938,-71.332542,1.778884,0.001436,0.202088,3.805569,0.025027,0.098461,0.116853,3732.239014,0.054492,1.87649,0.019668,0.050735,0.019893,0.001117,4450.296906832854,-457.287964,-11772.134766,1375.203735,-1.222057,-6.005928,-255.718933,-71.240402,-126.900696,-255.999969,129.099075,0.0,56.953754,-256.868073,-71.332657,276096000,0.524054,0.601725,16.000023
0.004634,16.0,0.195707,1049.9577450760864,57.460384,-256.469543,-71.535973,-255.690002,4675.376465,61782.070312,-71.302063,1.502887,0.001355,0.198209,3.766583,0.025235,0.098868,0.116407,3691.717529,0.052973,0.891087,0.019097,0.049405,0.019301,0.001101,4456.396894856294,-460.578369,-11900.413086,1317.759766,-1.230597,-6.040668,-255.280701,-71.202156,-127.576027,-256.0,128.423691,0.0,57.169067,-256.469635,-71.302017,276480000,0.517558,0.59876,16.000002
0.004541,16.0,0.168761,1049.728619793377,58.472687,-256.964081,-71.608437,-256.190216,4659.13623,61689.347656,-71.3638,1.789413,0.001467,0.203587,3.829065,0.025843,0.098685,0.116897,3766.617188,0.053012,1.868833,0.019729,0.050949,0.019958,0.001126,4462.49831742843,-456.426666,-11762.398438,1389.485962,-1.223154,-6.013804,-255.808624,-71.268372,-126.954231,-256.0,129.045364,0.0,58.208626,-256.963959,-71.363678,276864000,0.525195,0.607402,16.000015
0.004683,16.0,0.146988,1049.039410427683,58.208591,-257.120911,-72.034569,-256.339447,4636.544434,61463.632812,-71.74958,1.779026,0.001435,0.207061,3.842147,0.025178,0.099542,0.117556,3760.479248,0.055179,1.927503,0.019624,0.050692,0.019848,0.001122,4468.603719286124,-454.798218,-11735.71582,1402.040771,-1.218076,-6.012304,-255.969269,-71.673019,-126.829788,-255.999969,129.169907,0.0,57.940685,-257.119904,-71.749588,277248000,0.52788,0.595281,16.000025
0.004641,16.0,0.267413,1049.2236551599735,57.434277,-257.168304,-72.13195,-256.401154,4613.365234,61181.3125,-71.889908,1.788158,0.001426,0.201963,3.823636,0.025335,0.101811,0.118042,3718.685547,0.055318,1.869501,0.019432,0.050196,0.019649,0.001111,4474.708048991362,-456.204498,-11772.760742,1377.732422,-1.227789,-6.01881,-256.012604,-71.802803,-126.942741,-255.999969,129.056992,0.0,57.149319,-257.168365,-71.889893,277632000,0.523965,0.602526,15.999993
0.004577,16.0,0.140289,1050.0186141480829,57.107128,-257.039398,-71.920837,-256.244873,4651.493164,61632.539062,-71.687027,1.532052,0.001406,0.201358,3.790572,0.025473,0.101491,0.118037,3708.625732,0.054305,0.898321,0.01885,0.048909,0.019041,0.001102,4480.807786301772,-460.193787,-11890.404297,1320.513428,-1.231604,-6.059433,-255.841141,-71.590897,-127.507065,-256.0,128.492599,0.0,56.810387,-257.039429,-71.686935,278016000,0.520689,0.604593,16.000019
0.004603,16.0,0.099979,931.9341730163563,58.091286,-257.512024,-71.830086,-256.73233,4630.51416,61456.078125,-71.590294,1.796656,0.001425,0.203405,3.845356,0.025359,0.10151,0.119664,3758.499023,0.054665,1.953871,0.019612,0.050728,0.01984,0.001128,4487.679814688365,-455.877899,-11750.977539,1392.939453,-1.219764,-6.023212,-256.357361,-71.506065,-126.880402,-255.999969,129.119278,0.0,57.819996,-257.511322,-71.59021,278400000,0.526553,0.600816,15.999983
0.004535,16.0,0.144466,1049.7858556446374,57.422894,-257.196686,-70.919556,-256.42691,4651.911621,61585.421875,-70.671783,1.667973,0.001422,0.205912,3.904129,0.025249,0.100849,0.120203,3765.427246,0.054815,1.696054,0.019647,0.050818,0.019869,0.00113,4493.780767699082,-455.489075,-11782.083008,1385.026489,-1.207428,-6.01843,-256.042999,-70.591347,-127.116058,-255.999969,128.883652,0.0,57.137722,-257.197449,-70.671722,278784000,0.524039,0.581351,16.000013
0.004522,16.0,0.121485,1048.7818732870835,57.659389,-257.099182,-71.033722,-256.321808,4664.089355,61733.019531,-70.795944,1.681005,0.001428,0.205945,3.860129,0.025067,0.101035,0.119721,3756.55957,0.055439,1.740604,0.019516,0.050487,0.019735,0.001124,4499.887553854784,-456.988403,-11781.574219,1383.173584,-1.215484,-6.019453,-255.94223,-70.706909,-127.078133,-255.999969,128.921646,0.0,57.377937,-257.098511,-70.796013,279168000,0.522413,0.587428,16.00001
0.004431,16.0,0.084763,1049.7953044400037,56.801167,-256.87323,-71.10347,-256.066986,4646.878906,61453.332031,-70.861237,1.53524,0.00143,0.207096,3.85329,0.024628,0.101321,0.120568,3742.145996,0.055936,0.9185,0.019445,0.050294,0.019661,0.001119,4505.988507592678,-459.24649,-11836.134766,1344.285278,-1.214281,-6.026341,-255.704544,-70.769691,-127.21183,-255.999969,128.787918,0.0,56.498863,-256.87326,-70.861244,279552000,0.523628,0.597394,16.000021
0.004422,16.0,0.115569,1049.9584049026882,55.73259,-256.724152,-70.856773,-255.93721,4606.227051,60863.140625,-70.62149,1.655144,0.001454,0.203107,3.819633,0.025133,0.101685,0.120362,3713.124268,0.054592,1.67081,0.019171,0.04963,0.019377,0.001108,4512.0887129664425,-457.447571,-11860.536133,1355.5448,-1.219931,-6.050743,-255.529617,-70.523064,-127.586571,-256.0,128.413193,0.0,55.409771,-256.724213,-70.621483,279936000,0.519728,0.589639,16.000038
0.004187,16.0,0.072936,1049.0605471338858,57.119759,-256.653656,-70.769913,-255.873398,4616.50293,60975.125,-70.523575,1.67511,0.001433,0.208659,3.875448,0.025099,0.100473,0.120667,3769.370605,0.055144,1.692854,0.019701,0.050881,0.019917,0.001126,4518.193889451027,-456.386963,-11796.057617,1373.745361,-1.207754,-6.018025,-255.488846,-70.436142,-127.134407,-255.999969,128.865356,0.0,56.828197,-256.65332,-70.523705,280320000,0.523527,0.588661,16.000027
0.004377,16.0,0.186593,1049.2852471479737,57.048328,-256.959625,-70.879982,-256.198395,4631.476074,61258.761719,-70.632736,1.664178,0.001433,0.206017,3.865346,0.02492,0.100772,0.120106,3741.456299,0.054736,1.729375,0.019586,0.050604,0.019803,0.001122,4524.2977881749475,-457.041412,-11777.0,1391.683594,-1.215598,-6.016674,-255.803116,-70.536804,-127.116615,-255.999969,128.883148,0.0,56.753983,-256.959045,-70.632851,280704000,0.522173,0.594143,16.000004
0.004501,16.0,0.144871,1049.0780002149465,56.819103,-256.857178,-71.165802,-256.059204,4605.279297,60906.953125,-70.915199,1.573921,0.001452,0.208089,3.87607,0.024927,0.100205,0.119636,3755.375244,0.055982,0.914245,0.019526,0.05051,0.019752,0.001123,4530.402912398179,-458.006317,-11803.744141,1340.155518,-1.221519,-6.018783,-255.695251,-70.812592,-126.85878,-255.999969,129.140869,0.0,56.519718,-256.857727,-70.915115,281088000,0.524793,0.606978,16.000002
0.004385,16.0,0.144915,1049.0492325287564,56.965115,-257.016479,-71.062325,-256.25592,4638.938477,61389.84375,-70.816353,1.742287,0.001415,0.200659,3.817853,0.024974,0.100754,0.118751,3700.218262,0.054125,1.865126,0.018807,0.048706,0.018995,0.00109,4536.50825467507,-457.970551,-11801.061523,1407.598511,-1.224425,-6.059036,-255.82045,-70.711777,-127.507065,-255.999969,128.492645,0.0,56.667732,-257.016724,-70.815979,281472000,0.516437,0.599765,16.000019
0.004614,16.0,0.141026,1049.8433105605372,58.269901,-257.652191,-71.560501,-256.883301,4606.493652,61150.570312,-71.307838,1.540086,0.001461,0.205687,3.861099,0.025061,0.099923,0.119417,3763.584961,0.056318,0.933088,0.019804,0.051146,0.020028,0.001131,4542.608844780922,-458.181458,-11795.71875,1358.478271,-1.222295,-6.01468,-256.513428,-71.219574,-126.960434,-255.999969,129.039246,0.0,57.999756,-257.651855,-71.308128,281856000,0.518895,0.593051,15.99999
0.004594,16.0,0.143535,1048.865777168011,58.869114,-257.959503,-71.276299,-257.2258,4648.278809,61757.855469,-71.043457,1.72458,0.001408,0.204007,3.855096,0.025044,0.101036,0.118845,3734.773926,0.05652,1.857927,0.019736,0.050965,0.019955,0.001127,4548.715113596121,-456.715698,-11717.482422,1433.543701,-1.22359,-6.004745,-256.837311,-70.950966,-126.942871,-255.999969,129.056747,0.0,58.612629,-257.959747,-71.043388,282240000,0.518284,0.587599,15.999993
0.004653,16.0,0.170791,1048.5699659440565,57.768166,-258.118439,-71.188446,-257.38324,4659.594727,61937.546875,-70.945595,1.799855,0.001347,0.202184,3.846328,0.024663,0.101351,0.118911,3729.301514,0.056748,1.836428,0.019498,0.050396,0.019705,0.001119,4554.823129586379,-456.867676,-11728.824219,1429.623779,-1.222247,-6.01926,-256.984741,-70.849472,-127.016022,-255.999969,128.983566,0.0,57.488594,-258.11792,-70.94561,282624000,0.517668,0.593371,15.999993
0.004541,16.0,0.150422,1048.6836696359067,56.351864,-257.611481,-71.795914,-256.796478,4701.209473,62412.046875,-71.547569,1.556641,0.00136,0.199407,3.805427,0.024816,0.103352,0.118738,3697.044189,0.056446,0.911937,0.019009,0.04921,0.019194,0.001101,4560.930640232563,-459.664398,-11862.306641,1354.24646,-1.235063,-6.050612,-256.433441,-71.44278,-127.568954,-255.999969,128.430786,0.0,56.039959,-257.610809,-71.547699,283008000,0.521131,0.609462,16.000006
0.00479,16.0,0.148305,1049.7207457594927,57.079609,-257.699158,-71.55513,-256.946991,4678.198242,62117.828125,-71.313225,1.777842,0.001355,0.199772,3.832489,0.024786,0.100697,0.118045,3731.167969,0.056214,1.909705,0.01976,0.051035,0.019979,0.00113,4567.031967175007,-455.914673,-11740.675781,1418.633545,-1.22595,-6.01287,-256.561829,-71.217743,-127.033913,-255.999969,128.965775,0.0,56.788235,-257.698914,-71.313377,283392000,0.521346,0.599797,16.000006
0.004666,16.0,0.228424,1049.5660811034834,58.04092,-258.385864,-71.3097,-257.658112,4655.127441,61953.257812,-71.059616,1.804836,0.001314,0.197081,3.813423,0.024365,0.100568,0.118101,3713.477295,0.057788,1.97096,0.019589,0.050634,0.019799,0.001125,4573.134297943116,-455.723236,-11701.835938,1448.890503,-1.223204,-6.012967,-257.263489,-70.969292,-126.94986,-255.999969,129.049789,0.0,57.768459,-258.385071,-71.059303,283776000,0.518351,0.584328,15.999983
0.004652,16.0,0.112309,1048.6345200871046,57.533436,-257.953613,-71.819344,-257.172821,4686.78418,62308.394531,-71.568153,1.812627,0.001349,0.196131,3.812624,0.024545,0.100592,0.118558,3711.929932,0.056246,1.919009,0.019314,0.049973,0.01952,0.001114,4579.242033441861,-456.678162,-11733.02832,1409.858276,-1.222007,-6.018422,-256.814972,-71.478951,-126.861946,-255.999969,129.137772,0.0,57.250313,-257.953339,-71.567986,284160000,0.523828,0.605274,15.999969
0.004569,16.0,0.212658,1049.5736313529758,57.133129,-257.435577,-71.485733,-256.661713,4695.871094,62277.402344,-71.24762,1.507907,0.001323,0.194116,3.768426,0.024609,0.101944,0.118556,3678.104248,0.055172,0.895497,0.018727,0.048578,0.018911,0.001094,4585.344312381744,-460.71286,-11863.672852,1351.982666,-1.23059,-6.055135,-256.252167,-71.150909,-127.549072,-255.999969,128.450577,0.0,56.835938,-257.43573,-71.247658,284544000,0.516281,0.590195,15.999998
0.00453,16.0,0.158307,1049.5991151875135,57.475899,-257.645935,-71.769341,-256.876862,4644.555176,61671.21875,-71.514023,1.792254,0.00139,0.203676,3.835613,0.024605,0.102218,0.119215,3754.60791,0.05775,2.091362,0.019686,0.050894,0.019916,0.001129,4591.446456984679,-455.942078,-11743.164062,1409.316772,-1.222308,-6.008349,-256.512817,-71.427925,-126.965355,-255.999969,129.034378,0.0,57.191483,-257.645386,-71.513977,284928000,0.520674,0.596452,16.000002
0.004372,16.0,0.100576,1049.2826207999312,57.213787,-257.6203,-71.858139,-256.849396,4665.529297,61952.585938,-71.617683,1.805795,0.001411,0.20235,3.833179,0.025042,0.102729,0.118912,3744.963867,0.057744,1.879081,0.019536,0.050526,0.019757,0.001123,4597.5503906170525,-456.766815,-11745.444336,1406.550537,-1.227383,-6.014364,-256.479645,-71.52536,-126.952065,-255.999969,129.047668,0.0,56.923786,-257.620056,-71.617455,285312000,0.522265,0.602651,15.999975
0.004452,16.0,0.255868,1049.748859934402,56.403362,-257.776947,-71.801903,-257.012939,4645.396484,61718.847656,-71.545914,1.791867,0.001391,0.197153,3.824575,0.024813,0.102466,0.118145,3722.401367,0.057927,1.915662,0.019282,0.049912,0.019501,0.001113,4603.651626674334,-457.312073,-11743.149414,1413.277954,-1.227817,-6.019543,-256.635254,-71.452469,-126.991249,-255.999969,129.00853,0.0,56.0956,-257.777405,-71.545929,285696000,0.520666,0.601557,16.000002
0.004593,16.0,0.215841,1049.0536677374212,56.811237,-257.270691,-71.92868,-256.474884,4672.753418,61971.488281,-71.676064,1.54408,0.001409,0.194077,3.794273,0.024506,0.10322,0.118011,3689.346191,0.057664,0.899248,0.018875,0.048903,0.019075,0.001095,4609.75685188373,-460.725952,-11877.979492,1340.12854,-1.234908,-6.057363,-256.081757,-71.577576,-127.573586,-255.999969,128.426117,0.0,56.507576,-257.270416,-71.676247,286080000,0.516836,0.602661,15.999969
0.004522,16.0,0.166126,1050.0357150792747,57.802338,-257.280273,-72.202515,-256.50354,4655.42334,61771.230469,-71.946548,1.77716,0.001451,0.201255,3.861968,0.025034,0.103539,0.119126,3761.134521,0.057334,1.876499,0.019729,0.050991,0.019965,0.00113,4615.856411282221,-456.874573,-11776.460938,1382.376709,-1.230731,-6.019382,-256.127258,-71.853226,-127.01963,-255.999969,128.980042,0.0,57.523525,-257.279816,-71.946495,286464000,0.520403,0.611794,15.999982
0.004617,16.0,0.209509,1048.9992636905347,57.271358,-257.64563,-72.844162,-256.864136,4622.627441,61480.1875,-72.55632,1.77983,0.001403,0.200277,3.856206,0.02492,0.103347,0.118901,3729.735596,0.059684,1.870774,0.0196,0.050681,0.019825,0.001126,4621.962252767881,-455.896362,-11731.336914,1412.196045,-1.236491,-6.015975,-256.503113,-72.473969,-126.876572,-255.999969,129.123123,0.0,56.982548,-257.645142,-72.556313,286848000,0.52222,0.602448,16.000023
0.004429,16.0,0.199115,1049.027751917846,57.518604,-257.029083,-72.950996,-256.247437,4628.790527,61430.664062,-72.722832,1.816477,0.00146,0.200693,3.863762,0.025095,0.10465,0.119512,3710.045898,0.060658,2.101288,0.019729,0.050968,0.019948,0.001129,4628.067722451687,-456.217316,-11756.598633,1395.797485,-1.237343,-6.003895,-255.883453,-72.638458,-126.961884,-256.0,129.037888,0.0,57.236115,-257.02832,-72.722855,287232000,0.529219,0.611812,15.999986
0.004523,16.0,0.229951,1049.298668251489,57.109905,-256.497711,-72.616913,-255.705795,4665.32373,61757.003906,-72.349136,1.515047,0.001434,0.199544,3.822391,0.02519,0.107579,0.120516,3684.506592,0.057227,0.932432,0.019268,0.049844,0.019465,0.001111,4634.171554211775,-460.207611,-11872.470703,1341.902344,-1.239144,-6.034085,-255.313477,-72.259743,-127.542198,-256.0,128.457581,0.0,56.812874,-256.497864,-72.349228,287616000,0.52373,0.602924,15.999996
0.004499,16.0,0.121057,916.5264457070749,57.317211,-256.684723,-72.949883,-255.913483,4611.930176,61129.65625,-72.703362,1.847191,0.001483,0.203509,3.873834,0.025201,0.107764,0.120348,3734.143066,0.060779,1.88072,0.020131,0.05194,0.02036,0.001145,4641.158988595009,-454.561279,-11749.844727,1402.415283,-1.229973,-5.991788,-255.542038,-72.620232,-126.977051,-256.0,129.022598,0.0,57.030792,-256.684113,-72.703171,288000000,0.533482,0.623035,16.000002
0.00444,16.0,0.168018,1050.102734521007,57.373001,-255.735291,-72.106697,-254.963608,4684.059082,61786.601562,-71.845848,1.718781,0.00148,0.205221,3.92676,0.025264,0.108902,0.121618,3756.88501,0.058586,1.875792,0.020354,0.052475,0.02059,0.001153,4647.258201392492,-455.319153,-11761.423828,1402.379761,-1.216996,-5.982343,-254.582596,-71.768112,-127.084801,-255.999969,128.914963,0.0,57.087219,-255.734665,-71.845779,288384000,0.53439,0.604392,16.000011
0.004422,16.0,0.235375,1049.0030097876718,57.995266,-255.568665,-72.168633,-254.802933,4700.337402,61968.371094,-71.902458,1.751132,0.001424,0.204345,3.870453,0.025328,0.108393,0.121115,3721.760254,0.057202,1.726027,0.020096,0.051885,0.020319,0.001147,4653.363720178604,-457.714417,-11766.134766,1407.797607,-1.230542,-5.990881,-254.404999,-71.809311,-127.162308,-256.0,128.837357,0.0,57.720238,-255.56839,-71.902481,288768000,0.530857,0.609621,15.999979
0.004531,16.0,0.211568,1049.6010769017396,58.195427,-255.492462,-72.023544,-254.693481,4691.826172,61816.6875,-71.803108,1.575929,0.001408,0.206589,3.870166,0.025121,0.109821,0.121523,3721.2854,0.057149,0.949912,0.020022,0.051689,0.020247,0.001142,4659.4657486915585,-459.702576,-11826.875,1351.770874,-1.231977,-5.992389,-254.32547,-71.700111,-127.189468,-255.999969,128.810196,0.0,57.921944,-255.491867,-71.803101,289152000,0.531602,0.622542,15.999965
0.00446,16.0,0.193904,1049.2819344789762,57.708618,-255.232269,-71.685631,-254.43277,4672.484863,61471.113281,-71.443329,1.71516,0.001424,0.201181,3.833468,0.025335,0.10885,0.120963,3702.061523,0.055597,1.810845,0.019434,0.050237,0.019633,0.001117,4665.569616309802,-457.78241,-11842.762695,1372.244873,-1.230343,-6.028015,-254.02829,-71.342575,-127.572289,-256.0,128.42749,0.0,57.426201,-255.232162,-71.443382,289536000,0.522769,0.60691,15.999989
0.004332,16.0,0.136907,1049.6689630241012,57.862015,-255.268936,-71.541039,-254.48439,4625.996582,60855.757812,-71.297119,1.727262,0.001423,0.207093,3.885974,0.025197,0.110207,0.120677,3752.713623,0.059076,1.805256,0.020094,0.051817,0.020325,0.00114,4671.671240838369,-456.268005,-11775.280273,1394.089111,-1.224021,-5.992421,-254.102249,-71.199699,-127.131027,-255.999969,128.868622,0.0,57.584816,-255.269562,-71.297035,289920000,0.524097,0.606808,15.999978
0.004683,16.0,0.088178,1048.8894240024927,56.934879,-255.366287,-71.045273,-254.599075,4658.351562,61260.089844,-70.8284,1.680534,0.001408,0.203694,3.872729,0.025205,0.108269,0.119955,3729.429199,0.0565,1.748077,0.019828,0.051215,0.020053,0.001133,4677.77750796477,-457.504028,-11795.360352,1380.010376,-1.226333,-6.007426,-254.185608,-70.722366,-127.178902,-256.0,128.820816,0.0,56.638279,-255.365814,-70.82843,290304000,0.522843,0.600323,15.999983
0.004701,16.0,0.100195,1049.0335835317917,57.394608,-255.796265,-71.177177,-255.002869,4688.932129,61770.191406,-70.918091,1.536411,0.001335,0.202082,3.861984,0.02496,0.106167,0.119872,3722.746582,0.053404,0.913046,0.019458,0.050336,0.019674,0.00112,4683.884803418318,-460.377319,-11817.174805,1347.990479,-1.229115,-6.01651,-254.615997,-70.809334,-127.047958,-255.999969,128.951691,0.0,57.105301,-255.796036,-70.918037,290688000,0.521602,0.604058,15.999986
0.004636,16.0,0.170971,1049.2511623832133,57.179131,-255.984894,-71.565033,-255.208817,4661.404785,61490.058594,-71.31871,1.7248,0.001282,0.19272,3.809749,0.024921,0.10526,0.118454,3652.406006,0.05184,1.877562,0.01859,0.048235,0.018771,0.001087,4689.988812780381,-458.595917,-11814.667969,1391.52002,-1.243393,-6.05925,-254.76767,-71.199211,-127.475945,-255.999969,128.523758,0.0,56.884666,-255.984497,-71.318535,291072000,0.516294,0.611798,15.999996
0.00473,16.0,0.136868,1049.0047909524892,56.997719,-257.344818,-72.20031,-256.580383,4626.097168,61398.238281,-71.943542,1.552557,0.001343,0.197598,3.851645,0.025125,0.105933,0.119256,3728.296387,0.054357,0.930423,0.019444,0.050304,0.019672,0.001119,4696.094531726837,-459.496155,-11784.474609,1376.671265,-1.234909,-6.024965,-256.188507,-71.851631,-127.016464,-255.999969,128.9832,0.0,56.699463,-257.345062,-71.943779,291456000,0.519756,0.600602,16.000011
0.004633,16.0,0.110949,1049.7490385092442,56.735062,-257.808899,-71.95282,-257.059113,4648.378418,61781.160156,-71.704048,1.702227,0.001364,0.196384,3.834097,0.025189,0.10476,0.118719,3714.008301,0.054848,1.983364,0.019416,0.050265,0.019641,0.001121,4702.195742237568,-456.596039,-11717.9375,1439.569458,-1.235975,-6.018925,-256.667877,-71.612343,-127.008949,-256.0,128.990814,0.0,56.436207,-257.809509,-71.704033,291840000,0.520288,0.587625,15.999998
0.004649,16.0,0.129508,1049.7273061918875,56.712078,-257.89151,-72.194077,-257.143127,4654.222168,61900.457031,-71.95108,1.743696,0.001323,0.195408,3.832899,0.024893,0.105114,0.11876,3709.355957,0.055048,1.895416,0.019422,0.050236,0.019649,0.001116,4708.297073388099,-457.30838,-11721.282227,1431.442627,-1.233237,-6.019662,-256.751038,-71.855942,-126.954323,-255.999969,129.04541,0.0,56.411182,-257.891449,-71.951073,292224000,0.522282,0.610335,15.999969
0.004879,16.0,0.154297,1049.2019486912254,56.181515,-257.256683,-72.182846,-256.440155,4688.709473,62194.863281,-71.938751,1.536365,0.001318,0.191312,3.779665,0.025005,0.104178,0.118781,3673.815918,0.05328,0.900144,0.018779,0.04867,0.018965,0.001093,4714.40139357249,-461.606201,-11869.120117,1344.259277,-1.238052,-6.052548,-256.070648,-71.835541,-127.517876,-255.999969,128.481827,0.0,55.864025,-257.256531,-71.93885,292608000,0.519708,0.615899,15.999979
0.004655,16.0,0.209385,1049.8931716396776,58.716938,-257.365936,-72.415176,-256.588379,4649.022461,61721.21875,-72.147049,1.792135,0.001365,0.197798,3.834216,0.025041,0.103489,0.119493,3753.196045,0.055312,1.989703,0.019646,0.050778,0.01987,0.001126,4720.5017173926035,-457.025635,-11717.96875,1441.098267,-1.229258,-6.012676,-256.220123,-72.061714,-127.020485,-256.0,128.979309,0.0,58.457451,-257.36615,-72.146774,292992000,0.52486,0.606276,15.999987
0.004721,16.0,0.149347,1049.7987647300858,58.828869,-257.496582,-71.992043,-256.754944,4653.468262,61780.210938,-71.737106,1.733965,0.001345,0.195191,3.821985,0.025066,0.101781,0.118161,3733.991699,0.056606,1.825516,0.019639,0.050721,0.019857,0.001123,4726.602565332254,-457.002441,-11721.4375,1425.456177,-1.227079,-6.001765,-256.366364,-71.654465,-126.89875,-256.0,129.100967,0.0,58.571053,-257.496735,-71.736961,293376000,0.522337,0.588471,15.999979
0.004289,16.0,0.172478,1049.3124650088478,57.832058,-257.15152,-72.299377,-256.362671,4694.694336,62266.113281,-72.06575,1.777139,0.001381,0.194771,3.816405,0.025027,0.101471,0.117951,3752.134277,0.055206,1.92037,0.019393,0.050159,0.019607,0.001116,4732.706282198429,-457.190491,-11772.424805,1376.578003,-1.22512,-6.019893,-255.994995,-71.978813,-126.917839,-255.999969,129.081879,0.0,57.554878,-257.151611,-72.065659,293760000,0.524312,0.615055,15.999974
0.004522,16.0,0.163529,1049.925131236654,57.321117,-256.820679,-71.507393,-256.029633,4683.209961,61963.835938,-71.254158,1.502365,0.001318,0.192568,3.765948,0.024714,0.100826,0.116922,3721.328369,0.054802,0.880682,0.018897,0.048948,0.019078,0.001097,4738.806505922476,-461.781372,-11897.618164,1315.516846,-1.22993,-6.051217,-255.628387,-71.154533,-127.513397,-255.999969,128.486221,0.0,57.025501,-256.820892,-71.254227,294144000,0.51692,0.597638,15.999949
0.004362,16.0,0.121198,1048.5563238678888,58.376015,-256.77301,-71.748627,-255.996704,4663.865723,61721.785156,-71.509109,1.699286,0.001342,0.201185,3.835666,0.02479,0.101513,0.117985,3784.370605,0.055631,1.87673,0.019755,0.051041,0.019973,0.001131,4744.914610147476,-457.51062,-11782.957031,1366.642822,-1.222763,-6.010804,-255.620514,-71.421928,-126.920486,-255.999969,129.079102,0.0,58.108765,-256.772797,-71.509026,294528000,0.519327,0.597335,15.99998
0.004393,16.0,0.151299,1048.6499175303197,57.625454,-257.137573,-71.647186,-256.365021,4675.687988,61954.234375,-71.395409,1.699886,0.001348,0.200519,3.827807,0.025149,0.101313,0.117546,3770.67041,0.056804,1.790586,0.019745,0.050975,0.019961,0.001127,4751.022173118591,-457.894745,-11775.02832,1369.026489,-1.220466,-6.007897,-255.995789,-71.308289,-126.861748,-256.0,129.138,0.0,57.342979,-257.136963,-71.395447,294912000,0.518417,0.597527,15.999994
0.004369,16.0,0.193552,1047.722664677287,57.685665,-257.069092,-71.615028,-256.298279,4675.294434,61931.5625,-71.3722,1.671304,0.001329,0.198626,3.817027,0.024768,0.099949,0.117336,3734.825928,0.054408,1.842189,0.019518,0.050473,0.019729,0.001123,4757.135086417198,-458.035278,-11771.80957,1375.390015,-1.224096,-6.008865,-255.924728,-71.285934,-126.891769,-255.999969,129.107986,0.0,57.404865,-257.068604,-71.372192,295296000,0.517163,0.58792,15.999997
0.00433,16.0,0.210067,1048.3807506883566,57.153557,-256.720917,-71.254898,-255.937546,4698.208496,62117.214844,-71.015175,1.447706,0.001263,0.194325,3.778255,0.024537,0.099803,0.11631,3687.572266,0.053781,0.861747,0.01896,0.049072,0.019144,0.001097,4763.244229789575,-462.209106,-11897.150391,1318.81189,-1.227349,-6.049575,-255.532532,-70.921234,-127.537354,-256.0,128.462326,0.0,56.854797,-256.721283,-71.015221,295680000,0.510574,0.581632,15.999964
0.004262,16.0,0.146089,1047.9907162889501,58.124744,-256.672424,-71.754402,-255.876373,4680.681641,61916.742188,-71.495148,1.651119,0.001344,0.205287,3.844561,0.024725,0.098811,0.117162,3764.687012,0.054205,1.869484,0.01978,0.051124,0.020006,0.001134,4769.355581963062,-457.843414,-11783.738281,1362.971436,-1.221841,-6.010857,-255.518082,-71.410126,-126.888496,-256.0,129.11116,0.0,57.851597,-256.672058,-71.495102,296064000,0.516787,0.594828,15.999964
0.004451,16.0,0.238894,1048.677215102304,57.240795,-256.734222,-72.053001,-255.949936,4642.805176,61460.144531,-71.77562,1.70237,0.001337,0.205795,3.832354,0.024712,0.100294,0.118206,3711.520508,0.057429,1.895017,0.019803,0.051136,0.020035,0.00113,4775.462975211938,-456.675964,-11728.844727,1411.067871,-1.217931,-6.001799,-255.587891,-71.701797,-126.832314,-255.999969,129.16748,0.0,56.952587,-256.733398,-71.775505,296448000,0.520581,0.591543,15.99999
0.004421,16.0,0.185985,1047.7111274242795,57.941013,-256.550629,-72.00721,-255.768036,4665.457031,61712.859375,-71.768471,1.674474,0.001301,0.202144,3.822947,0.024596,0.100616,0.117801,3684.286865,0.055983,1.773458,0.019577,0.050627,0.019793,0.001126,4781.576050380866,-457.470551,-11765.410156,1385.241699,-1.224822,-6.015344,-255.38887,-71.684906,-126.93158,-256.0,129.068146,0.0,57.666458,-256.550781,-71.76815,296832000,0.518418,0.5965,15.999993
0.004392,16.0,0.139357,1048.6891123177045,57.868885,-256.325714,-71.643517,-255.524521,4680.595215,61822.640625,-71.414497,1.460145,0.001297,0.198062,3.787375,0.024506,0.098984,0.117154,3663.960938,0.053449,0.878851,0.018978,0.04924,0.019167,0.00111,4787.6833375056585,-461.121948,-11877.014648,1337.178711,-1.226611,-6.052078,-255.124191,-71.322472,-127.530731,-255.999969,128.468948,0.0,57.585869,-256.325134,-71.414612,297216000,0.512804,0.595523,15.999993
0.004424,16.0,0.126677,931.4126194047252,58.398125,-257.16037,-71.557846,-256.380035,4674.803711,61936.675781,-71.30909,1.738519,0.001314,0.202902,3.833385,0.024089,0.098992,0.117319,3730.078369,0.053526,2.043744,0.019654,0.050881,0.019881,0.001135,4794.55916535457,-456.410797,-11734.613281,1420.165649,-1.220671,-6.018745,-256.009003,-71.222069,-126.983429,-255.999969,129.016159,0.0,58.132019,-257.15976,-71.30909,297600000,0.51529,0.593064,15.999979
0.004416,16.0,0.140133,1048.9094439417731,57.655067,-256.97876,-71.611977,-256.195282,4684.9375,62033.480469,-71.349945,1.687857,0.001353,0.2032,3.887517,0.024708,0.099536,0.11685,3750.946533,0.055801,1.734561,0.019891,0.051417,0.020128,0.00114,4800.665219934782,-455.883667,-11748.667969,1414.885376,-1.212672,-6.013395,-255.827225,-71.269684,-127.076591,-255.999969,128.923172,0.0,57.374706,-256.978577,-71.349777,297984000,0.520237,0.597581,16.0
0.004561,16.0,0.041756,1047.9015430049283,57.849216,-256.761505,-71.538589,-255.977478,4647.771484,61485.898438,-71.289017,1.699714,0.001344,0.20278,3.836063,0.024767,0.099671,0.11757,3734.251221,0.055345,1.754214,0.019625,0.050752,0.019847,0.001128,4806.777158272266,-456.790649,-11796.238281,1384.373535,-1.22289,-6.034034,-255.585678,-71.197876,-127.237808,-255.999969,128.761826,0.0,57.571655,-256.761261,-71.289101,298368000,0.517306,0.596509,15.999972
0.00428,16.0,0.044129,1048.6348013772413,57.598873,-257.143402,-71.87233,-256.339142,4645.06543,61565.960938,-71.623016,1.566931,0.00137,0.198115,3.825784,0.024815,0.100195,0.116672,3724.316406,0.0559,0.90759,0.019547,0.050596,0.019762,0.001129,4812.884941498439,-459.09079,-11807.000977,1361.715942,-1.225454,-6.0371,-255.971848,-71.526871,-127.096184,-255.999969,128.903503,0.0,57.314472,-257.144379,-71.623001,298752000,0.519445,0.6149,15.999992
0.004303,16.0,0.082618,1048.505675031476,56.565182,-256.900787,-71.64344,-256.089996,4628.578125,61268.453125,-71.39827,1.673789,0.00136,0.19272,3.794695,0.025018,0.099267,0.115972,3746.970947,0.052341,1.732342,0.01898,0.049235,0.019167,0.001109,4818.993336681525,-457.4133,-11825.868164,1392.084595,-1.231134,-6.072102,-255.689163,-71.295929,-127.605453,-256.0,128.394241,0.0,56.259026,-256.899597,-71.398277,299136000,0.516465,0.60646,15.999992
0.004488,16.0,0.096253,1048.0053010715963,58.043266,-257.395111,-71.571266,-256.624512,4643.094727,61576.296875,-71.340828,1.687997,0.001374,0.198507,3.838086,0.025117,0.099381,0.116591,3771.833008,0.054359,1.716657,0.019497,0.050454,0.01971,0.001125,4825.1048216899235,-456.983704,-11765.71582,1405.23999,-1.225411,-6.033631,-256.232574,-71.245399,-127.140121,-256.0,128.859695,0.0,57.77005,-257.395294,-71.340736,299520000,0.516775,0.601977,15.999986
0.00446,16.0,0.063159,1048.7745386190873,56.882473,-257.62619,-71.621071,-256.839111,4657.628418,61823.648438,-71.363617,1.675554,0.001375,0.19627,3.823946,0.025125,0.099355,0.115875,3753.903076,0.054151,1.710063,0.019346,0.050031,0.01955,0.001114,4831.211647804578,-457.613861,-11771.178711,1402.231201,-1.233397,-6.03824,-256.462982,-71.261658,-127.158165,-255.999969,128.841492,0.0,56.584538,-257.626038,-71.363434,299904000,0.518569,0.599634,15.999982
0.004452,16.0,0.180074,1048.4016076752857,56.974792,-257.22934,-71.863335,-256.427277,4664.308105,61840.355469,-71.636314,1.538887,0.001356,0.199024,3.832592,0.025454,0.098606,0.116694,3762.488525,0.054453,0.889942,0.019246,0.049894,0.019457,0.001119,4837.320711346468,-459.444824,-11833.216797,1336.178101,-1.233128,-6.042445,-256.054688,-71.535416,-127.099373,-256.0,128.900391,0.0,56.676208,-257.229553,-71.636559,300288000,0.517482,0.609334,15.99999
0.004261,16.0,0.268122,1048.0764776073968,56.42326,-257.64325,-71.122513,-256.87442,4682.004395,62111.65625,-70.894012,1.69992,0.001286,0.190579,3.78329,0.025312,0.097828,0.116145,3691.993652,0.051867,1.876222,0.018569,0.048195,0.018744,0.001088,4843.431595130762,-458.83432,-11814.017578,1401.005615,-1.240162,-6.079678,-256.442474,-70.783813,-127.561729,-255.999969,128.437912,0.0,56.113052,-257.643585,-70.893806,300672000,0.510311,0.582043,15.999966
0.004174,16.0,0.28379,1048.645652327726,56.622475,-258.570221,-72.001678,-257.794983,4632.526855,61745.125,-71.731033,1.54796,0.00136,0.195401,3.820246,0.024955,0.097851,0.115439,3756.75708,0.056068,0.920015,0.019564,0.050596,0.019783,0.001125,4849.539261229833,-458.393158,-11777.047852,1378.137695,-1.230115,-6.027769,-257.437988,-71.643661,-126.96788,-255.999969,129.031799,0.0,56.319187,-258.570129,-71.731201,301056000,0.517304,0.592649,15.999966
0.004485,16.0,0.297715,1047.8102989806566,56.767998,-258.514435,-72.048134,-257.760132,4648.01416,61948.324219,-71.791748,1.782881,0.001347,0.196334,3.812904,0.024665,0.09798,0.115703,3742.738037,0.057216,1.931004,0.019509,0.050485,0.019729,0.001125,4855.651735854149,-456.326508,-11701.811523,1448.12915,-1.227318,-6.019004,-257.39032,-71.708321,-126.936111,-256.0,129.063599,0.0,56.469982,-258.514648,-71.791664,301440000,0.516241,0.592098,15.999969
0.004306,16.0,0.198753,1048.6765097719656,56.64204,-258.102112,-72.162224,-257.333984,4666.221191,62103.421875,-71.930725,1.749219,0.00126,0.195106,3.802901,0.024281,0.096761,0.115462,3702.536377,0.057101,1.905306,0.019233,0.049831,0.01945,0.001115,4861.759174966812,-456.819397,-11756.634766,1404.308105,-1.233673,-6.033457,-256.955872,-71.833481,-127.041176,-256.0,128.958618,0.0,56.340717,-258.102692,-71.930679,301824000,0.515222,0.612445,15.999966
0.004274,16.0,0.133045,1047.9432817292495,56.083515,-257.89447,-71.749596,-257.09021,4684.869141,62257.257812,-71.52507,1.495762,0.001241,0.189688,3.764269,0.024204,0.097069,0.114658,3687.093506,0.05534,0.891727,0.018835,0.048781,0.019024,0.001092,4867.870906023184,-460.994324,-11871.685547,1341.491699,-1.236485,-6.066838,-256.710754,-71.426346,-127.522011,-255.999969,128.477859,0.0,55.763649,-257.894775,-71.524887,302208000,0.511506,0.593334,15.999998
0.004541,16.0,0.229668,1047.9486785448887,57.563461,-258.098175,-72.078903,-257.319916,4678.96875,62261.597656,-71.810249,1.724852,0.001306,0.199708,3.815102,0.024151,0.097068,0.115986,3737.305176,0.057741,1.972557,0.019864,0.051293,0.020101,0.001133,4873.982628484567,-456.383209,-11739.689453,1412.913452,-1.221975,-6.016005,-256.968414,-71.734322,-126.962029,-255.999969,129.037674,0.0,57.281555,-258.097961,-71.810242,302592000,0.51696,0.589104,15.99999
0.004249,16.0,0.130131,1028.1933172491574,57.804813,-257.746613,-72.005684,-256.982269,4696.081543,62404.585938,-71.737976,1.710808,0.001309,0.198799,3.814413,0.024061,0.098869,0.11601,3726.412842,0.057214,1.819881,0.019764,0.051028,0.019992,0.001127,4880.21205432415,-457.610626,-11726.395508,1431.452637,-1.222219,-6.021372,-256.603485,-71.659454,-127.002304,-256.0,128.997421,0.0,57.527004,-257.745941,-71.737976,302976000,0.517223,0.590792,15.999958
0.004425,16.0,0.082807,1028.7505884194775,57.767307,-257.281525,-72.553841,-256.482483,4706.020508,62469.714844,-72.293091,1.779955,0.001339,0.197201,3.805096,0.024341,0.100186,0.11585,3716.235596,0.058939,1.995931,0.019644,0.050812,0.019876,0.001129,4886.438051923116,-456.298859,-11758.751953,1393.719238,-1.230926,-6.02252,-256.123932,-72.207443,-126.961624,-256.0,129.038055,0.0,57.49123,-257.281464,-72.29303,303360000,0.525581,0.610114,15.999965
0.004351,16.0,0.175473,1039.4437785550085,57.527256,-256.940216,-72.341171,-256.14386,4706.375,62378.09375,-72.098839,1.509852,0.00132,0.192841,3.763123,0.024453,0.101058,0.116004,3661.850342,0.057152,0.902121,0.018992,0.049169,0.019194,0.001098,4892.60018149217,-461.800446,-11872.941406,1344.509277,-1.23614,-6.063024,-255.739212,-72.009644,-127.556541,-255.999969,128.443176,0.0,57.236614,-256.939758,-72.09906,303744000,0.515722,0.598726,15.999971
0.00412,16.0,0.054276,1034.4181019434561,57.40374,-256.977448,-72.461479,-256.188324,4681.653809,62068.582031,-72.218964,1.750867,0.00137,0.203151,3.828572,0.025197,0.101953,0.116809,3749.125,0.057322,1.978149,0.019777,0.051104,0.020008,0.001132,4898.79183874925,-457.072998,-11763.698242,1395.342285,-1.233892,-6.02446,-255.812851,-72.130287,-127.019554,-256.0,128.980118,0.0,57.116814,-256.976837,-72.218742,304128000,0.522841,0.606498,15.999979
0.004336,16.0,0.23223,987.5280219283787,57.771759,-257.060394,-72.263977,-256.264465,4678.278809,62022.949219,-72.000725,1.68172,0.001385,0.203011,3.83189,0.025126,0.101676,0.116797,3743.244873,0.057293,1.755016,0.01974,0.051004,0.019975,0.001129,4905.277727043629,-457.455658,-11771.017578,1385.842651,-1.233175,-6.020775,-255.901825,-71.914925,-126.993843,-256.0,129.005783,0.0,57.492607,-257.059845,-72.000618,304512000,0.520451,0.593707,15.999969
0.004031,16.0,0.240292,1027.5637194506521,56.805576,-257.111938,-72.307892,-256.334442,4679.559082,62060.589844,-72.070877,1.741076,0.001371,0.202649,3.825349,0.025052,0.102356,0.11709,3721.286865,0.056574,1.930192,0.019511,0.050499,0.01973,0.001126,4911.511790676912,-458.150909,-11771.780273,1396.86438,-1.238254,-6.034967,-255.941223,-71.977882,-127.104477,-255.999969,128.895248,0.0,56.505352,-257.111725,-72.070808,304896000,0.519282,0.600456,15.999978
0.004133,16.0,0.22284,1041.3168265098739,56.178078,-256.857819,-72.165184,-256.060181,4692.63623,62157.160156,-71.921661,1.519943,0.001329,0.195688,3.790559,0.024969,0.103407,0.117214,3683.625244,0.054562,0.891239,0.018834,0.048875,0.019022,0.001102,4917.662725885709,-461.470581,-11900.561523,1314.453491,-1.241426,-6.070717,-255.648544,-71.825745,-127.535507,-255.999969,128.464157,0.0,55.860661,-256.858002,-71.921913,305280000,0.513624,0.59426,16.00001
0.004353,16.0,0.238884,1047.8755695427224,58.189228,-257.588074,-72.493523,-256.818298,4706.537598,62549.359375,-72.239807,1.778106,0.001367,0.201164,3.841094,0.0254,0.104191,0.117928,3740.565186,0.05583,1.857481,0.019794,0.051187,0.020017,0.001138,4923.7748712857565,-457.857666,-11760.094727,1396.110352,-1.235216,-6.030473,-256.432129,-72.152374,-126.983742,-255.999969,129.015945,0.0,57.918797,-257.587402,-72.239929,305664000,0.517862,0.602449,16.000029
0.004076,16.0,0.309441,1046.3647356610122,58.186756,-257.997253,-72.461586,-257.216248,4662.74707,62056.425781,-72.191757,1.752965,0.001373,0.200368,3.843265,0.025036,0.10229,0.117397,3710.017334,0.056074,2.006328,0.019572,0.050675,0.019789,0.001131,4929.895844908556,-457.850128,-11741.525391,1413.525269,-1.232042,-6.031231,-256.848358,-72.109993,-126.971832,-256.0,129.027847,0.0,57.91465,-257.996521,-72.191597,306048000,0.517671,0.595378,15.999987
0.00419,16.0,0.21261,1024.1305290061684,58.301857,-257.765503,-72.545235,-256.989075,4677.224121,62202.570312,-72.29744,1.774867,0.001366,0.199857,3.838336,0.024783,0.102079,0.118051,3716.333984,0.056778,1.933063,0.019473,0.050439,0.019688,0.001128,4936.149576342106,-457.434082,-11755.555664,1394.407104,-1.230346,-6.030956,-256.612823,-72.21759,-126.924866,-256.0,129.074844,0.0,58.034901,-257.764984,-72.297447,306432000,0.517625,0.599605,15.999986
0.004202,16.0,0.210466,1031.5996991685377,56.853558,-257.376617,-72.547882,-256.562958,4682.993164,62182.296875,-72.290108,1.518536,0.001298,0.195759,3.791327,0.024628,0.104533,0.118446,3674.039307,0.055987,0.909169,0.019228,0.049812,0.019423,0.001116,4942.360036285719,-461.177582,-11870.775391,1342.277954,-1.233667,-6.061695,-256.184296,-72.202789,-127.518402,-255.999969,128.481171,0.0,56.549,-257.377106,-72.290039,306816000,0.518344,0.607534,16.000006
0.003958,16.0,0.090935,874.4786848434537,57.255577,-257.609009,-72.788277,-256.835297,4671.282715,62111.21875,-72.530861,1.752043,0.001375,0.200564,3.85275,0.02453,0.107066,0.120072,3730.345703,0.059146,1.908061,0.019927,0.051482,0.020153,0.00114,4949.683962861697,-456.593781,-11732.963867,1419.909668,-1.226037,-6.023969,-256.457977,-72.456429,-126.962776,-256.0,129.036896,0.0,56.966423,-257.609009,-72.530731,307200000,0.522114,0.607255,16.000004
0.004259,16.0,0.13837,998.6571237137116,57.700649,-256.501953,-71.743668,-255.704971,4713.993652,62314.585938,-71.490013,1.718843,0.001408,0.200502,3.899981,0.024916,0.107242,0.12062,3729.493896,0.059423,1.709075,0.020162,0.052067,0.020396,0.001151,4956.098786866665,-456.720734,-11768.329102,1401.074463,-1.210246,-6.010265,-255.342834,-71.41433,-127.127029,-256.0,128.87262,0.0,57.420193,-256.50235,-71.489914,307584000,0.523042,0.599445,16.000004
0.004151,16.0,0.112676,1009.3380756214196,57.815468,-256.232239,-71.540695,-255.464935,4716.547852,62272.941406,-71.288361,1.729769,0.001401,0.201877,3.861502,0.0248,0.106073,0.119709,3733.333008,0.060314,1.756593,0.020094,0.051896,0.020322,0.001148,4962.444387511412,-458.904022,-11769.628906,1401.515625,-1.220348,-6.012228,-255.064682,-71.200027,-127.12252,-255.999969,128.877258,0.0,57.534672,-256.231812,-71.288231,307968000,0.522989,0.595723,16.00001
0.004071,16.0,0.042533,1038.8354078176822,57.858994,-256.083344,-71.622932,-255.265991,4720.217285,62283.53125,-71.385757,1.535891,0.001407,0.199884,3.854726,0.024564,0.106359,0.11999,3726.462891,0.061076,0.920318,0.019859,0.051334,0.020088,0.001139,4968.611921389897,-460.061249,-11833.260742,1346.497192,-1.223818,-6.018902,-254.906158,-71.289787,-127.1968,-255.999969,128.802902,0.0,57.577888,-256.083282,-71.385902,308352000,0.52298,0.608014,16.0
0.004236,16.0,0.043416,1043.7681781652284,57.09726,-255.91925,-71.509911,-255.118225,4732.367188,62397.875,-71.263443,1.706142,0.001404,0.195971,3.823881,0.024926,0.106401,0.119673,3730.588867,0.059,1.746089,0.019331,0.05003,0.019538,0.001116,4974.74820485115,-458.579376,-11834.354492,1383.525024,-1.229268,-6.052932,-254.708878,-71.166351,-127.592918,-256.0,128.406769,0.0,56.80098,-255.919586,-71.263519,308736000,0.513699,0.594326,16.000008
0.004207,16.0,0.179146,1042.1929643438439,56.842369,-255.978104,-71.483192,-255.187729,4690.173828,61855.402344,-71.243431,1.734663,0.001432,0.202252,3.867452,0.025248,0.106715,0.120161,3753.471191,0.060542,1.695216,0.020102,0.051912,0.020342,0.001147,4980.893705825011,-457.913757,-11784.711914,1391.380615,-1.227199,-6.011917,-254.805771,-71.144821,-127.181625,-256.0,128.817978,0.0,56.543118,-255.978455,-71.243423,309120000,0.523118,0.600448,15.99999
0.00426,16.0,0.161495,1036.6711819821196,56.53149,-255.788025,-71.414536,-254.990265,4687.65918,61769.96875,-71.168465,1.74319,0.001436,0.20103,3.861336,0.025254,0.106264,0.120075,3745.854248,0.05923,1.755429,0.019768,0.051205,0.019997,0.001144,4987.071951345602,-458.483826,-11783.473633,1395.279541,-1.228214,-6.02067,-254.602921,-71.066628,-127.202644,-255.999969,128.797119,0.0,56.224586,-255.788712,-71.168388,309504000,0.52322,0.601727,15.999996
0.004211,16.0,0.173506,1003.5024231784392,56.572201,-256.096924,-71.49218,-255.304764,4686.275879,61833.632812,-71.252655,1.531034,0.001422,0.201405,3.865852,0.025372,0.102785,0.119664,3752.54126,0.056792,0.906009,0.019595,0.050799,0.019816,0.001139,4993.455828050773,-460.141113,-11813.945312,1349.14502,-1.229696,-6.034747,-254.905533,-71.151283,-127.029419,-255.999969,128.970306,0.0,56.265308,-256.096893,-71.2528,309888000,0.520002,0.601619,16.000019
0.003996,16.0,0.209432,989.0119145942168,56.737713,-256.644318,-71.162346,-255.877899,4678.120117,61831.230469,-70.936111,1.707644,0.001365,0.193687,3.811264,0.025094,0.102765,0.118946,3698.134033,0.054027,1.826314,0.018589,0.048363,0.018771,0.0011,4999.932029497623,-459.207916,-11805.929688,1398.30896,-1.238197,-6.07249,-255.426559,-70.821823,-127.450256,-256.0,128.5495,0.0,56.434532,-256.643524,-70.935753,310272000,0.516895,0.596197,16.00001
0.004103,16.0,0.184058,935.6394115304985,57.892139,-257.924316,-71.774361,-257.162903,4645.373535,61751.617188,-71.503098,1.575619,0.001396,0.197383,3.850568,0.025041,0.103116,0.120189,3734.633545,0.053833,0.927343,0.01939,0.050245,0.0196,0.001125,5006.780297704538,-459.530792,-11772.226562,1388.154541,-1.226148,-6.031419,-256.775452,-71.412231,-127.008499,-255.999969,128.991211,0.0,57.612431,-257.925171,-71.503227,310656000,0.517694,0.598284,15.999918
0.003944,16.0,0.130495,953.9266980672617,56.889313,-258.465363,-72.029678,-257.714447,4638.676758,61812.785156,-71.758255,1.812799,0.001378,0.197756,3.850121,0.025268,0.101689,0.119531,3711.212646,0.054331,1.950886,0.019228,0.049931,0.019434,0.001127,5013.497866002718,-457.0513,-11679.714844,1462.451294,-1.22976,-6.033385,-257.325714,-71.670837,-126.850937,-256.0,129.148682,0.0,56.593048,-258.465088,-71.75824,311040000,0.516388,0.593926,15.999969
0.004126,16.0,0.117496,946.6075288212369,57.283058,-258.378448,-71.879471,-257.631836,4663.422852,62109.472656,-71.662155,1.787137,0.00139,0.195489,3.83489,0.02512,0.10174,0.119786,3688.037842,0.053281,1.975061,0.018916,0.049224,0.019111,0.00112,5020.263454910119,-457.46936,-11729.051758,1419.628662,-1.229944,-6.037952,-257.233093,-71.569435,-126.911934,-256.0,129.087753,0.0,56.995125,-258.378174,-71.66214,311424000,0.514474,0.600732,15.999969
0.00421,16.0,0.068479,949.9050215727351,57.798031,-258.435547,-71.610596,-257.629486,4691.731445,62461.390625,-71.372635,1.517244,0.001333,0.191671,3.791778,0.024724,0.101083,0.119063,3665.232666,0.051287,0.871412,0.018215,0.047479,0.01838,0.001088,5027.009598338604,-461.307465,-11865.320312,1343.847534,-1.234294,-6.079913,-257.25061,-71.273193,-127.478584,-256.0,128.521057,0.0,57.512402,-258.435944,-71.372849,311808000,0.511536,0.593246,15.999969
0.004237,16.0,0.067377,993.7944653291661,58.480953,-259.037384,-71.434525,-258.293671,4652.833008,62079.15625,-71.192696,1.751995,0.001319,0.195879,3.842946,0.024888,0.101024,0.119667,3727.408203,0.051817,1.824304,0.018903,0.049157,0.019101,0.001115,5033.458253741264,-457.182983,-11717.62793,1432.308105,-1.223369,-6.040164,-257.903137,-71.101456,-126.927559,-256.0,129.072159,0.0,58.216167,-259.036896,-71.19265,312192000,0.513778,0.59169,15.999982
0.00405,16.0,0.028367,1048.5227779121726,58.380737,-259.535339,-71.474739,-258.790771,4671.520996,62448.484375,-71.211739,1.801065,0.001361,0.19359,3.826464,0.024711,0.100173,0.118829,3713.217285,0.052867,1.807611,0.019014,0.049336,0.019218,0.00111,5039.566834994157,-457.19754,-11695.854492,1449.46167,-1.223768,-6.027171,-258.424713,-71.120689,-126.881187,-256.0,129.118561,0.0,58.114979,-259.535645,-71.211716,312576000,0.514238,0.590928,15.999966
0.004007,16.0,0.144187,1037.7069158889863,57.575302,-258.998596,-71.637001,-258.237854,4679.196777,62438.382812,-71.406227,1.792901,0.001388,0.195141,3.819212,0.024729,0.100809,0.118968,3706.472656,0.053586,1.954339,0.018909,0.049087,0.019107,0.001107,5045.741063884894,-457.749908,-11739.756836,1415.500366,-1.224999,-6.035429,-257.867462,-71.310188,-126.975136,-255.999969,129.024475,0.0,57.292866,-258.99823,-71.406158,312960000,0.515431,0.606267,15.999986
0.004315,16.0,0.119828,985.6252093798278,57.145603,-258.641998,-71.13604,-257.847504,4683.124512,62353.347656,-70.907463,1.493088,0.001326,0.191176,3.781595,0.024871,0.098919,0.117246,3689.872559,0.051273,0.871165,0.018241,0.047497,0.018408,0.001085,5052.239006272952,-461.574158,-11873.19043,1339.389038,-1.230814,-6.080784,-257.460449,-70.800148,-127.509895,-256.0,128.489792,0.0,56.846619,-258.641357,-70.907455,313344000,0.509594,0.596737,15.99999
0.004163,16.0,0.093761,961.3299984291815,58.749435,-258.618927,-71.663734,-257.845428,4684.097168,62412.917969,-71.408401,1.751788,0.001356,0.197741,3.837024,0.025068,0.100703,0.117582,3773.001221,0.052896,1.919136,0.019066,0.049442,0.019269,0.001111,5058.90452953577,-457.725037,-11732.390625,1413.628296,-1.226466,-6.029509,-257.487183,-71.315392,-126.882668,-256.0,129.11705,0.0,58.490948,-258.619568,-71.408211,313728000,0.514763,0.597292,15.999978
0.004174,16.0,0.128646,961.9626911137731,58.469196,-258.772308,-71.658997,-258.009338,4633.853516,61782.890625,-71.4132,1.736305,0.001386,0.19788,3.832161,0.025113,0.099816,0.117227,3739.719971,0.053414,1.696291,0.019003,0.049309,0.019205,0.00111,5065.566016709805,-457.459442,-11713.992188,1427.208374,-1.227336,-6.028,-257.644196,-71.318726,-126.837082,-256.0,129.162628,0.0,58.20541,-258.771729,-71.413086,314112000,0.515527,0.59862,15.99999
0.004423,16.0,0.181783,980.1951618253692,57.803905,-258.596161,-71.860245,-257.824066,4644.054199,61894.488281,-71.599808,1.741956,0.001395,0.195583,3.823276,0.025023,0.099498,0.116753,3719.553955,0.053156,1.828832,0.018754,0.048675,0.018951,0.001097,5072.103600231806,-457.441162,-11729.271484,1421.522339,-1.232034,-6.038466,-257.452545,-71.505287,-126.933891,-255.999969,129.065781,0.0,57.526203,-258.594818,-71.599846,314496000,0.517139,0.597023,15.99999
0.004135,16.0,0.111744,1047.0433146828934,57.489021,-258.24292,-71.801445,-257.458923,4672.154785,62179.519531,-71.57135,1.454976,0.001378,0.191647,3.778498,0.02491,0.100274,0.116255,3686.807861,0.052813,0.868909,0.018368,0.047837,0.018544,0.001093,5078.220687631766,-461.99353,-11874.674805,1340.965576,-1.237417,-6.068338,-257.064789,-71.473564,-127.536354,-255.999969,128.463333,0.0,57.197201,-258.242859,-71.57148,314880000,0.512144,0.591618,16.000011
0.004171,16.0,0.06267,1049.5442770250434,57.685932,-257.942841,-71.495277,-257.160583,4644.577148,61712.179688,-71.253006,1.733689,0.001383,0.199176,3.846526,0.024839,0.099115,0.116997,3770.898926,0.052551,1.850356,0.019159,0.049762,0.019368,0.001123,5084.323268036048,-457.352509,-11763.026367,1387.699097,-1.225867,-6.031291,-256.793671,-71.159409,-126.933655,-256.0,129.066025,0.0,57.404144,-257.942505,-71.253044,315264000,0.516269,0.593601,16.0
0.004337,16.0,0.177608,1048.4358167594849,57.459187,-258.138214,-71.782433,-257.363892,4651.092285,61873.617188,-71.524925,1.668979,0.001343,0.197156,3.837151,0.024794,0.09864,0.116785,3728.507324,0.053603,1.832151,0.018962,0.049277,0.019171,0.001114,5090.432151563962,-458.393951,-11753.033203,1402.296509,-1.230071,-6.03475,-256.990662,-71.43206,-126.969292,-256.0,129.03038,0.0,57.172985,-258.137787,-71.525093,315648000,0.515477,0.594607,16.000002
0.004179,16.0,0.20704,1049.4178421731335,57.431091,-258.238464,-71.648117,-257.480713,4631.281738,61623.3125,-71.408356,1.712565,0.001299,0.196824,3.831158,0.024665,0.098261,0.116117,3719.794922,0.052381,1.963702,0.018854,0.048987,0.019053,0.001108,5096.535301232338,-458.759064,-11753.546875,1403.099976,-1.232822,-6.03609,-257.092529,-71.310013,-126.978905,-255.999969,129.020752,0.0,57.145336,-258.238373,-71.408394,316032000,0.513989,0.59535,16.000004
0.00415,16.0,0.186271,1048.9652630872586,57.175781,-257.57132,-71.906349,-256.75415,4676.811035,62086.0625,-71.670219,1.51272,0.001326,0.190576,3.780715,0.024661,0.096356,0.115264,3688.654297,0.051168,0.869187,0.018371,0.047863,0.018546,0.001095,5102.641229748726,-461.032715,-11892.249023,1319.437378,-1.238225,-6.070144,-256.376038,-71.566689,-127.506195,-255.999969,128.49353,0.0,56.878483,-257.571655,-71.670288,316416000,0.514911,0.605121,15.999987
0.004076,16.0,0.151267,929.4826808947345,58.3881,-258.227448,-71.831963,-257.461548,4655.07666,61953.609375,-71.587517,1.730618,0.001307,0.193424,3.814999,0.024625,0.098201,0.115351,3749.0896,0.052573,1.93568,0.019192,0.049776,0.019398,0.001119,5109.531319789092,-457.019073,-11754.419922,1401.602173,-1.227992,-6.026813,-257.090546,-71.496521,-126.990051,-256.0,129.009628,0.0,58.12204,-258.227295,-71.587486,316800000,0.514083,0.597902,16.0
0.003914,16.0,0.13729,1012.7326888613616,57.449753,-257.320953,-71.82785,-256.526947,4686.51416,62153.476562,-71.549339,1.724007,0.001309,0.195735,3.865023,0.02482,0.098806,0.116248,3764.290527,0.052661,1.815067,0.019366,0.050183,0.019568,0.001125,5115.8554643273355,-457.165161,-11770.541016,1395.437012,-1.207771,-6.026402,-256.163757,-71.476814,-127.088158,-256.0,128.91156,0.0,57.163277,-257.320862,-71.549263,317184000,0.517049,0.600783,15.999972
0.004142,16.0,0.138436,967.6495707848716,58.43935,-257.144562,-71.749855,-256.373322,4708.309082,62397.917969,-71.502968,1.691331,0.001267,0.198172,3.836508,0.024767,0.097877,0.115859,3763.586182,0.052361,1.805289,0.019158,0.049677,0.019359,0.001116,5122.47503049771,-459.727753,-11781.338867,1387.86145,-1.220257,-6.03256,-255.980148,-71.418236,-127.095123,-256.0,128.904694,0.0,58.17112,-257.143921,-71.502983,317568000,0.512085,0.597437,15.999998
0.00421,16.0,0.198436,975.9318985394101,57.747505,-257.338776,-71.845818,-256.523224,4708.78125,62448.683594,-71.595039,1.536003,0.001244,0.19793,3.817112,0.024736,0.098328,0.116246,3735.660645,0.051281,0.872739,0.01878,0.048765,0.018971,0.001101,5129.037410438061,-461.109314,-11853.266602,1331.706543,-1.225264,-6.044207,-256.165588,-71.49984,-127.238365,-255.999969,128.761276,0.0,57.464142,-257.338989,-71.59507,317952000,0.513553,0.612298,15.999962
0.004275,16.0,0.064896,961.1553813177119,57.567894,-257.460175,-71.820686,-256.664795,4698.566895,62345.867188,-71.569916,1.658629,0.001273,0.193573,3.787184,0.024817,0.099145,0.115065,3725.234375,0.050516,1.677531,0.018472,0.047965,0.018651,0.001084,5135.700720651945,-458.94696,-11843.185547,1373.651611,-1.230025,-6.070051,-256.266846,-71.47747,-127.578674,-256.0,128.421066,0.0,57.279915,-257.45993,-71.569794,318336000,0.507216,0.595851,15.999969
0.004123,16.0,0.110321,942.5112455870534,57.738827,-257.638611,-71.761604,-256.860016,4694.354004,62329.914062,-71.51181,1.680695,0.001276,0.197478,3.821518,0.024868,0.099279,0.115988,3746.838379,0.052097,1.700543,0.019062,0.049375,0.019262,0.001105,5142.49642414252,-458.58194,-11786.745117,1385.755615,-1.223951,-6.038054,-256.480927,-71.424622,-127.139153,-255.999969,128.860504,0.0,57.456474,-257.638214,-71.511711,318720000,0.508741,0.595299,15.999966
0.004057,16.0,0.100867,938.9984246499146,57.418274,-257.817413,-71.758537,-257.01886,4702.334473,62473.773438,-71.518425,1.701458,0.001249,0.198742,3.823193,0.024819,0.099095,0.116488,3747.160889,0.051802,1.69826,0.018959,0.04918,0.019164,0.001106,5149.32068627278,-458.598877,-11761.722656,1411.501343,-1.224118,-6.047682,-256.650391,-71.428833,-127.146507,-256.0,128.853241,0.0,57.129749,-257.81723,-71.518372,319104000,0.514222,0.599925,15.999968
0.004137,16.0,0.065724,967.4422633088687,57.972553,-258.06485,-71.590408,-257.272736,4664.512207,62014.308594,-71.347725,1.508505,0.001259,0.199806,3.840489,0.024696,0.09774,0.117199,3751.571289,0.051552,0.874946,0.01878,0.048746,0.01898,0.001099,5155.944589646658,-459.852966,-11799.193359,1353.546143,-1.223966,-6.055314,-256.896301,-71.254028,-126.928917,-256.0,129.07077,0.0,57.696098,-258.064941,-71.347725,319488000,0.512424,0.601681,15.999972
0.004186,16.0,0.158504,1028.5159783674749,57.77652,-257.947113,-71.563972,-257.162292,4709.087402,62577.5625,-71.311493,1.692125,0.001233,0.193954,3.790798,0.024836,0.096625,0.11605,3696.35791,0.05061,1.929587,0.018245,0.047513,0.018429,0.001084,5162.171700290839,-459.327484,-11806.785156,1401.48999,-1.237676,-6.093901,-256.737305,-71.207619,-127.489716,-255.999969,128.510056,0.0,57.493389,-257.94574,-71.311546,319872000,0.509816,0.592346,16.000008
0.004097,16.0,0.19883,1008.5071192049745,58.164764,-258.97049,-72.154854,-258.204742,4677.974609,62460.394531,-71.884972,1.526853,0.001241,0.198849,3.828855,0.024453,0.097036,0.117319,3750.662598,0.051651,0.909148,0.01914,0.049616,0.019346,0.001113,5168.523908412457,-459.820374,-11797.540039,1366.376831,-1.221577,-6.041576,-257.833588,-71.811066,-127.040627,-255.999969,128.959091,0.0,57.890045,-258.97113,-71.8853,320256000,0.51464,0.589648,15.999975
0.00422,16.0,0.158882,998.4237142961658,58.143635,-259.113403,-72.035881,-258.357361,4672.085449,62407.464844,-71.787529,1.749274,0.001236,0.198153,3.832862,0.024635,0.0972,0.117067,3747.702393,0.052512,1.863951,0.019082,0.049482,0.019287,0.001111,5174.940957947572,-457.369507,-11705.138672,1441.925171,-1.220236,-6.039665,-257.980103,-71.707275,-126.896927,-255.999969,129.102676,0.0,57.871483,-259.113129,-71.787369,320640000,0.516993,0.600215,15.999949
0.004074,16.0,0.228886,999.9540512764324,57.22118,-258.956116,-71.839828,-258.196838,4666.810059,62281.21875,-71.602036,1.689887,0.001233,0.197372,3.827972,0.024524,0.095741,0.116815,3727.276611,0.052272,1.823999,0.018946,0.049156,0.019145,0.001106,5181.347983666261,-457.863708,-11748.682617,1404.272827,-1.227239,-6.044545,-257.815674,-71.513237,-126.950714,-256.0,129.049011,0.0,56.929905,-258.955933,-71.602074,321024000,0.514681,0.595474,15.999984
0.004243,16.0,0.268833,1010.2296674256712,56.492435,-258.289154,-72.053329,-257.462585,4728.85498,62956.917969,-71.796936,1.51102,0.00124,0.194517,3.79401,0.024607,0.095338,0.116346,3724.114746,0.049598,0.876606,0.018231,0.047404,0.018404,0.001077,5187.690085697174,-461.916748,-11862.086914,1353.578857,-1.232856,-6.090441,-257.088013,-71.703903,-127.537239,-256.0,128.462494,0.0,56.179691,-258.289215,-71.797012,321408000,0.51504,0.600542,15.999996
0.004144,16.0,0.285504,948.5743823667304,58.229374,-258.921112,-72.037231,-258.164612,4673.137207,62376.238281,-71.796898,1.759546,0.001262,0.201197,3.828062,0.024719,0.096514,0.117298,3790.806641,0.052481,2.042258,0.019221,0.0498,0.019433,0.001115,5194.444577725729,-457.089752,-11729.723633,1423.134521,-1.227843,-6.035747,-257.788422,-71.715271,-126.957924,-256.0,129.041733,0.0,57.959629,-258.920532,-71.796898,321792000,0.515985,0.587898,15.999993
0.003998,16.0,0.163045,996.3078019312327,57.564281,-258.886505,-71.790924,-258.122223,4680.735352,62445.097656,-71.532501,1.717795,0.00127,0.199526,3.815475,0.024864,0.095954,0.116823,3767.470215,0.051453,1.806949,0.019031,0.049347,0.019237,0.001108,5200.8743171374,-457.73111,-11727.282227,1427.601685,-1.23138,-6.042612,-257.748108,-71.444626,-126.971291,-255.999969,129.028473,0.0,57.28022,-258.886047,-71.532585,322176000,0.511012,0.582569,15.99998
0.003909,16.0,0.096717,986.7660941785995,58.202686,-258.607697,-72.265266,-257.824615,4695.818848,62622.507812,-72.033737,1.749107,0.001255,0.199646,3.809261,0.024943,0.096745,0.116564,3754.3396,0.050981,1.812315,0.018869,0.048985,0.019071,0.001104,5207.367602193355,-457.71579,-11759.326172,1394.713257,-1.238368,-6.043321,-257.464142,-71.937408,-126.96331,-256.0,129.036438,0.0,57.933025,-258.607635,-72.033737,322560000,0.509546,0.60551,15.999959
0.004179,16.0,0.137266,1009.1830880826349,57.80862,-258.328156,-72.069221,-257.527588,4724.09082,62910.65625,-71.829102,1.520599,0.001282,0.196013,3.765763,0.025232,0.098205,0.116736,3734.554199,0.050297,0.860727,0.018306,0.047588,0.018493,0.001079,5213.716426165899,-462.265991,-11867.070312,1348.516724,-1.242813,-6.088694,-257.135284,-71.730934,-127.533249,-255.999969,128.46637,0.0,57.521118,-258.327759,-71.829185,322944000,0.503832,0.59179,15.999974
0.004022,16.0,0.046227,996.476768504923,57.76347,-258.156982,-72.311401,-257.373657,4686.784668,62398.488281,-72.054695,1.768298,0.001312,0.203302,3.826282,0.02534,0.097604,0.117206,3801.94751,0.051822,1.971727,0.019109,0.049565,0.019325,0.001113,5220.145904628435,-458.035706,-11770.652344,1385.401123,-1.234066,-6.045872,-257.001099,-71.968231,-126.97998,-256.0,129.019669,0.0,57.483562,-258.156799,-72.054726,323328000,0.511744,0.595203,15.99999
0.004007,16.0,0.095362,981.5556564772925,58.307224,-258.832031,-72.353386,-258.066681,4667.867676,62312.804688,-72.105034,1.833264,0.001302,0.199627,3.813924,0.025191,0.099006,0.116873,3786.000977,0.052323,2.002908,0.018889,0.04899,0.019098,0.0011,5226.670992847284,-457.61911,-11732.836914,1413.38269,-1.239403,-6.041007,-257.693878,-72.01667,-126.885872,-256.0,129.113861,0.0,58.039295,-258.831726,-72.104767,323712000,0.511041,0.590098,16.00001
0.004022,16.0,0.151436,941.5035267448882,57.476082,-258.669067,-72.867142,-257.886047,4656.808594,62171.285156,-72.591026,1.832479,0.001276,0.197717,3.807748,0.02515,0.098346,0.116341,3754.677979,0.051996,1.888983,0.018722,0.048591,0.018916,0.001095,5233.475300351779,-457.68161,-11751.973633,1396.989868,-1.241353,-6.03707,-257.530273,-72.506081,-126.913208,-255.999969,129.086624,0.0,57.191071,-258.668976,-72.590942,324096000,0.513703,0.599214,16.000006
0.00396,16.0,0.029654,940.1399266677744,56.450787,-257.943024,-73.000771,-257.157349,4684.571777,62386.992188,-72.759323,1.558929,0.001268,0.195501,3.777643,0.025102,0.097314,0.115831,3713.932617,0.050203,0.877727,0.018308,0.047657,0.018478,0.001087,5240.29123805364,-461.586273,-11895.135742,1320.525269,-1.247051,-6.070106,-256.759003,-72.669563,-127.540359,-256.0,128.459381,0.0,56.137474,-257.942657,-72.759438,324480000,0.507723,0.6041,15.99998
0.003953,16.0,0.083094,964.9433288938623,58.156834,-258.226471,-72.762711,-257.452576,4624.640625,61633.101562,-72.519066,1.780711,0.001305,0.199053,3.836918,0.024868,0.097373,0.116359,3767.237305,0.054374,1.822462,0.019015,0.049397,0.019219,0.001116,5246.932342791557,-456.975861,-11770.294922,1378.597168,-1.238663,-6.03954,-257.077423,-72.43721,-126.919235,-255.999969,129.080414,0.0,57.886787,-258.226654,-72.518837,324864000,0.512857,0.595599,15.999983
0.004058,16.0,0.195648,1002.4978325046004,58.655041,-258.923279,-72.616608,-258.160156,4617.851074,61692.699219,-72.362717,1.758824,0.001255,0.196062,3.823845,0.024608,0.09713,0.116284,3733.748291,0.054301,1.911778,0.018754,0.048744,0.01895,0.001104,5253.321741199494,-457.398376,-11754.313477,1409.369629,-1.235801,-6.046973,-257.783264,-72.282539,-127.062767,-255.999969,128.936935,0.0,58.39362,-258.922546,-72.362679,325248000,0.507727,0.59177,16.0
0.003755,16.0,0.186241,1016.8566291163601,58.162041,-259.082733,-72.253685,-258.315552,4667.971191,62363.898438,-72.025757,1.760819,0.001241,0.195316,3.830652,0.024462,0.097548,0.116458,3721.366943,0.054813,1.853044,0.018835,0.048913,0.01903,0.001105,5259.622474348545,-457.360962,-11743.114258,1400.006958,-1.230245,-6.040189,-257.950775,-71.942162,-126.857666,-256.0,129.142059,0.0,57.893787,-259.08313,-72.025688,325632000,0.513763,0.595778,16.000002
0.003766,16.0,0.201355,996.5828794658472,57.23143,-258.320953,-72.182495,-257.506622,4640.333008,61802.386719,-71.941025,1.491791,0.001242,0.191066,3.790253,0.024325,0.09846,0.11631,3694.071289,0.054447,0.884992,0.018513,0.048091,0.018688,0.001089,5266.05150544246,-460.924408,-11892.074219,1327.450317,-1.238382,-6.075577,-257.137115,-71.849739,-127.585739,-256.0,128.413895,0.0,56.933353,-258.320862,-71.94104,326016000,0.51158,0.591741,16.00004
0.00401,16.0,0.162896,871.6340859166692,57.457859,-258.297882,-72.243591,-257.52063,4651.026855,61951.160156,-71.99501,1.713876,0.001281,0.195031,3.846067,0.02451,0.097025,0.116979,3741.20166,0.056209,1.836737,0.019424,0.050361,0.019621,0.001132,5273.398992617925,-456.665741,-11760.830078,1389.954956,-1.226914,-6.030914,-257.158813,-71.914078,-126.941246,-255.999969,129.058426,0.0,57.173134,-258.297729,-71.995079,326400000,0.513715,0.596547,16.000023
0.003962,16.0,0.193949,985.4563065042042,57.167824,-258.058563,-71.355423,-257.294067,4699.673828,62463.828125,-71.105705,1.669255,0.001311,0.197147,3.884876,0.024594,0.097339,0.117488,3766.206543,0.056122,1.746264,0.01949,0.050506,0.019702,0.001131,5279.900333007176,-457.385468,-11763.993164,1405.186768,-1.216641,-6.033036,-256.910889,-71.024597,-127.117561,-256.0,128.882095,0.0,56.875572,-258.0578,-71.105576,326784000,0.514222,0.581117,16.000027
0.003963,16.0,0.119304,987.1038621373672,57.116619,-257.690918,-71.720139,-256.904449,4695.493164,62351.699219,-71.470268,1.675645,0.001239,0.19979,3.848988,0.024484,0.098302,0.117459,3758.342529,0.055627,1.688862,0.019321,0.050108,0.019531,0.001126,5286.388466413816,-458.389191,-11775.426758,1392.026245,-1.225274,-6.048604,-256.521393,-71.382309,-127.090637,-255.999969,128.90918,0.0,56.822166,-257.690552,-71.470284,327168000,0.513677,0.592367,16.000034
0.004024,16.0,0.135607,984.5157930195011,57.00272,-257.834778,-71.59668,-257.022705,4699.452148,62421.691406,-71.362648,1.509921,0.001244,0.197888,3.839691,0.024565,0.099123,0.118043,3738.189697,0.054793,0.892261,0.019237,0.049887,0.019439,0.001121,5292.896612425645,-461.637909,-11833.838867,1352.932007,-1.225258,-6.045869,-256.671051,-71.27079,-127.251694,-256.0,128.748047,0.0,56.703014,-257.83493,-71.362793,327552000,0.512185,0.596137,16.000042
0.004018,16.0,0.087686,990.4934084894552,55.792614,-257.343506,-71.508636,-256.543671,4718.532227,62554.171875,-71.267387,1.60455,0.00128,0.194898,3.808786,0.024846,0.099249,0.11767,3733.835938,0.054232,1.561267,0.018985,0.049279,0.019173,0.001112,5299.3647362113,-458.946533,-11844.685547,1371.468506,-1.228829,-6.069322,-256.147644,-71.174767,-127.572189,-256.0,128.427551,0.0,55.469246,-257.343384,-71.267372,327936000,0.508952,0.58592,16.000053
0.004199,16.0,0.086469,988.3629413072986,56.828144,-257.484253,-71.243637,-256.699524,4683.824707,62103.8125,-70.997475,1.664666,0.001294,0.201515,3.851866,0.024768,0.098578,0.118263,3765.758057,0.054214,1.814518,0.019457,0.050407,0.019664,0.001129,5305.845510029792,-458.134064,-11789.678711,1380.53833,-1.223576,-6.041066,-256.318176,-70.904877,-127.120667,-255.999969,128.878983,0.0,56.528725,-257.483765,-70.997444,328320000,0.511497,0.585917,16.000027
0.003973,16.0,0.07501,970.1091870397632,57.930786,-257.330719,-71.624481,-256.537933,4703.920898,62368.617188,-71.371086,1.67097,0.001309,0.201066,3.854843,0.024876,0.098595,0.117977,3753.384277,0.054264,1.683239,0.019493,0.050519,0.019706,0.001132,5312.448865652084,-459.025177,-11770.675781,1395.470581,-1.226263,-6.028193,-256.175476,-71.278786,-127.071251,-255.999969,128.928482,0.0,57.653873,-257.330872,-71.370895,328704000,0.511852,0.594836,16.000006
0.004066,16.0,0.095527,1000.2585939287831,58.209583,-257.288116,-71.510338,-256.501984,4685.583496,62106.128906,-71.274887,1.473641,0.001278,0.20253,3.859488,0.024743,0.098368,0.118259,3745.780029,0.05342,0.88008,0.019352,0.050166,0.019563,0.001125,5318.85435145696,-460.585205,-11805.642578,1352.097412,-1.229955,-6.037919,-256.123383,-71.180901,-126.971695,-256.0,129.028,0.0,57.936584,-257.288757,-71.274948,329088000,0.5096,0.586791,16.000008
0.004044,16.0,0.098923,996.0650558896181,57.636089,-257.105469,-71.393059,-256.320526,4681.497559,61998.675781,-71.139725,1.692361,0.001238,0.195045,3.805054,0.024681,0.098792,0.117743,3674.127686,0.052409,1.865314,0.018626,0.048439,0.018805,0.001101,5325.284138623873,-459.433441,-11818.674805,1390.834351,-1.233783,-6.078829,-255.89592,-71.037399,-127.500633,-256.0,128.499069,0.0,57.349453,-257.104797,-71.139351,329472000,0.506636,0.590315,16.000017
0.004135,16.0,0.18978,1021.0655311087672,57.90696,-258.071625,-72.448586,-257.299774,4659.379395,62030.1875,-72.177414,1.531886,0.001328,0.201255,3.844759,0.024992,0.099065,0.118466,3751.949707,0.054515,0.923032,0.019639,0.050809,0.019862,0.001131,5331.556755137443,-460.058563,-11760.662109,1401.442627,-1.230204,-6.034288,-256.926514,-72.095085,-127.020615,-255.999969,128.979202,0.0,57.626865,-258.07251,-72.177849,329856000,0.511165,0.600594,15.999982
0.00413,16.0,0.084948,987.4952956162952,57.619171,-257.993011,-72.327591,-257.211884,4663.909668,62058.867188,-72.069756,1.692574,0.001293,0.199174,3.841461,0.024963,0.098945,0.11858,3725.160889,0.053858,1.943238,0.019397,0.050302,0.019609,0.00113,5338.042765466372,-457.898285,-11712.56543,1448.572876,-1.233534,-6.03331,-256.846405,-71.985046,-127.032188,-255.999969,128.96756,0.0,57.335697,-257.993225,-72.069824,330240000,0.51075,0.593557,15.99999
0.003922,16.0,0.070222,994.855794306725,57.629616,-258.146698,-72.155891,-257.39975,4662.104004,62061.871094,-71.915413,1.714954,0.001252,0.197095,3.834282,0.024608,0.099344,0.118601,3704.764893,0.053634,1.7736,0.019134,0.049636,0.019338,0.001116,5344.482584146658,-457.883362,-11709.90625,1439.872803,-1.229506,-6.037258,-257.000458,-71.832047,-126.919022,-255.999969,129.080627,0.0,57.348316,-258.146606,-71.915298,330624000,0.508156,0.592365,15.999989
0.003883,16.0,0.137838,986.530780519347,56.902725,-258.052582,-72.315498,-257.23822,4685.29248,62350.371094,-72.06617,1.5107,0.00122,0.193943,3.791185,0.024695,0.099187,0.118099,3672.85498,0.051799,0.877711,0.018587,0.048303,0.018767,0.001095,5350.975740722815,-462.011749,-11839.058594,1377.049683,-1.243615,-6.076239,-256.865265,-71.965126,-127.540787,-256.0,128.458923,0.0,56.598255,-258.052216,-72.066269,331008000,0.506763,0.605504,15.999945
0.004223,16.0,0.035668,981.1797445281087,57.768162,-258.340515,-72.629227,-257.579803,4666.486816,62207.125,-72.378403,1.777342,0.001273,0.198477,3.822788,0.024668,0.099575,0.118866,3724.94165,0.054301,1.932173,0.019406,0.050277,0.019616,0.001126,5357.505879378319,-456.810577,-11687.833008,1465.483276,-1.235686,-6.027147,-257.206818,-72.294327,-126.965141,-256.0,129.034515,0.0,57.490204,-258.339905,-72.378265,331392000,0.511125,0.600512,15.999965
0.004009,16.0,0.055164,997.6470958663532,57.502865,-258.974548,-72.363823,-258.230011,4688.539551,62628.289062,-72.112061,1.757168,0.001259,0.195868,3.815495,0.024696,0.100531,0.118551,3724.7229,0.054924,1.874136,0.019305,0.050102,0.019509,0.001129,5363.927651111285,-457.571045,-11674.927734,1472.097778,-1.236882,-6.026971,-257.854279,-72.02121,-126.894592,-256.0,129.105118,0.0,57.217697,-258.974335,-72.112099,331776000,0.511059,0.601167,15.999966
0.003989,16.0,0.081234,1002.7351124033296,56.484802,-258.418732,-72.530579,-257.632111,4715.208984,62861.023438,-72.292252,1.753711,0.001281,0.196256,3.816677,0.024822,0.100511,0.118501,3728.503174,0.053665,1.898702,0.019142,0.049637,0.019347,0.001115,5370.3147929906845,-458.047455,-11720.574219,1433.019165,-1.236898,-6.032407,-257.279602,-72.19696,-126.955437,-256.0,129.044205,0.0,56.179436,-258.419128,-72.291939,332160000,0.515438,0.617043,15.99999
0.004272,16.0,0.071986,1035.2163303916375,56.631985,-257.850342,-72.2034,-257.056732,4717.439941,62726.339844,-71.956909,1.515339,0.001263,0.191074,3.766849,0.024887,0.101747,0.11818,3668.700928,0.052922,0.869176,0.018521,0.048112,0.0187,0.001089,5376.501660879453,-461.572021,-11842.230469,1373.848145,-1.238678,-6.06675,-256.669281,-71.863174,-127.545227,-255.999969,128.454514,0.0,56.32267,-257.850403,-71.956963,332544000,0.505041,0.596759,15.999968
0.003898,16.0,0.058897,1042.549620652037,56.942608,-257.662964,-72.491257,-256.881927,4716.392578,62694.566406,-72.244751,1.773078,0.001282,0.202368,3.833123,0.025136,0.100523,0.118796,3764.903076,0.055187,1.901122,0.019441,0.050388,0.019647,0.00113,5382.64512120088,-457.189148,-11741.019531,1415.757812,-1.235026,-6.02357,-256.520569,-72.154465,-126.995735,-256.0,129.003937,0.0,56.646748,-257.66272,-72.244774,332928000,0.508769,0.60844,15.999949
0.003818,16.0,0.160884,1000.4326989389801,57.11335,-257.819611,-72.139252,-257.041901,4675.242188,62153.066406,-71.903763,1.743229,0.00132,0.199677,3.828569,0.025409,0.10037,0.117975,3731.477295,0.054201,1.85274,0.019354,0.05019,0.019558,0.001128,5389.046810817718,-457.757202,-11744.334961,1405.690186,-1.236203,-6.020931,-256.680817,-71.807007,-126.922829,-256.0,129.07692,0.0,56.820759,-257.819122,-71.903793,333312000,0.511869,0.605302,15.999965
0.004144,16.0,0.212806,1031.6798969001609,57.45068,-257.777588,-71.865807,-257.005035,4672.850586,62087.910156,-71.633591,1.677441,0.001284,0.196007,3.810729,0.025053,0.099291,0.117064,3696.561279,0.053405,1.796802,0.019186,0.049767,0.019386,0.001119,5395.25774881045,-457.994537,-11758.219727,1404.016357,-1.236124,-6.026715,-256.634155,-71.533325,-127.042374,-255.999969,128.957291,0.0,57.165222,-257.777435,-71.633392,333696000,0.509535,0.601418,15.999964
0.004164,16.0,0.175698,1021.4189958484269,56.84679,-257.869995,-71.575363,-257.097351,4705.655762,62518.394531,-71.348,1.447336,0.001255,0.188875,3.761334,0.024841,0.099297,0.116032,3639.855957,0.051454,0.867858,0.018439,0.047953,0.018611,0.00109,5401.52934139967,-462.509277,-11867.22168,1348.705933,-1.241235,-6.074292,-256.6828,-71.238274,-127.533997,-255.999969,128.465714,0.0,56.541855,-257.871094,-71.347878,334080000,0.504899,0.598461,15.999957
0.004196,16.0,0.132588,1026.5255220404104,57.651253,-258.152924,-71.765358,-257.372559,4691.453125,62409.304688,-71.52005,1.702594,0.001288,0.196908,3.828474,0.024913,0.097564,0.116516,3694.648682,0.0532,1.833892,0.019463,0.050462,0.019682,0.001132,5407.768622287114,-458.29953,-11754.054688,1400.726685,-1.231376,-6.031471,-257.010223,-71.42215,-126.964676,-255.999969,129.034988,0.0,57.368328,-258.15274,-71.520195,334464000,0.512699,0.602172,16.00001
0.004024,16.0,0.066281,1046.76038389187,57.914303,-258.133026,-72.024803,-257.357544,4680.292969,62282.046875,-71.764046,1.733198,0.001287,0.19774,3.827977,0.024913,0.098059,0.117081,3692.57251,0.05396,1.896457,0.019259,0.049946,0.019466,0.001122,5413.887333726883,-457.673523,-11713.462891,1430.000977,-1.230289,-6.028651,-256.991821,-71.67382,-126.858032,-255.999969,129.141586,0.0,57.638458,-258.132996,-71.763939,334848000,0.514897,0.598257,15.999964
0.003991,16.0,0.205827,1047.6092551303618,57.011944,-258.018982,-71.613914,-257.251007,4669.682129,62077.429688,-71.392487,1.704678,0.001268,0.195789,3.819197,0.024768,0.096271,0.11613,3681.798584,0.052111,1.849552,0.01901,0.049421,0.019212,0.00112,5420.000937346617,-458.351654,-11745.453125,1404.976929,-1.23313,-6.042067,-256.863892,-71.291328,-126.920708,-255.999969,129.078964,0.0,56.718491,-258.018921,-71.392487,335232000,0.512151,0.599273,15.999983
0.004294,16.0,0.168243,1048.1775410399946,57.852467,-258.284515,-71.180038,-257.498077,4696.17334,62449.011719,-70.951706,1.490122,0.001235,0.188604,3.774271,0.024632,0.094624,0.11457,3630.614258,0.050063,0.856874,0.018208,0.047489,0.018378,0.00109,5426.113617273172,-462.106506,-11868.788086,1346.975464,-1.234739,-6.089621,-257.088776,-70.841515,-127.536697,-256.0,128.463043,0.0,57.568176,-258.284027,-70.951797,335616000,0.505349,0.596757,15.999969
0.004092,16.0,0.165958,929.8717355601394,57.797714,-258.933411,-71.830887,-258.148071,4669.791992,62309.796875,-71.556686,1.806831,0.001231,0.196985,3.821656,0.024055,0.096298,0.115925,3706.035645,0.053317,1.886057,0.01894,0.049173,0.019144,0.001109,5433.000789276759,-457.12851,-11724.091797,1435.235107,-1.223315,-6.05022,-257.787384,-71.467308,-127.021935,-256.0,128.977722,0.0,57.518745,-258.934113,-71.556694,336000000,0.512375,0.60274,15.99999
0.004075,16.0,0.0756,1048.8098525046196,57.680359,-258.184998,-71.638336,-257.403778,4702.484375,62553.347656,-71.381012,1.664279,0.001235,0.196936,3.878187,0.024456,0.097386,0.116657,3752.86084,0.053959,1.636487,0.019154,0.04973,0.019358,0.001122,5439.107382881642,-457.718536,-11773.941406,1395.667114,-1.207582,-6.040361,-257.034882,-71.304962,-127.118614,-256.0,128.881149,0.0,57.397839,-258.184998,-71.380928,336384000,0.511293,0.601075,16.000013
0.004122,16.0,0.128687,1047.7530077478166,57.514187,-257.884491,-71.596626,-257.098633,4710.268066,62581.332031,-71.337601,1.696635,0.001221,0.196322,3.830594,0.02459,0.096854,0.115877,3745.774902,0.053314,1.722732,0.018907,0.049136,0.019102,0.001113,5445.220196064313,-460.039581,-11786.810547,1390.841675,-1.218637,-6.052206,-256.716736,-71.245895,-127.176125,-256.0,128.823563,0.0,57.22607,-257.884033,-71.337662,336768000,0.509896,0.607847,16.000002
0.004032,16.0,0.240682,1048.7651157017717,57.900402,-258.012115,-71.49234,-257.211761,4725.813965,62805.558594,-71.266365,1.549464,0.001219,0.198007,3.82732,0.024594,0.097827,0.116222,3752.151367,0.052777,0.868066,0.018865,0.049049,0.01906,0.001112,5451.327171071371,-461.450409,-11830.449219,1345.759521,-1.224151,-6.052761,-256.845886,-71.161621,-127.147705,-256.0,128.851959,0.0,57.619953,-258.011475,-71.266418,337152000,0.5097,0.619906,16.000006
0.004189,16.0,0.226922,1048.6116801047194,57.383728,-258.210144,-71.147423,-257.418854,4692.27832,62375.332031,-70.902504,1.65341,0.001194,0.192086,3.789888,0.024562,0.097349,0.114848,3729.821045,0.050449,1.681535,0.018463,0.04805,0.018644,0.001094,5457.43503938516,-459.71286,-11837.568359,1377.577271,-1.232225,-6.087312,-257.015076,-70.790428,-127.554443,-255.999969,128.445358,0.0,57.092602,-258.210419,-70.902588,337536000,0.50694,0.603369,16.000032
0.004124,16.0,0.005273,1047.9323478079687,58.373901,-258.17746,-71.697075,-257.392731,4691.180664,62407.035156,-71.438637,1.735873,0.001178,0.199579,3.838936,0.024751,0.09788,0.115407,3772.387939,0.053187,1.719031,0.019239,0.049919,0.019447,0.001123,5463.546832633018,-458.586121,-11779.889648,1388.60144,-1.228458,-6.043321,-257.024658,-71.33593,-127.098991,-255.999969,128.900711,0.0,58.104073,-258.177399,-71.438759,337920000,0.509362,0.614072,16.000006
0.004078,16.0,0.082554,1048.021349029443,57.866367,-258.066315,-71.676422,-257.273865,4693.693848,62411.96875,-71.431427,1.737988,0.001221,0.198981,3.832367,0.024936,0.099057,0.115833,3759.033203,0.05287,1.489646,0.019161,0.049713,0.019363,0.001119,5469.658096166452,-459.324707,-11787.435547,1383.810059,-1.22695,-6.03907,-256.916046,-71.331566,-127.119591,-256.0,128.880096,0.0,57.586121,-258.065735,-71.43132,338304000,0.509282,0.610839,16.000017
0.003972,16.0,0.07234,1048.5157990831242,57.74485,-257.621674,-71.987152,-256.818298,4693.19043,62327.039062,-71.728508,1.602461,0.001231,0.200972,3.838768,0.025047,0.09678,0.115326,3785.723877,0.051163,0.889807,0.019133,0.049695,0.019338,0.001122,5475.7664417545,-460.593048,-11793.426758,1359.709106,-1.230413,-6.037758,-256.462799,-71.622963,-126.925591,-256.0,129.074066,0.0,57.461876,-257.62146,-71.728485,338688000,0.511651,0.627812,15.999986
0.004314,16.0,0.169875,1048.3413715093586,56.466618,-257.544159,-71.763878,-256.775848,4715.906738,62597.726562,-71.536049,1.749967,0.001174,0.193539,3.783347,0.024881,0.096161,0.113787,3712.908203,0.048876,1.77648,0.018475,0.048001,0.018651,0.001088,5481.875787182649,-459.600403,-11792.338867,1416.996826,-1.242436,-6.080441,-256.342133,-71.422905,-127.497101,-255.999969,128.502502,0.0,56.155666,-257.542786,-71.535965,339072000,0.505252,0.610262,15.999987
0.004179,16.0,0.196547,1049.0201746744942,57.398697,-258.633789,-72.045593,-257.8638,4676.218262,62350.421875,-71.783546,1.560031,0.001242,0.202734,3.822822,0.024765,0.095957,0.114776,3780.519531,0.050916,0.898592,0.019266,0.049972,0.019474,0.001123,5487.981295422713,-460.280212,-11780.869141,1376.712402,-1.229774,-6.039312,-257.495758,-71.691467,-126.973549,-255.999969,129.026199,0.0,57.109375,-258.634338,-71.78373,339456000,0.507774,0.604966,15.999998
0.004106,16.0,0.152452,1048.07170078629,57.785496,-258.946594,-72.133522,-258.197357,4677.03418,62447.992188,-71.871468,1.742047,0.001252,0.198838,3.810314,0.02471,0.095424,0.114344,3755.72168,0.05102,1.907481,0.019241,0.049884,0.019451,0.001119,5494.092472747961,-457.6409,-11689.130859,1456.769775,-1.228655,-6.032753,-257.820709,-71.790695,-126.88253,-256.0,129.117126,0.0,57.506271,-258.946381,-71.871475,339840000,0.508924,0.587876,15.999989
0.004427,16.0,0.146736,1048.7719967776347,57.054817,-258.798737,-72.259735,-258.046326,4688.281738,62575.085938,-72.025879,1.726988,0.001226,0.197574,3.799355,0.024533,0.09436,0.114063,3724.110352,0.051062,1.863192,0.019037,0.049458,0.019237,0.001118,5500.19939280351,-457.467407,-11699.510742,1441.879761,-1.235195,-6.0369,-257.664856,-71.93335,-126.839157,-256.0,129.160553,0.0,56.761864,-258.798737,-72.025978,340224000,0.51061,0.604045,16.000006
0.004013,16.0,0.189438,1048.2438500141343,56.857868,-258.600647,-72.202507,-257.801697,4704.734375,62734.011719,-71.96286,1.528369,0.001204,0.192905,3.749834,0.024556,0.093473,0.113935,3663.803711,0.049306,0.876856,0.018456,0.047978,0.018626,0.00109,5506.309310511748,-461.576355,-11827.448242,1387.487549,-1.241489,-6.074379,-257.426575,-71.861824,-127.533501,-256.0,128.466187,0.0,56.55331,-258.600739,-71.962944,340608000,0.507736,0.605984,16.0
0.004271,16.0,0.196782,1048.7054939632244,57.02029,-259.07666,-72.448196,-258.319336,4671.334473,62429.597656,-72.187836,1.761152,0.001262,0.197429,3.784336,0.024603,0.092864,0.11454,3724.429688,0.052952,1.840599,0.019162,0.04977,0.019368,0.001124,5512.416674117248,-457.022461,-11686.34082,1471.064453,-1.232212,-6.03118,-257.953186,-72.109306,-127.003799,-255.999969,128.995819,0.0,56.725739,-259.07605,-72.187668,340992000,0.512325,0.588341,15.99999
0.003996,16.0,0.190909,1048.5327152588482,57.917072,-259.168427,-72.517738,-258.419952,4670.46875,62447.710938,-72.255783,1.796239,0.001281,0.194371,3.77874,0.024678,0.093031,0.113669,3717.575195,0.052937,1.870581,0.019088,0.049543,0.019286,0.001117,5518.524909412861,-457.278839,-11674.334961,1473.148438,-1.233859,-6.035779,-258.041992,-72.177658,-126.902,-256.0,129.097794,0.0,57.641083,-259.167969,-72.255554,341376000,0.512212,0.587322,16.000011
0.004016,16.0,0.108555,1048.1661472468313,57.981499,-259.24707,-72.435501,-258.490814,4706.603516,62941.714844,-72.208893,1.788426,0.001298,0.193142,3.766138,0.024716,0.093477,0.114203,3696.053955,0.051724,1.748933,0.018858,0.048956,0.019044,0.001105,5524.635341986021,-457.470551,-11703.817383,1442.615601,-1.235482,-6.041571,-258.116119,-72.117722,-126.88974,-255.999969,129.10994,0.0,57.70702,-259.246826,-72.208725,341760000,0.511546,0.607796,16.000013
0.004078,16.0,0.273653,1048.869374090223,57.262749,-258.955841,-72.043121,-258.17804,4733.623047,63196.09375,-71.798355,1.548916,0.00123,0.187971,3.729834,0.024701,0.093976,0.11421,3654.223389,0.050299,0.877518,0.018234,0.047501,0.018396,0.001087,5530.741590217749,-461.970947,-11825.686523,1388.745728,-1.239388,-6.080586,-257.783539,-71.702377,-127.524864,-255.999969,128.474838,0.0,56.966545,-258.956116,-71.798294,342144000,0.505415,0.592942,15.99999
0.003977,16.0,0.268241,1048.3694684845798,57.616562,-259.024231,-72.53891,-258.247559,4685.565918,62614.648438,-72.281982,1.805858,0.001332,0.195371,3.778479,0.024838,0.094902,0.114813,3721.58252,0.053601,1.812231,0.019099,0.049577,0.019291,0.001119,5536.850908879439,-457.187775,-11723.164062,1428.640137,-1.232449,-6.029274,-257.901886,-72.201012,-126.946579,-256.0,129.053101,0.0,57.335117,-259.02417,-72.281921,342528000,0.5117,0.597,15.999993
0.004034,16.0,0.105155,1048.031873587007,57.433609,-258.841217,-72.599159,-258.063324,4686.787598,62591.445312,-72.341408,1.725009,0.001328,0.194514,3.782374,0.025045,0.095159,0.114872,3712.361328,0.052932,1.812873,0.018945,0.049226,0.019146,0.001114,5542.962045431137,-457.643799,-11748.736328,1407.690308,-1.231627,-6.04216,-257.70401,-72.261414,-126.987656,-256.0,129.012054,0.0,57.146854,-258.841675,-72.341537,342912000,0.508596,0.599163,15.999972
0.003952,16.0,0.195771,1048.8051912469227,57.345806,-259.111847,-72.17234,-258.357941,4699.236816,62786.328125,-71.946136,1.665825,0.001328,0.194042,3.780276,0.024956,0.096273,0.114881,3725.316406,0.052286,1.694038,0.018678,0.04858,0.018871,0.001103,5549.068753973643,-458.48175,-11762.914062,1395.408691,-1.235093,-6.051564,-257.972198,-71.856316,-126.998413,-255.999969,129.001358,0.0,57.057621,-259.111694,-71.946068,343296000,0.505831,0.595788,15.999975
0.003948,16.0,0.260144,1048.3996497596947,57.702034,-259.019409,-71.890144,-258.232697,4697.310547,62704.453125,-71.649704,1.466813,0.001305,0.191008,3.748901,0.024833,0.095176,0.113755,3714.574707,0.049612,0.854287,0.01794,0.046724,0.018106,0.001068,5555.177804434299,-462.313324,-11869.166992,1345.170898,-1.241953,-6.095582,-257.834259,-71.547638,-127.52005,-256.0,128.479614,0.0,57.414452,-259.019897,-71.649612,343680000,0.501877,0.593788,15.999984
0.004008,16.0,0.123713,1047.989576827283,56.211239,-259.326324,-72.262955,-258.545746,4666.664062,62401.273438,-72.004982,1.737358,0.001296,0.198986,3.812734,0.024681,0.095383,0.114897,3772.111328,0.050551,1.954962,0.018894,0.049051,0.019096,0.001106,5561.28922593991,-457.539368,-11762.418945,1397.93103,-1.229625,-6.050084,-258.19165,-71.916183,-127.027641,-255.999969,128.972046,0.0,55.897915,-259.327484,-72.005028,344064000,0.507306,0.607134,16.000002
0.004025,16.0,0.217994,1048.9602506664064,56.553635,-259.172943,-72.628044,-258.386292,4641.846191,62066.308594,-72.36097,1.724168,0.001304,0.20042,3.817781,0.024695,0.095854,0.11528,3763.177002,0.051506,1.820791,0.019021,0.049371,0.019227,0.001112,5567.3950221896175,-457.402954,-11741.850586,1399.597534,-1.22993,-6.042114,-258.042114,-72.281799,-126.840164,-255.999969,129.159561,0.0,56.249931,-259.171967,-72.360924,344448000,0.508278,0.601588,15.999966
0.003668,16.0,0.106014,1048.1933561964195,57.148258,-259.126404,-72.457161,-258.374023,4684.182617,62613.023438,-72.226936,1.73812,0.001328,0.195925,3.817399,0.024695,0.095847,0.114525,3753.834229,0.05007,1.858286,0.018691,0.048589,0.018891,0.001101,5573.505277232329,-458.220093,-11735.740234,1406.650879,-1.238221,-6.054476,-257.983948,-72.140251,-126.841438,-256.0,129.158325,0.0,56.857006,-259.126556,-72.227013,344832000,0.506088,0.594558,15.999982
0.003988,16.0,0.183975,1049.0741517681815,57.481941,-258.927643,-72.345062,-258.121094,4683.533203,62536.4375,-72.103287,1.504856,0.001269,0.191998,3.777687,0.024696,0.095906,0.114297,3716.709229,0.04924,0.868071,0.018128,0.047188,0.018296,0.001076,5579.610377800464,-461.886749,-11850.280273,1362.077515,-1.239371,-6.094214,-257.742523,-72.006035,-127.504738,-255.999969,128.494919,0.0,57.189373,-258.928467,-72.103462,345216000,0.502114,0.608255,15.999982
0.003889,16.0,0.149934,915.6943429585385,58.475292,-258.857361,-72.539772,-258.057861,4636.80127,61913.28125,-72.27327,1.777792,0.001338,0.201153,3.852966,0.024681,0.094901,0.1147,3786.662842,0.05389,1.779386,0.019084,0.049532,0.019291,0.001116,5586.604122348626,-457.213257,-11724.780273,1415.593994,-1.229539,-6.048512,-257.712067,-72.190781,-126.831467,-256.0,129.168198,0.0,58.210823,-258.85672,-72.273277,345600000,0.511952,0.605721,15.999984
0.00394,16.0,0.130633,1049.3192411529453,58.151817,-258.367004,-72.205429,-257.593781,4666.521484,62171.652344,-71.93544,1.706557,0.001304,0.202014,3.910775,0.024705,0.096383,0.116665,3784.955566,0.0533,1.734727,0.019055,0.049474,0.01926,0.001116,5592.707826487223,-456.903778,-11726.408203,1431.697876,-1.212632,-6.048857,-257.212738,-71.86808,-127.011902,-255.999969,128.987839,0.0,57.879807,-258.367798,-71.935516,345984000,0.511294,0.596246,15.999968
0.004056,16.0,0.121972,1048.2470892723547,57.032681,-258.314514,-71.991142,-257.536774,4670.338379,62189.464844,-71.744308,1.722296,0.001302,0.200643,3.859605,0.024626,0.09701,0.115767,3764.625244,0.054066,1.67537,0.01909,0.049529,0.019293,0.001115,5598.817760443688,-458.441315,-11774.427734,1392.430786,-1.228303,-6.044592,-257.163513,-71.654053,-127.084167,-256.0,128.915451,0.0,56.736115,-258.314362,-71.744164,346368000,0.509142,0.602298,15.999962
0.003995,16.0,0.12331,1049.1803271853987,57.074425,-258.061005,-72.205788,-257.259094,4706.935547,62632.699219,-71.9617,1.56262,0.001287,0.20069,3.855437,0.024694,0.096348,0.115733,3763.686523,0.052033,0.885648,0.018904,0.049144,0.019091,0.001115,5604.922300275167,-461.131409,-11822.568359,1353.437012,-1.234491,-6.054767,-256.895874,-71.858955,-127.148445,-255.999969,128.851242,0.0,56.778111,-258.061066,-71.961617,346752000,0.508394,0.623158,15.999929
0.004018,16.0,0.130193,1048.2392210752014,57.203209,-258.334564,-71.928474,-257.543091,4691.822754,62471.144531,-71.697334,1.687629,0.00126,0.195789,3.820877,0.024695,0.097429,0.115494,3737.234619,0.051299,1.649492,0.018274,0.047623,0.018454,0.001089,5611.0322270830475,-458.978882,-11831.977539,1381.461182,-1.234873,-6.099674,-257.130646,-71.601959,-127.544662,-256.0,128.455109,0.0,56.909077,-258.334137,-71.697235,347136000,0.504519,0.596954,15.999947
0.00414,16.0,0.131514,1048.8921610904863,58.314571,-258.443787,-71.797729,-257.649323,4667.48877,62159.023438,-71.538315,1.715163,0.001292,0.201446,3.8682,0.024743,0.097055,0.116059,3760.459961,0.054347,1.667593,0.019021,0.049475,0.019226,0.001123,5617.13839143912,-458.916962,-11775.121094,1398.811768,-1.224837,-6.053984,-257.286652,-71.447617,-127.150162,-255.999969,128.849579,0.0,58.043465,-258.443268,-71.538078,347520000,0.507905,0.601491,15.999948
0.003968,16.0,-0.081707,1048.2146000369507,57.394279,-258.121948,-71.809357,-257.342682,4704.556641,62581.882812,-71.561981,1.725705,0.001308,0.200097,3.864926,0.024757,0.097125,0.116544,3758.180176,0.054119,1.81808,0.018975,0.049305,0.019177,0.001115,5623.248516058922,-459.361938,-11784.003906,1388.693604,-1.225014,-6.048218,-256.965973,-71.474709,-127.13353,-255.999969,128.866211,0.0,57.104774,-258.122131,-71.562065,347904000,0.505337,0.595223,15.999945
0.004076,16.0,0.010033,1049.089998776295,57.639042,-258.452423,-71.683777,-257.66449,4731.11084,62999.085938,-71.451286,1.525024,0.001286,0.202354,3.862978,0.024839,0.097513,0.116909,3772.084229,0.052252,0.884109,0.018797,0.048849,0.018995,0.001106,5629.353512509664,-461.15625,-11796.676758,1355.78894,-1.229468,-6.051856,-257.298737,-71.350731,-126.913048,-256.0,129.086609,0.0,57.353855,-258.452759,-71.451141,348288000,0.506003,0.608021,15.999932
0.004057,16.0,0.144719,1048.7264977145392,57.501926,-258.308838,-71.413872,-257.531128,4725.830078,62872.949219,-71.169792,1.721477,0.001258,0.194175,3.800209,0.024792,0.096545,0.115191,3710.072021,0.051116,1.863748,0.018241,0.047522,0.018418,0.001086,5635.460666418076,-459.949188,-11795.143555,1415.718018,-1.235204,-6.088773,-257.116058,-71.06263,-127.509163,-255.999969,128.490585,0.0,57.212906,-258.308563,-71.169846,348672000,0.502472,0.598285,15.999997
0.003874,16.0,0.219918,1048.0739309643404,58.209583,-259.080719,-72.215042,-258.316254,4676.173828,62469.824219,-71.936623,1.566863,0.001294,0.198515,3.84084,0.024991,0.097124,0.116296,3742.176514,0.052901,0.896605,0.018977,0.049317,0.019178,0.001116,5641.5716481924055,-459.817657,-11753.573242,1401.427979,-1.23445,-6.050986,-257.940491,-71.849289,-126.951965,-255.999969,129.047806,0.0,57.937061,-259.081299,-71.936653,349056000,0.507776,0.591712,15.999998
0.004027,16.0,0.138102,1048.5983277714245,58.717987,-259.185944,-72.31572,-258.418427,4711.052246,62969.210938,-72.064919,1.765594,0.001286,0.198114,3.827558,0.024839,0.097526,0.116147,3725.019287,0.0527,1.951511,0.018889,0.049123,0.01909,0.001114,5647.679515043895,-457.943878,-11702.697266,1450.365967,-1.233216,-6.058434,-258.040863,-71.977478,-126.951332,-256.0,129.048401,0.0,58.457928,-259.18573,-72.065018,349440000,0.50632,0.599612,16.000002
0.004051,16.0,0.195642,1048.9724719847727,58.123379,-259.445526,-72.039597,-258.693756,4715.859375,63072.570312,-71.812172,1.728993,0.00129,0.195996,3.813816,0.024685,0.096428,0.11539,3709.952393,0.052662,1.78517,0.018688,0.048655,0.018887,0.001108,5653.785194063186,-457.938446,-11711.990234,1439.733765,-1.237267,-6.064305,-258.299438,-71.711914,-126.937706,-256.0,129.061981,0.0,57.850647,-259.445526,-71.812279,349824000,0.504715,0.606657,16.00001
0.004152,16.0,0.243536,1048.0045386813745,57.309326,-259.175049,-72.433548,-258.366364,4719.72168,63087.199219,-72.178055,1.542147,0.001257,0.191686,3.77124,0.024763,0.097892,0.115239,3688.786621,0.050015,0.873171,0.01824,0.047505,0.018411,0.001085,5659.896501215299,-462.076538,-11816.27832,1400.720093,-1.247498,-6.090835,-257.996216,-72.070442,-127.54911,-255.999969,128.450607,0.0,57.013977,-259.175781,-72.178085,350208000,0.507188,0.614814,16.000006
0.004203,16.0,0.228701,1048.768545301738,58.766663,-259.384552,-73.030052,-258.610504,4693.780762,62849.40625,-72.751961,1.811858,0.001262,0.203486,3.822112,0.02477,0.099365,0.116517,3762.770264,0.0537,1.955934,0.019194,0.049803,0.019407,0.00112,5666.003410784403,-456.716217,-11653.725586,1486.606689,-1.234105,-6.046318,-258.25174,-72.675064,-126.836258,-255.999969,129.163452,0.0,58.509014,-259.384949,-72.75206,350592000,0.514164,0.604458,15.999976
0.004074,16.0,0.236834,1048.8592623344919,58.188072,-259.29007,-72.466171,-258.532928,4686.941406,62687.160156,-72.230247,1.764257,0.001255,0.198737,3.809976,0.024579,0.099787,0.116248,3744.52124,0.053554,1.89335,0.019008,0.049353,0.019218,0.001113,5672.109820644061,-457.566742,-11675.5,1466.28064,-1.234217,-6.050542,-258.151917,-72.14032,-126.842407,-255.999969,129.157272,0.0,57.917412,-259.290283,-72.230011,350976000,0.511946,0.608896,15.999993
0.004039,16.0,0.142996,1048.0305539992564,57.592987,-259.002991,-72.18972,-258.21051,4724.116211,63085.929688,-71.969643,1.822323,0.001216,0.198464,3.802826,0.024594,0.101412,0.116785,3732.36499,0.052199,1.923056,0.018813,0.048946,0.019012,0.001112,5678.22098509868,-458.197998,-11710.612305,1447.157104,-1.237933,-6.059688,-257.848694,-71.863106,-126.995407,-255.999969,129.004211,0.0,57.308868,-259.002594,-71.969498,351360000,0.513183,0.624137,15.999955
0.004062,16.0,0.09009,1049.0509810528522,56.577671,-258.713104,-71.628586,-257.929321,4690.154785,62513.558594,-71.398911,1.503738,0.001157,0.194583,3.75838,0.024347,0.101334,0.116337,3710.306885,0.048889,0.870392,0.01815,0.047293,0.018324,0.001082,5684.326229230563,-462.286255,-11823.957031,1392.858643,-1.241259,-6.102679,-257.51297,-71.291985,-127.545418,-256.0,128.454315,0.0,56.267014,-258.713135,-71.398872,351744000,0.505481,0.59499,15.999969
0.003978,16.0,0.112158,1048.0332866066187,58.201744,-259.083191,-72.026955,-258.29538,4659.349609,62222.847656,-71.773781,1.724367,0.001238,0.201674,3.809132,0.024753,0.099456,0.116572,3763.542969,0.051284,1.826153,0.019024,0.04945,0.019226,0.00112,5690.437420304616,-457.296417,-11714.143555,1439.275635,-1.231906,-6.050009,-257.940277,-71.683762,-126.960861,-255.999969,129.038742,0.0,57.931149,-259.082977,-71.773804,352128000,0.512289,0.595072,15.999964
0.003809,16.0,0.063247,1048.5030757919355,57.704479,-259.072754,-72.01815,-258.292511,4690.083008,62632.246094,-71.782242,1.683725,0.001204,0.197761,3.797345,0.024551,0.09895,0.11614,3743.903076,0.051392,1.771538,0.018786,0.048909,0.018982,0.001114,5696.545965262254,-457.963837,-11731.27832,1421.670776,-1.236659,-6.062308,-257.919281,-71.686981,-126.949677,-256.0,129.050003,0.0,57.423405,-259.072571,-71.782013,352512000,0.509298,0.596429,15.99999
0.003992,16.0,-0.016169,1048.3926473197594,58.003098,-259.372955,-71.967178,-258.605804,4673.905762,62484.324219,-71.725044,1.753412,0.001206,0.196214,3.798619,0.024609,0.098359,0.116207,3722.978027,0.049896,2.049326,0.01857,0.048389,0.018752,0.001107,5702.655090638002,-457.821381,-11729.817383,1420.558105,-1.23435,-6.059993,-258.229156,-71.629639,-126.925423,-256.0,129.074127,0.0,57.730133,-259.372589,-71.725029,352896000,0.508157,0.599141,15.999979
0.003948,16.0,0.133134,1049.100466906463,57.878109,-259.321259,-71.867355,-258.535736,4701.416016,62827.621094,-71.621887,1.477772,0.001186,0.189176,3.75886,0.024517,0.098383,0.115593,3667.414062,0.047189,0.86834,0.017912,0.046843,0.01807,0.001086,5708.760046593348,-462.668335,-11836.847656,1374.337769,-1.238459,-6.104101,-258.133423,-71.525017,-127.485092,-255.999969,128.514572,0.0,57.593399,-259.321106,-71.621765,353280000,0.503315,0.589128,15.999964
0.003885,16.0,0.129948,1048.2999933950332,58.812534,-259.438324,-72.221329,-258.664032,4651.546875,62221.769531,-71.973633,1.79409,0.001212,0.196546,3.819752,0.02479,0.097292,0.11572,3700.447266,0.050341,1.944036,0.019013,0.049399,0.019194,0.001119,5714.869664442539,-456.841217,-11700.286133,1434.415039,-1.237354,-6.04071,-258.312714,-71.879852,-126.778625,-255.999969,129.221039,0.0,58.557552,-259.437378,-71.973694,353664000,0.511301,0.600141,15.99999
0.004109,16.0,0.209423,1048.696472420995,57.96624,-259.657654,-72.507996,-258.889771,4661.895996,62439.957031,-72.243362,1.75484,0.001267,0.191595,3.80518,0.02448,0.097426,0.115783,3703.479736,0.051937,1.868242,0.018547,0.04831,0.018718,0.001105,5720.9769165277485,-456.848083,-11691.710938,1450.417603,-1.237433,-6.058227,-258.521423,-72.161674,-126.852798,-256.0,129.146866,0.0,57.691494,-259.656921,-72.243401,354048000,0.506298,0.586698,15.999996
0.004135,16.0,0.154058,1048.0066001379907,57.631676,-259.431122,-72.705048,-258.64267,4647.028809,62201.359375,-72.456764,1.753695,0.001258,0.190705,3.80146,0.024563,0.097449,0.115523,3687.739014,0.050882,1.841009,0.01833,0.047761,0.018497,0.001093,5727.088302894434,-457.532257,-11742.835938,1410.163208,-1.239514,-6.066793,-258.281097,-72.372368,-126.954498,-255.999969,129.045135,0.0,57.349808,-259.430634,-72.456795,354432000,0.506721,0.596476,16.000017
0.004405,16.0,0.255157,1048.753498115645,57.80476,-259.252563,-72.614761,-258.457581,4705.286133,62931.167969,-72.373886,1.540295,0.001218,0.188219,3.7671,0.024485,0.098377,0.115844,3659.05957,0.048591,0.860772,0.01774,0.046399,0.017891,0.001077,5733.195309797923,-461.8172,-11837.959961,1375.890381,-1.248425,-6.103498,-258.06369,-72.276154,-127.520096,-255.999969,128.47963,0.0,57.51976,-259.252686,-72.374069,354816000,0.503485,0.601898,16.0
0.004148,16.0,0.300616,932.7327202926801,58.656803,-259.691742,-72.933022,-258.929443,4638.711426,62178.480469,-72.667198,1.763684,0.001258,0.196532,3.815182,0.024622,0.09804,0.116736,3700.639648,0.050823,1.782701,0.018552,0.048265,0.018727,0.001099,5740.061405444145,-457.562897,-11715.338867,1436.027466,-1.234317,-6.051539,-258.562897,-72.593842,-126.938133,-256.0,129.061523,0.0,58.396248,-259.691559,-72.667107,355200000,0.507015,0.593782,16.000023
0.004113,16.0,0.346322,1049.0541214413618,58.502083,-259.290222,-72.58007,-258.508057,4663.047852,62375.421875,-72.303505,1.721837,0.001243,0.197715,3.870382,0.024569,0.099108,0.117851,3731.17041,0.053356,1.711042,0.018762,0.048773,0.018944,0.001107,5746.166576286157,-457.67395,-11714.40918,1452.315674,-1.220179,-6.041211,-258.160675,-72.237404,-127.090897,-256.0,128.908722,0.0,58.237625,-259.289703,-72.303299,355584000,0.51161,0.593108,16.0
0.004077,16.0,0.072053,1048.074760974925,58.119858,-258.559814,-72.270065,-257.787781,4652.819336,62041.796875,-72.045601,1.688149,0.001219,0.196833,3.821701,0.024419,0.099608,0.117216,3720.828613,0.053186,1.722358,0.018602,0.048424,0.018782,0.001104,5752.277471045653,-459.178741,-11797.135742,1384.421387,-1.228739,-6.05102,-257.409241,-71.959579,-127.223778,-256.0,128.77594,0.0,57.844692,-258.559509,-72.045334,355968000,0.505907,0.604653,16.000034
0.004064,16.0,0.113075,1048.8207016142935,57.356285,-258.940338,-71.651741,-258.13205,4669.927246,62292.804688,-71.423004,1.49861,0.001234,0.194936,3.806499,0.024422,0.099492,0.116753,3735.984619,0.053122,0.846815,0.018317,0.047692,0.018502,0.001087,5758.384080620607,-462.056488,-11843.442383,1345.059814,-1.231239,-6.058403,-257.790253,-71.321915,-127.264175,-255.999969,128.735596,0.0,57.062954,-258.940155,-71.422958,356352000,0.5049,0.604723,16.00001
0.004272,16.0,0.083082,1048.7638844111987,56.254654,-258.189697,-71.365356,-257.384857,4665.135742,62028.035156,-71.135712,1.617142,0.001197,0.194128,3.7853,0.024644,0.097609,0.116721,3717.692871,0.048701,1.575478,0.017947,0.046822,0.01812,0.001076,5764.491053803762,-460.215424,-11830.333008,1387.059937,-1.23055,-6.090087,-256.993073,-71.041229,-127.572006,-256.0,128.427597,0.0,55.939823,-258.189514,-71.13546,356736000,0.502601,0.58085,16.000004
0.00429,16.0,0.124963,1047.6251778439603,57.594265,-258.333191,-71.2071,-257.552032,4666.686035,62071.1875,-70.963272,1.625067,0.001234,0.200823,3.825103,0.024731,0.096987,0.116722,3760.254639,0.05266,1.54011,0.018716,0.048715,0.018914,0.001108,5770.604558773835,-459.374878,-11759.454102,1411.437866,-1.221019,-6.049514,-257.18103,-70.873886,-127.11512,-255.999969,128.884583,0.0,57.309036,-258.333008,-70.963394,357120000,0.502192,0.583617,16.000023
0.004132,16.0,0.061564,1048.8362117574188,57.036423,-258.371643,-71.261772,-257.574738,4646.951172,61818.921875,-71.012032,1.662472,0.001238,0.196817,3.812827,0.025,0.09538,0.115513,3754.210938,0.051532,1.624706,0.018581,0.048303,0.018775,0.001095,5776.711083110174,-459.754272,-11788.445312,1379.291748,-1.230095,-6.06368,-257.205261,-70.911301,-127.08004,-256.0,128.919739,0.0,56.739555,-258.371613,-71.011948,357504000,0.50212,0.589529,16.000006
0.004142,16.0,0.063685,1048.4522457753492,57.656147,-258.538544,-71.66806,-257.745667,4668.068848,62178.382812,-71.422508,1.539395,0.001236,0.194919,3.813595,0.02489,0.09588,0.114988,3774.028076,0.051074,0.83889,0.018616,0.048382,0.018816,0.001095,5782.822453212738,-461.9729,-11806.922852,1351.125854,-1.230546,-6.062761,-257.375977,-71.31897,-126.960648,-255.999969,129.039078,0.0,57.36887,-258.5383,-71.422478,357888000,0.504982,0.610678,15.999969
0.004407,16.0,0.213024,1048.2493856920576,56.169495,-258.624023,-71.532944,-257.841827,4692.76123,62517.597656,-71.28933,1.689266,0.001219,0.18623,3.755149,0.024973,0.094972,0.113658,3704.511719,0.047208,1.736968,0.017878,0.046624,0.018051,0.001069,5788.932337697347,-460.912415,-11800.890625,1407.166992,-1.237928,-6.114697,-257.411041,-71.180794,-127.471123,-256.0,128.528458,0.0,55.852821,-258.623199,-71.28904,358272000,0.501571,0.600186,15.999974
0.004268,16.0,0.253489,1048.7719824362753,57.453312,-259.507965,-72.265831,-258.731842,4674.97998,62555.257812,-71.994461,1.550435,0.001276,0.198611,3.803906,0.024912,0.093824,0.114768,3768.036621,0.05069,0.863903,0.018859,0.048985,0.019062,0.001106,5795.039241846403,-460.76767,-11750.368164,1408.066772,-1.226914,-6.058814,-258.369659,-71.911636,-126.976646,-255.999969,129.023117,0.0,57.164391,-259.507843,-71.994438,358656000,0.503939,0.600586,15.999951
0.004371,16.0,0.163638,1047.958165211016,57.433395,-259.562805,-72.387817,-258.79657,4686.277832,62733.097656,-72.125748,1.719187,0.001261,0.196082,3.793056,0.024921,0.09427,0.114189,3735.673584,0.050834,1.790891,0.018835,0.048977,0.01904,0.00111,5801.1508950988455,-458.998657,-11714.305664,1435.612305,-1.230871,-6.054931,-258.429443,-72.041313,-126.908752,-256.0,129.091034,0.0,57.145729,-259.5625,-72.125534,359040000,0.50448,0.600372,15.999992
0.004181,16.0,0.247616,1048.5140864719212,57.312397,-259.621796,-72.350555,-258.868103,4709.174805,63051.3125,-72.11245,1.735539,0.001248,0.194773,3.782441,0.024805,0.094704,0.114199,3726.23999,0.050764,1.679833,0.018692,0.04858,0.018887,0.0011,5807.259310348829,-458.590668,-11729.708984,1435.458984,-1.231638,-6.062956,-258.482574,-72.028938,-127.065987,-256.0,128.933731,0.0,57.023212,-259.622498,-72.112717,359424000,0.503336,0.596958,15.999982
0.0042,16.0,0.201408,1048.1962219942216,56.820847,-259.494904,-72.19445,-258.692688,4719.449219,63134.875,-71.963715,1.515332,0.001206,0.189422,3.733749,0.024743,0.095776,0.113232,3689.014404,0.049003,0.849204,0.018079,0.04712,0.018248,0.001079,5813.369450004896,-461.788818,-11847.023438,1371.11792,-1.241448,-6.098805,-258.317902,-71.863121,-127.563393,-256.0,128.436249,0.0,56.516422,-259.494659,-71.963623,359808000,0.499254,0.604932,15.99998
0.004097,16.0,0.203754,1048.3730920292728,58.357906,-260.077942,-72.330391,-259.31192,4713.422363,63211.457031,-72.075218,1.713371,0.001229,0.197177,3.782926,0.024544,0.094323,0.113482,3735.223877,0.052151,1.723956,0.018744,0.048766,0.018942,0.001108,5819.478697999319,-457.820343,-11720.977539,1438.620605,-1.233512,-6.055836,-258.955078,-71.990417,-127.017845,-256.0,128.981827,0.0,58.091583,-260.077789,-72.075119,360192000,0.501251,0.593734,15.99999
0.004007,16.0,0.030406,1048.8106228966947,58.797916,-260.120148,-72.310371,-259.355377,4702.044434,63066.785156,-72.054443,1.733203,0.001231,0.195703,3.775408,0.024414,0.094395,0.11347,3726.582275,0.051391,1.855918,0.018815,0.048972,0.019013,0.001114,5825.585394640763,-457.95462,-11695.099609,1455.182129,-1.233828,-6.053294,-259.00116,-71.967949,-126.92334,-255.999969,129.076233,0.0,58.540005,-260.120026,-72.05442,360576000,0.501045,0.596004,15.999971
0.003913,16.0,0.000831,1048.1740525470475,58.357449,-259.601227,-72.244537,-258.82135,4711.972168,63068.707031,-72.023346,1.746319,0.001219,0.196281,3.770563,0.024478,0.094753,0.114129,3722.94751,0.050275,1.739421,0.018653,0.04848,0.018843,0.001098,5831.695705803236,-457.887115,-11748.070312,1411.691528,-1.232882,-6.060503,-258.461761,-71.926849,-127.018883,-256.0,128.980789,0.0,58.088821,-259.600647,-72.023331,360960000,0.504428,0.616438,15.999982
0.003998,16.0,0.097425,1048.9382545138699,56.638119,-259.601898,-71.988388,-258.817322,4725.783691,63229.460938,-71.736153,1.498367,0.001191,0.191334,3.728717,0.024616,0.095309,0.113587,3690.619629,0.047263,0.844489,0.017732,0.046331,0.017893,0.001071,5837.801590975126,-462.50708,-11832.116211,1380.638916,-1.237468,-6.110103,-258.416229,-71.637398,-127.502319,-256.0,128.497284,0.0,56.328522,-259.602905,-71.736267,361344000,0.498698,0.599881,15.999976
0.003776,16.0,0.048024,1048.7638878257553,58.46228,-259.907471,-72.358788,-259.128571,4693.908203,62909.792969,-72.099792,1.698168,0.001258,0.199166,3.78543,0.024533,0.094282,0.113636,3757.479248,0.048462,1.862966,0.018512,0.04818,0.018704,0.001096,5843.908571064472,-458.162567,-11738.696289,1418.663208,-1.229213,-6.065165,-258.770111,-72.015366,-126.992302,-256.0,129.007416,0.0,58.197052,-259.906616,-72.099892,361728000,0.504378,0.60327,15.999989
0.003959,16.0,0.064518,1048.1617611492973,58.435036,-260.244385,-72.384972,-259.479279,4648.0,62378.589844,-72.133369,1.711442,0.001246,0.200744,3.790262,0.0246,0.09498,0.113623,3757.144043,0.048992,1.718674,0.018437,0.048079,0.018627,0.001101,5850.018959311644,-457.754089,-11715.930664,1418.822266,-1.228774,-6.065332,-259.114899,-72.049004,-126.769875,-256.0,129.229904,0.0,58.16935,-260.244385,-72.133362,362112000,0.50329,0.605066,15.999976
0.003922,16.0,0.113242,1048.8487170546955,58.000145,-260.671936,-72.40583,-259.913177,4656.308105,62592.804688,-72.153381,1.722061,0.001266,0.19843,3.7802,0.024798,0.095047,0.11358,3740.172363,0.048701,1.766413,0.018139,0.047279,0.018323,0.001082,5856.125389258067,-458.553375,-11720.202148,1430.588379,-1.233315,-6.078633,-259.536926,-72.065445,-126.922188,-255.999969,129.077454,0.0,57.72567,-260.671448,-72.153366,362496000,0.504756,0.60379,15.999962
0.004003,16.0,0.21287,1048.9120124074745,56.886227,-260.142181,-72.372467,-259.352509,4699.531738,63040.207031,-72.122986,1.534326,0.00122,0.19486,3.749251,0.024788,0.095706,0.113987,3703.154053,0.046606,0.862278,0.017759,0.046358,0.017916,0.001068,5862.231415263812,-462.04007,-11837.051758,1376.292847,-1.240966,-6.109125,-258.965698,-72.025681,-127.513039,-256.0,128.486572,0.0,56.581821,-260.142517,-72.122971,362880000,0.505339,0.605579,15.999962
0.004113,16.0,0.168786,1048.324457412956,57.385464,-260.455383,-72.642105,-259.685272,4662.445312,62644.320312,-72.376228,1.751376,0.001229,0.20381,3.818043,0.024936,0.095166,0.114881,3744.307617,0.047686,1.912188,0.018507,0.048155,0.018695,0.001095,5868.340877254804,-458.035614,-11720.698242,1429.829956,-1.229042,-6.063186,-259.330841,-72.296173,-126.924675,-255.999969,129.075043,0.0,57.098389,-260.455139,-72.376038,363264000,0.506046,0.605583,16.000006
0.003943,16.0,0.201304,1048.5118612461129,57.72681,-260.837585,-73.126297,-260.0737,4634.430176,62400.925781,-72.83831,1.78622,0.001269,0.201763,3.808143,0.024864,0.095302,0.114757,3715.655029,0.050994,1.774329,0.018419,0.047946,0.018609,0.001092,5874.449298679829,-457.757385,-11667.010742,1466.96814,-1.23022,-6.057981,-259.724762,-72.766953,-126.762245,-256.0,129.237457,0.0,57.446735,-260.837372,-72.838387,363648000,0.5066,0.604942,15.999997
0.003926,16.0,0.169896,1047.7307704855662,57.558834,-260.108093,-72.912628,-259.3349,4646.995117,62381.632812,-72.674606,1.767338,0.001249,0.203544,3.810414,0.024957,0.095644,0.115422,3721.528564,0.050743,1.898908,0.018426,0.048002,0.018614,0.001096,5880.56221656402,-457.94342,-11730.378906,1419.410645,-1.229105,-6.059359,-258.979095,-72.593224,-126.918602,-255.999969,129.081131,0.0,57.277058,-260.108185,-72.674454,364032000,0.508593,0.620792,15.999994
0.004201,16.0,0.263408,1049.0342702111627,57.338703,-259.368927,-72.699028,-258.561798,4700.385742,62897.773438,-72.453377,1.510014,0.00118,0.198103,3.776135,0.024998,0.096168,0.114672,3690.470215,0.049855,0.865456,0.017947,0.046716,0.018106,0.001066,5886.667624660333,-461.976379,-11858.557617,1360.614868,-1.238548,-6.093064,-258.192841,-72.357864,-127.57222,-255.999969,128.42746,0.0,57.044422,-259.368774,-72.453423,364416000,0.503358,0.620724,16.000002
0.00385,16.0,0.195315,916.5450363374654,58.476982,-259.500519,-72.570961,-258.729004,4643.523438,62161.84375,-72.326065,1.74046,0.001296,0.199583,3.813667,0.025239,0.096006,0.115639,3715.946045,0.053055,1.860367,0.018821,0.048904,0.01902,0.001106,5893.654905704657,-457.533356,-11717.375977,1428.835938,-1.228432,-6.044872,-258.37439,-72.246597,-126.886749,-255.999969,129.11293,0.0,58.212284,-259.500092,-72.325905,364800000,0.50797,0.603945,16.00001
0.003748,16.0,0.120619,1048.0799095251684,57.174725,-258.719208,-71.594467,-257.942841,4683.441406,62421.632812,-71.356956,1.685811,0.001292,0.200124,3.867402,0.025085,0.096158,0.116222,3756.371338,0.054604,1.720437,0.018853,0.048958,0.019053,0.001105,5899.765905360381,-457.219208,-11745.398438,1423.263184,-1.208073,-6.04582,-257.574066,-71.277649,-127.114105,-255.999969,128.885635,0.0,56.882797,-258.719238,-71.356964,365184000,0.511401,0.605517,16.000008
0.003862,16.0,0.05034,1048.8943872477062,57.179592,-258.793671,-70.871017,-258.024261,4670.449707,62200.949219,-70.648254,1.654836,0.001285,0.197919,3.827376,0.024823,0.096471,0.115303,3738.537354,0.053043,1.715861,0.018525,0.048227,0.01872,0.001098,5905.872084661325,-459.499023,-11783.650391,1390.170166,-1.22145,-6.061306,-257.636902,-70.546333,-127.143127,-255.999969,128.856476,0.0,56.885365,-258.793793,-70.64798,365568000,0.506437,0.594097,16.000023
0.003843,16.0,0.138971,1048.6838123425616,57.228302,-258.916901,-70.758316,-258.126068,4673.954102,62262.410156,-70.527237,1.491375,0.001283,0.194708,3.818119,0.02481,0.095361,0.114823,3729.928955,0.053263,0.860944,0.018366,0.047806,0.018554,0.001089,5911.979476376375,-461.436798,-11814.895508,1368.140015,-1.227205,-6.065659,-257.759216,-70.411751,-127.215881,-255.999969,128.783859,0.0,56.934078,-258.916992,-70.527153,365952000,0.504596,0.604973,15.999987
0.003979,16.0,0.139203,1047.9666694682712,56.112217,-258.717499,-71.111496,-257.915466,4658.432617,62037.894531,-70.881798,1.664589,0.001298,0.19056,3.788584,0.024932,0.096523,0.114454,3722.43335,0.049767,1.768356,0.017913,0.046718,0.018086,0.001072,5918.09115301768,-459.181488,-11824.49707,1394.62439,-1.228608,-6.100123,-257.519012,-70.775902,-127.599281,-255.999969,128.400452,0.0,55.79623,-258.717773,-70.881767,366336000,0.507962,0.597322,15.999998
0.004192,16.0,0.03016,1048.714979996864,56.553616,-259.061188,-71.172882,-258.277802,4666.197754,62231.359375,-70.925873,1.673602,0.001326,0.196881,3.83215,0.025026,0.097506,0.115352,3751.732178,0.052077,1.830489,0.018521,0.048153,0.018713,0.001092,5924.198346793652,-458.709198,-11756.49707,1418.344482,-1.224936,-6.06856,-257.901978,-70.825966,-127.161354,-256.0,128.838303,0.0,56.246784,-259.061584,-70.925896,366720000,0.50803,0.594981,15.999996
0.004058,16.0,-0.009813,1047.756637937935,56.135937,-259.172974,-71.492027,-258.378113,4672.732422,62372.269531,-71.237823,1.709692,0.001328,0.194485,3.822702,0.024961,0.098444,0.115182,3723.350586,0.052757,1.70268,0.018483,0.048103,0.018677,0.001094,5930.311151321729,-459.391815,-11761.296875,1420.626343,-1.218353,-6.064698,-258.018738,-71.147697,-127.225517,-255.999969,128.774338,0.0,55.819885,-259.172821,-71.237701,367104000,0.509563,0.601624,15.999996
0.004093,16.0,0.029712,1048.7097234620621,56.210438,-259.167908,-71.477211,-258.389526,4660.31543,62206.421875,-71.243523,1.500151,0.001294,0.196523,3.826387,0.024604,0.097826,0.115149,3742.615234,0.052189,0.869467,0.018324,0.047736,0.018519,0.001089,5936.4184908747675,-461.037689,-11791.522461,1370.19519,-1.224714,-6.068249,-258.012817,-71.143127,-127.006622,-256.0,128.993134,0.0,55.89587,-259.167725,-71.24353,367488000,0.504785,0.60926,16.00001
0.004038,16.0,0.163339,1048.3242499818873,56.08588,-259.341339,-71.298409,-258.572357,4701.912109,62788.757812,-71.044975,1.732197,0.001227,0.190524,3.781681,0.024542,0.098622,0.114943,3665.073975,0.04974,1.915149,0.017635,0.046008,0.017794,0.001058,5942.527917774519,-460.663879,-11796.574219,1417.447144,-1.235513,-6.106204,-258.150024,-70.9347,-127.533653,-256.0,128.466034,0.0,55.767452,-259.340759,-71.044716,367872000,0.50438,0.598601,16.00001
0.004013,16.0,0.153936,1048.1388339846512,57.919971,-259.906189,-72.248535,-259.124878,4673.216797,62620.867188,-71.983459,1.541331,0.00129,0.199796,3.821791,0.02465,0.098019,0.116223,3730.321289,0.052979,0.914397,0.018604,0.048395,0.018794,0.0011,5948.638415805499,-459.942169,-11771.890625,1392.887695,-1.224288,-6.058723,-258.774261,-71.906776,-127.048225,-255.999969,128.951416,0.0,57.6423,-259.906982,-71.983612,368256000,0.509327,0.593271,15.999993
0.004221,16.0,0.121517,1049.1091407363892,58.386677,-259.919373,-72.052078,-259.155212,4693.521973,62881.882812,-71.794456,1.70991,0.001274,0.198446,3.812222,0.024748,0.099794,0.116672,3727.24585,0.051606,1.855714,0.018542,0.048246,0.018734,0.001097,5954.7433071057,-458.511383,-11714.25293,1444.103149,-1.228496,-6.060843,-258.786469,-71.714157,-126.998573,-255.999969,129.001053,0.0,58.118202,-259.918884,-71.794289,368640000,0.504554,0.583678,16.000006
0.004077,16.0,0.184738,1047.863945749724,56.518066,-260.032928,-71.964935,-259.289948,4703.26416,63036.890625,-71.73835,1.720923,0.001258,0.196559,3.806996,0.024689,0.100496,0.11675,3731.534668,0.053685,1.816854,0.018552,0.048292,0.018741,0.0011,5960.855651056767,-458.46936,-11733.097656,1422.796143,-1.229267,-6.056391,-258.90683,-71.649017,-126.974174,-256.0,129.025452,0.0,56.211647,-260.032837,-71.738281,369024000,0.505711,0.597846,16.000004
0.004175,16.0,0.240683,1049.3205879151737,55.406822,-259.558411,-71.808083,-258.748108,4744.066406,63442.765625,-71.579964,1.505622,0.001255,0.192055,3.771658,0.024785,0.099719,0.115906,3705.696289,0.050448,0.868016,0.017955,0.046765,0.01812,0.001069,5966.95944160223,-462.753052,-11838.552734,1377.38501,-1.236911,-6.099239,-258.378235,-71.471573,-127.532074,-256.0,128.467712,0.0,55.072227,-259.557404,-71.580048,369408000,0.50598,0.614308,16.00001
0.004225,16.0,0.148282,1048.9509876857032,56.911301,-260.010437,-71.837357,-259.244049,4721.253906,63256.0,-71.584106,1.750001,0.001338,0.195017,3.803099,0.024841,0.097526,0.115819,3759.462891,0.052597,1.826471,0.018788,0.048842,0.018989,0.001107,5973.065265091261,-458.003448,-11703.671875,1461.520264,-1.231674,-6.060868,-258.878204,-71.491745,-127.071823,-256.0,128.927856,0.0,56.614166,-260.01059,-71.584007,369792000,0.509004,0.592995,16.000004
0.004213,16.0,0.11679,1048.1631124454182,57.401577,-260.400421,-71.94883,-259.648468,4691.276855,62962.324219,-71.687775,1.774819,0.001306,0.192441,3.786307,0.024896,0.096963,0.115311,3754.422852,0.05233,1.818191,0.0186,0.048414,0.018792,0.001102,5979.175738803546,-458.27948,-11678.200195,1477.106201,-1.23501,-6.064259,-259.272156,-71.5942,-126.969917,-256.0,129.029816,0.0,57.114399,-260.400238,-71.687859,370176000,0.50917,0.59278,16.0
0.004112,16.0,0.112631,1049.132732939989,57.145733,-259.627594,-72.285538,-258.832672,4737.85498,63430.640625,-72.062141,1.808693,0.001295,0.194978,3.799551,0.024874,0.097176,0.115978,3765.664551,0.051327,1.961644,0.018628,0.048488,0.018826,0.001103,5985.280507695675,-458.237915,-11728.006836,1421.7323,-1.230272,-6.061539,-258.483215,-71.9608,-126.914902,-256.0,129.084763,0.0,56.852592,-259.62796,-72.062111,370560000,0.516342,0.633201,15.999996
0.00418,16.0,0.202918,1048.9425917777196,56.826805,-259.707916,-71.632637,-258.929993,4706.163574,62970.785156,-71.395096,1.538025,0.001248,0.18732,3.744838,0.024993,0.097459,0.115244,3724.138916,0.047617,0.874995,0.017837,0.046579,0.018002,0.001074,5991.386316335202,-463.067871,-11839.828125,1376.283325,-1.239514,-6.112592,-258.518188,-71.285362,-127.530266,-255.999969,128.469376,0.0,56.52055,-259.707916,-71.395172,370944000,0.504575,0.604019,16.000017
0.003903,16.0,0.135034,1047.9704797912323,57.553764,-259.646912,-72.490685,-258.849274,4664.333496,62470.71875,-72.216789,1.885461,0.001321,0.195758,3.806184,0.025066,0.096692,0.116062,3774.109619,0.051041,1.78472,0.01871,0.048665,0.01891,0.001104,5997.497961541017,-458.342194,-11725.338867,1431.432617,-1.230139,-6.061893,-258.502319,-72.121513,-126.984497,-255.999969,129.015274,0.0,57.269604,-259.646423,-72.216606,371328000,0.514667,0.627623,16.00001
0.004069,16.0,0.108686,1048.9355779843163,57.912964,-259.805664,-72.57399,-259.036285,4661.234863,62477.652344,-72.319038,1.870733,0.001316,0.194857,3.791222,0.025216,0.096962,0.115843,3744.594238,0.051815,1.864908,0.018658,0.048583,0.018857,0.001107,6003.603953588009,-458.627167,-11721.899414,1432.067261,-1.232607,-6.058038,-258.671051,-72.226784,-126.953377,-255.999969,129.04631,0.0,57.635162,-259.805023,-72.318886,371712000,0.509502,0.620711,16.000011
0.004151,16.0,0.210522,1048.2176201281184,58.085442,-259.732513,-72.839622,-258.952545,4668.893555,62584.246094,-72.5737,1.827502,0.001272,0.192027,3.783639,0.024882,0.096221,0.115215,3708.996338,0.050916,1.756096,0.018362,0.047812,0.018546,0.00109,6009.714110140006,-458.845551,-11714.5,1432.376465,-1.236694,-6.061276,-258.593262,-72.482468,-126.880394,-255.999969,129.119339,0.0,57.813156,-259.732788,-72.573563,372096000,0.510587,0.620533,15.999996
0.004315,16.0,0.178932,1049.0005064653717,57.899197,-259.50235,-72.598656,-258.727692,4678.087891,62632.394531,-72.361755,1.604676,0.001228,0.18973,3.748358,0.024917,0.09753,0.115415,3670.936279,0.050044,0.875367,0.017847,0.046545,0.018013,0.001069,6015.819661867618,-463.178253,-11849.922852,1369.067383,-1.240355,-6.099003,-258.32254,-72.26387,-127.558052,-256.0,128.441681,0.0,57.615353,-259.50235,-72.361801,372480000,0.504743,0.618006,15.999959
0.004129,16.0,0.207769,1047.7413355552073,58.294239,-259.407379,-72.715202,-258.62674,4656.339844,62324.980469,-72.446556,1.818854,0.001291,0.197885,3.82314,0.024759,0.097396,0.116087,3730.64502,0.051212,1.826155,0.018866,0.049044,0.019062,0.001111,6021.932496201992,-458.787964,-11733.494141,1415.520508,-1.232584,-6.049156,-258.272583,-72.353745,-126.902138,-256.0,129.097519,0.0,58.024723,-259.406982,-72.446609,372864000,0.511693,0.627043,15.999984
0.004284,16.0,0.313386,1047.5985073849158,58.302795,-259.730377,-72.981697,-258.960815,4642.769043,62246.3125,-72.707085,1.846807,0.001339,0.19361,3.808683,0.024659,0.097054,0.11534,3722.17334,0.053728,1.894623,0.018429,0.047973,0.018613,0.001093,6028.046101486683,-457.271881,-11681.285156,1466.21936,-1.234078,-6.068604,-258.582947,-72.632538,-126.902,-255.999969,129.097534,0.0,58.035362,-259.730377,-72.707138,373248000,0.510587,0.598013,15.99999
0.004203,16.0,0.18912,1049.314579468148,58.818485,-259.61853,-72.848091,-258.848145,4602.127441,61663.285156,-72.623909,1.778015,0.001341,0.197725,3.805436,0.02475,0.097906,0.115989,3716.124268,0.053027,1.821973,0.018506,0.048176,0.018692,0.001098,6034.149858327707,-458.023407,-11728.069336,1419.50354,-1.234763,-6.058606,-258.478638,-72.533401,-126.895706,-256.0,129.103973,0.0,58.560951,-259.618835,-72.624138,373632000,0.512427,0.625304,15.999965
0.004269,16.0,0.197041,1048.358391920977,58.22942,-259.328705,-72.328522,-258.524597,4676.473145,62537.261719,-72.083893,1.532923,0.001291,0.190123,3.761587,0.024699,0.097123,0.11439,3674.786377,0.050402,0.885128,0.018017,0.047006,0.018184,0.001081,6040.259123607477,-462.190247,-11844.313477,1368.227295,-1.241902,-6.096728,-258.145447,-71.977715,-127.503876,-255.999969,128.49588,0.0,57.952267,-259.328583,-72.084106,374016000,0.50801,0.620327,15.999966
0.004148,16.0,0.217527,935.8975304275032,58.143345,-259.522278,-72.507149,-258.742645,4646.306641,62199.558594,-72.259354,1.762829,0.00131,0.198722,3.813504,0.024446,0.09623,0.115365,3710.071045,0.05333,1.880721,0.018567,0.048342,0.018757,0.001102,6047.101969043414,-457.989441,-11715.376953,1438.713867,-1.233626,-6.063708,-258.375885,-72.16774,-126.960892,-256.0,129.038849,0.0,57.870968,-259.52182,-72.259132,374400000,0.509891,0.614602,15.999965
0.004271,16.0,0.18398,1048.1734386183489,57.752522,-259.097717,-72.277626,-258.317261,4683.613281,62577.835938,-72.003334,1.746214,0.001364,0.200729,3.872023,0.024751,0.097318,0.116636,3748.353271,0.052965,1.690412,0.018848,0.049054,0.019055,0.001115,6053.212309948603,-457.920837,-11728.686523,1435.188843,-1.214494,-6.056435,-257.948578,-71.929405,-127.059364,-256.0,128.940399,0.0,57.4716,-259.098053,-72.003189,374784000,0.513522,0.60823,15.999964
0.004041,16.0,0.125319,1048.7800935621265,58.350025,-258.49704,-72.280617,-257.716736,4663.890625,62174.808594,-72.016708,1.771994,0.001326,0.202235,3.830103,0.024677,0.095312,0.115988,3748.48999,0.052068,1.876387,0.018769,0.048903,0.018972,0.001116,6059.319230826696,-458.517365,-11748.529297,1418.40686,-1.223588,-6.051255,-257.339294,-71.935211,-127.084145,-255.999969,128.915604,0.0,58.0816,-258.496674,-72.016808,375168000,0.515794,0.605307,15.999986
0.003949,16.0,0.058466,1048.1330873442262,57.561375,-258.934235,-72.116264,-258.142517,4676.733398,62431.144531,-71.88591,1.549663,0.001336,0.201649,3.817258,0.024667,0.097091,0.116502,3737.33667,0.053663,0.879337,0.01856,0.048305,0.018754,0.001099,6065.429815173149,-461.408508,-11807.107422,1378.725342,-1.227574,-6.066696,-257.771423,-71.792664,-127.24469,-256.0,128.755035,0.0,57.272987,-258.934601,-71.885666,375552000,0.512986,0.615105,15.999969
0.003916,16.0,0.006418,1049.2837911022762,56.282089,-258.562195,-71.613815,-257.762177,4669.368652,62195.96875,-71.370918,1.657143,0.001262,0.202204,3.786321,0.024629,0.098011,0.116855,3701.289062,0.050652,1.628834,0.018126,0.047262,0.018299,0.001084,6071.533795464039,-459.791901,-11821.616211,1395.736694,-1.226295,-6.086404,-257.373169,-71.276169,-127.575401,-255.999969,128.424286,0.0,55.968121,-258.56189,-71.371002,375936000,0.510113,0.599728,15.999984
0.003974,16.0,0.153123,1048.0318851802992,56.994556,-258.869141,-71.882614,-258.095673,4657.804688,62144.144531,-71.622261,1.728237,0.001314,0.207334,3.820648,0.024602,0.099199,0.116618,3745.736572,0.055117,1.670574,0.018795,0.048881,0.018995,0.001109,6077.644918000698,-459.173676,-11753.226562,1424.523926,-1.225943,-6.05511,-257.717194,-71.529953,-127.185654,-256.0,128.814056,0.0,56.696045,-258.868347,-71.622108,376320000,0.511542,0.60605,15.999993
0.004089,16.0,0.116796,1048.2656962922813,56.642982,-258.581573,-72.027237,-257.792847,4674.596191,62311.898438,-71.761444,1.700383,0.001317,0.206581,3.826185,0.024843,0.099415,0.116511,3744.820557,0.05492,1.645749,0.01874,0.048728,0.018939,0.001105,6083.754927277565,-459.287903,-11769.466797,1400.386963,-1.226882,-6.047633,-257.429413,-71.670525,-127.105583,-255.999969,128.894058,0.0,56.338604,-258.581421,-71.76136,376704000,0.515582,0.606637,15.999975
0.0041,16.0,0.050289,1048.837570940177,56.993862,-258.36792,-72.276413,-257.586273,4694.581055,62552.941406,-72.039871,1.553753,0.00132,0.205512,3.816242,0.025219,0.100882,0.116317,3761.512207,0.053504,0.874644,0.018798,0.048856,0.018994,0.001106,6089.86149687767,-462.036926,-11801.639648,1362.466675,-1.232209,-6.045694,-257.213898,-71.941338,-127.020866,-256.0,128.978912,0.0,56.693806,-258.368408,-72.040001,377088000,0.517147,0.622894,15.99999
0.004428,16.0,0.153742,1048.7717652671636,56.347958,-258.31665,-71.625008,-257.546539,4679.04248,62276.597656,-71.379494,1.661999,0.001251,0.198432,3.770906,0.025039,0.100683,0.115657,3682.090332,0.052315,1.83825,0.018133,0.047178,0.018306,0.001074,6095.968396782875,-461.32428,-11792.985352,1421.260986,-1.238103,-6.085925,-257.123779,-71.271446,-127.529373,-255.999969,128.470474,0.0,56.03339,-258.316437,-71.37928,377472000,0.508646,0.602304,16.000006
0.004348,16.0,0.173931,1047.9640394887895,57.110558,-258.983246,-72.568085,-258.200592,4693.285645,62706.457031,-72.290863,1.568315,0.001354,0.204697,3.808799,0.025218,0.101047,0.115685,3744.468994,0.055292,0.903174,0.019074,0.04955,0.01928,0.00112,6102.080012091001,-460.906738,-11750.330078,1410.672852,-1.229826,-6.035938,-257.850403,-72.208138,-127.000999,-255.999969,128.998596,0.0,56.814735,-258.983093,-72.291039,377856000,0.517822,0.606772,16.000006
0.003971,16.0,0.087295,1048.8188145292338,56.55294,-258.743774,-72.30806,-257.989441,4721.653809,63012.890625,-72.064934,1.758816,0.001364,0.199777,3.788239,0.025277,0.101439,0.115713,3713.20874,0.054426,1.900619,0.019006,0.049427,0.01921,0.001121,6108.186636424065,-458.979218,-11691.763672,1468.512817,-1.241085,-6.036822,-257.607971,-71.969185,-127.012756,-255.999969,128.986908,0.0,56.247181,-258.74472,-72.064873,378240000,0.512971,0.599856,16.000023
0.004264,16.0,0.021275,1048.7071525727645,56.751801,-258.825195,-72.47319,-258.064606,4738.802734,63274.765625,-72.238777,1.754473,0.00133,0.198357,3.780912,0.025272,0.100807,0.115348,3705.599609,0.053327,1.842729,0.019026,0.049439,0.019228,0.001118,6114.29389026165,-459.594543,-11733.536133,1426.406494,-1.242367,-6.038549,-257.690643,-72.137741,-127.003235,-255.999969,128.996506,0.0,56.449928,-258.824951,-72.238869,378624000,0.509632,0.615101,16.000021
0.004286,16.0,0.121294,1046.8040687555026,56.032829,-258.316071,-72.051758,-257.514771,4782.79248,63692.210938,-71.836479,1.520097,0.001257,0.190342,3.73529,0.02519,0.10068,0.114938,3659.018555,0.049869,0.851455,0.018597,0.048385,0.018783,0.0011,6120.41223136584,-463.83194,-11837.935547,1385.595703,-1.241881,-6.070519,-257.14093,-71.726334,-127.596893,-256.0,128.402802,0.0,55.709625,-258.316071,-71.836327,379008000,0.504997,0.618044,16.000031
0.004236,16.0,0.231489,1048.8822223939867,58.121746,-258.817383,-71.798622,-258.045929,4727.302246,63054.46875,-71.546616,1.755395,0.001249,0.196018,3.774209,0.024778,0.098884,0.114805,3714.737549,0.052137,1.831233,0.019291,0.050102,0.019512,0.00113,6126.5185810407,-458.608612,-11709.206055,1461.546021,-1.227247,-6.025978,-257.696533,-71.454208,-127.121407,-256.0,128.878357,0.0,57.849552,-258.817108,-71.546463,379392000,0.507447,0.600464,16.000027
0.004212,16.0,0.151758,1048.3600078072457,59.110901,-258.444244,-71.595428,-257.683533,4750.150879,63257.066406,-71.366882,1.736479,0.00122,0.193882,3.763534,0.024473,0.097844,0.113691,3695.439209,0.053047,1.823149,0.019285,0.050003,0.019501,0.001122,6132.62797558705,-458.979675,-11699.861328,1452.633789,-1.231968,-6.028193,-257.31488,-71.264046,-126.934929,-255.999969,129.064835,0.0,58.85936,-258.444366,-71.366898,379776000,0.505829,0.604279,16.000002
0.004098,16.0,0.154892,1048.658156495168,58.602802,-258.071075,-71.501236,-257.281647,4770.478027,63422.566406,-71.275475,1.759124,0.00124,0.193796,3.760318,0.024687,0.097732,0.113929,3696.446289,0.051187,1.838885,0.019124,0.049627,0.019324,0.001118,6138.737615668773,-459.174927,-11728.306641,1424.747192,-1.229729,-6.025251,-256.935822,-71.171143,-126.938667,-256.0,129.061066,0.0,58.337662,-258.071045,-71.275528,380160000,0.507156,0.608046,16.00001
0.004154,16.0,0.185336,1048.1715859223252,56.98925,-257.839203,-71.426292,-257.062714,4764.816406,63287.8125,-71.187553,1.526818,0.001176,0.188357,3.717961,0.024726,0.098716,0.113518,3657.408691,0.049233,0.858062,0.018574,0.048291,0.018758,0.001096,6144.848028234641,-462.793335,-11831.763672,1383.798706,-1.234926,-6.060208,-256.667633,-71.082001,-127.527969,-256.0,128.47168,0.0,56.685833,-257.83963,-71.187622,380544000,0.499297,0.596511,16.00001
0.004279,16.0,0.132698,1048.9682492476252,56.559219,-257.611115,-71.634949,-256.822083,4701.17627,62401.417969,-71.384293,1.770512,0.001191,0.197736,3.783803,0.024572,0.096136,0.11312,3732.524658,0.049902,1.8064,0.019403,0.050259,0.019615,0.001124,6150.95380828778,-457.466858,-11729.910156,1423.605469,-1.217135,-6.019809,-256.470978,-71.289055,-126.960686,-255.999969,129.038956,0.0,56.255417,-257.611481,-71.384293,380928000,0.508969,0.620398,16.000013
0.003913,16.0,0.171626,1047.9162030317177,56.692837,-257.53009,-71.982735,-256.729889,4699.125488,62385.355469,-71.718826,1.82436,0.001202,0.196177,3.778337,0.024349,0.096931,0.113374,3717.973389,0.051277,1.859761,0.019213,0.049846,0.019421,0.001121,6157.065654035409,-458.025787,-11726.015625,1421.907104,-1.218571,-6.026542,-256.382507,-71.630074,-126.898613,-255.999969,129.10112,0.0,56.391548,-257.530304,-71.718582,381312000,0.506794,0.617582,15.999998
0.004138,16.0,0.016978,1049.0087973997913,57.259979,-257.366455,-72.059097,-256.583649,4723.971191,62687.816406,-71.813461,1.787262,0.001179,0.196108,3.779544,0.024293,0.0967,0.114055,3700.29541,0.049743,1.836898,0.018884,0.049024,0.019079,0.001106,6163.171255028248,-458.285828,-11759.365234,1403.295654,-1.221664,-6.042258,-256.199524,-71.725853,-127.04348,-255.999969,128.956146,0.0,56.969448,-257.366547,-71.813278,381696000,0.507443,0.612955,16.000011
0.004189,16.0,0.184326,1048.0826785372096,56.121326,-257.590302,-71.983459,-256.795837,4749.133301,63065.957031,-71.724236,1.540236,0.001138,0.192751,3.744158,0.02433,0.098054,0.113893,3660.750977,0.047327,0.869182,0.018288,0.047571,0.01846,0.001082,6169.282156435648,-462.734985,-11860.782227,1353.281372,-1.228229,-6.08179,-256.390503,-71.628189,-127.513069,-256.0,128.486588,0.0,55.801163,-257.590332,-71.724312,382080000,0.502022,0.613416,16.000011
0.003978,16.0,0.19095,1048.9886541070332,58.137093,-258.177612,-72.293419,-257.396362,4757.179199,63341.621094,-72.026878,1.769109,0.001206,0.201675,3.813437,0.024733,0.098105,0.115191,3715.753906,0.048321,1.833791,0.019035,0.049389,0.019235,0.001112,6175.387822663784,-458.510284,-11739.488281,1424.092041,-1.222119,-6.042076,-257.026855,-71.941032,-127.05085,-255.999969,128.948792,0.0,57.865864,-258.177307,-72.026741,382464000,0.506735,0.617057,16.000006
0.003853,16.0,0.103472,1048.5314681312998,58.455654,-258.562592,-72.629051,-257.787506,4734.085449,63161.285156,-72.357491,1.825696,0.001254,0.201715,3.819957,0.024644,0.100313,0.116611,3708.91333,0.052477,1.889169,0.019112,0.049646,0.019318,0.001122,6181.4961712797485,-458.159088,-11717.829102,1431.940796,-1.221393,-6.041958,-257.420624,-72.284721,-126.916229,-255.999969,129.083405,0.0,58.189854,-258.562042,-72.357445,382848000,0.506644,0.605706,16.000004
0.004063,16.0,0.08943,1047.6168651553742,58.534897,-258.484802,-72.455482,-257.69577,4731.25,63085.496094,-72.206108,1.8547,0.001257,0.199431,3.810458,0.024522,0.10027,0.116329,3668.005371,0.051429,1.876486,0.01895,0.049233,0.019147,0.001114,6187.609839300315,-458.72998,-11748.294922,1410.473267,-1.23025,-6.0488,-257.332703,-72.116814,-127.000572,-256.0,128.99913,0.0,58.270889,-258.485138,-72.206116,383232000,0.510468,0.615022,16.000017
0.004038,16.0,0.14122,1048.909094194225,57.174103,-258.041779,-72.582306,-257.22876,4764.495117,63430.335938,-72.343391,1.575588,0.001213,0.196888,3.773476,0.024492,0.100234,0.11652,3637.599854,0.050947,0.89019,0.018371,0.047853,0.018553,0.001093,6193.715889330705,-462.097076,-11855.057617,1360.366943,-1.234932,-6.08288,-256.847656,-72.245003,-127.533287,-256.0,128.4664,0.0,56.875141,-258.04129,-72.343575,383616000,0.50639,0.629245,15.999986
0.003844,16.0,0.204774,913.3951076437121,57.509979,-258.257446,-72.402054,-257.477234,4723.798828,62925.910156,-72.148987,1.838114,0.001299,0.20294,3.833244,0.024604,0.101722,0.116897,3700.737305,0.05229,1.930837,0.019345,0.050209,0.01956,0.00113,6200.727372431755,-456.835022,-11720.838867,1430.146484,-1.226089,-6.035164,-257.110962,-72.065536,-126.94146,-255.999969,129.058105,0.0,57.225567,-258.257416,-72.148827,384000000,0.517022,0.609166,15.999996
